label,seed,total_cost_eur,wage_cost_eur,fuel_cost_eur,downtime_cost_eur,same_day_rate,total_disruptions,total_carryover,days_simulated,initial_overrides,replan_overrides
Myopic (centrality),1,38243.578125,21198.91796875,1069.0161,15975.638671875,68.4564,149,47,38,0,0
Myopic (centrality),10,39811.07421875,22233.564453125,1193.5075,16383.998046875,67.8788,165,53,40,0,0
Myopic (centrality),100,35511.8359375,21224.572265625,1124.2559,13162.9951171875,67.8322,143,46,38,0,0
Myopic (centrality),101,36160.046875,21536.857421875,1136.6417,13486.5517578125,71.4286,161,46,39,0,0
Myopic (centrality),102,33614.21875,21215.865234375,1078.3114,11320.0400390625,67.3759,141,46,38,0,0
Myopic (centrality),103,38289.1484375,21100.482421875,1170.9074,16017.767578125,65.9864,147,50,38,0,0
Myopic (centrality),104,36869.52734375,22139.865234375,1168.0382,13561.6259765625,70.2532,158,47,40,0,0
Myopic (centrality),105,40727.2265625,22829.736328125,1275.3725,16622.126953125,66.2857,175,59,41,0,0
Myopic (centrality),106,41081.08984375,21954.73828125,1109.9576,18016.39453125,71.3415,164,47,40,0,0
Myopic (centrality),107,47200.20703125,23097.16796875,1228.3741,22874.67578125,65.0273,183,64,42,0,0
Myopic (centrality),108,36786.8984375,21458.919921875,1155.1207,14172.8603515625,61.643800000000006,146,56,39,0,0
Myopic (centrality),109,33029.95703125,21069.771484375,1031.909,10928.271484375,73.4694,147,39,38,0,0
Myopic (centrality),11,43500.921875,23840.384765625,1265.4524,18395.07421875,63.101600000000005,187,69,43,0,0
Myopic (centrality),110,37455.16796875,21039.05859375,1160.4156,15255.6845703125,66.9014,142,47,38,0,0
Myopic (centrality),111,40116.34375,22923.375,1191.6663,16001.3037109375,72.06700000000001,179,50,41,0,0
Myopic (centrality),112,40004.5078125,22800.326171875,1271.6788,15932.501953125,64.1176,170,61,41,0,0
Myopic (centrality),113,38474.84375,22256.376953125,1150.9948,15067.4716796875,70.7602,171,50,40,0,0
Myopic (centrality),114,41229.05859375,22537.16796875,1154.8482,17537.044921875,66.8605,172,57,41,0,0
Myopic (centrality),115,42803.94140625,22726.513671875,1111.5647,18965.86328125,65.7303,178,61,41,0,0
Myopic (centrality),116,41630.0546875,21789.48828125,1162.1792,18678.388671875,63.871,155,56,39,0,0
Myopic (centrality),117,39045.60546875,21677.310546875,1217.0125,16151.28515625,68.4211,152,48,39,0,0
Myopic (centrality),118,41124.8125,23392.9453125,1295.8908,16435.978515625,67.033,182,60,42,0,0
Myopic (centrality),119,31003.650390625,19517.052734375,950.9689,10535.6259765625,70.339,118,35,35,0,0
Myopic (centrality),12,36036.1484375,21497.9921875,1134.2703,13403.8837890625,71.5232,151,43,39,0,0
Myopic (centrality),120,35603.7578125,21090.65234375,1048.6113,13464.494140625,70.068,147,44,38,0,0
Myopic (centrality),121,34758.36328125,20021.154296875,984.2705,13752.9404296875,63.7795,127,46,36,0,0
Myopic (centrality),122,41494.5078125,21386.505859375,1180.1737,18927.822265625,72.3404,141,39,39,0,0
Myopic (centrality),123,38813.2265625,21725.01953125,1160.2799,15927.9296875,64.9007,151,53,39,0,0
Myopic (centrality),124,40426.49609375,22029.923828125,1222.2635,17174.3046875,66.875,160,53,40,0,0
Myopic (centrality),125,42556.55859375,23091.22265625,1238.9388,18226.396484375,66.85079999999999,181,60,42,0,0
Myopic (centrality),126,38036.44921875,20703.666015625,1110.9052,16221.8779296875,72.2628,137,38,37,0,0
Myopic (centrality),127,37911.35546875,22040.921875,1167.5756,14702.8525390625,70.625,160,47,40,0,0
Myopic (centrality),128,36535.9765625,22745.859375,1220.6589,12569.4638671875,72.9885,174,47,41,0,0
Myopic (centrality),129,35825.4140625,22516.482421875,1147.2577,12161.6748046875,66.6667,165,55,41,0,0
Myopic (centrality),13,41724.88671875,22847.28125,1135.2485,17742.35546875,64.94250000000001,174,61,41,0,0
Myopic (centrality),130,43016.91015625,23241.091796875,1273.4783,18502.326171875,70.3911,179,53,42,0,0
Myopic (centrality),131,54473.7265625,23753.01171875,1315.8217,29404.8984375,60.5128,195,77,43,0,0
Myopic (centrality),132,35363.87890625,21587.3046875,1135.4198,12641.1484375,73.5484,155,41,39,0,0
Myopic (centrality),133,36599.32421875,22101.361328125,1150.0097,13347.953125,70.32260000000001,155,46,40,0,0
Myopic (centrality),134,54862.71875,24706.634765625,1291.5176,28864.580078125,62.068999999999996,203,77,45,0,0
Myopic (centrality),135,38631.23828125,21636.998046875,1165.3875,15828.857421875,67.3333,150,49,39,0,0
Myopic (centrality),136,47800.48828125,21457.814453125,1092.6731,25250.001953125,62.9139,151,56,39,0,0
Myopic (centrality),137,37201.41015625,21717.021484375,1126.8625,14357.5234375,65.1613,155,54,39,0,0
Myopic (centrality),138,32921.57421875,20049.232421875,1031.9487,11840.3955078125,70.3125,128,38,36,0,0
Myopic (centrality),139,38245.890625,21759.408203125,1189.7982,15296.6923828125,64.5161,155,55,39,0,0
Myopic (centrality),14,40152.265625,21619.53125,1074.4312,17458.298828125,72.1519,158,44,39,0,0
Myopic (centrality),140,41979.50390625,22109.080078125,1142.273,18728.1484375,70.2381,168,50,40,0,0
Myopic (centrality),141,48609.33203125,22904.37890625,1219.819,24485.130859375,69.6133,181,55,41,0,0
Myopic (centrality),142,35461.37109375,21525.552734375,1147.5564,12788.2607421875,70.6667,150,44,39,0,0
Myopic (centrality),143,48651.0078125,22722.494140625,1205.0155,24723.4921875,62.573100000000004,171,64,41,0,0
Myopic (centrality),144,33659.0703125,20617.30078125,1037.2064,12004.560546875,73.0496,141,38,37,0,0
Myopic (centrality),145,50460.48046875,21742.177734375,1062.6863,27655.619140625,55.555600000000005,162,72,39,0,0
Myopic (centrality),146,40002.56640625,22779.521484375,1268.3994,15954.6484375,68.0,175,56,41,0,0
Myopic (centrality),147,40867.296875,21744.048828125,1102.3581,18020.8828125,66.0256,156,53,39,0,0
Myopic (centrality),148,42579.51171875,22593.259765625,1158.5918,18827.66015625,59.7561,164,66,41,0,0
Myopic (centrality),149,43845.30078125,22457.455078125,1167.7507,20220.095703125,63.5294,170,62,41,0,0
Myopic (centrality),15,35896.38671875,21107.4375,1095.47,13693.4833984375,67.6056,142,46,38,0,0
Myopic (centrality),150,42947.03515625,23812.66796875,1243.9247,17890.4453125,65.7895,190,65,43,0,0
Myopic (centrality),151,42435.69921875,22502.701171875,1150.8674,18782.12109375,66.092,174,59,41,0,0
Myopic (centrality),152,38149.03125,21784.671875,1181.2588,15183.095703125,65.8385,161,55,39,0,0
Myopic (centrality),153,34819.0,21019.3359375,1209.7336,12589.9208984375,71.5278,144,41,38,0,0
Myopic (centrality),154,32916.69921875,20104.2890625,1057.3225,11755.08203125,62.3077,130,49,36,0,0
Myopic (centrality),155,38928.31640625,22871.06640625,1188.4477,14868.796875,67.8571,168,54,41,0,0
Myopic (centrality),156,41490.69921875,22051.111328125,1179.8569,18259.734375,68.94409999999999,161,50,40,0,0
Myopic (centrality),157,33604.359375,20534.99609375,1099.2492,11970.12109375,67.6923,130,42,37,0,0
Myopic (centrality),158,41391.75,22224.669921875,1161.7954,18005.283203125,65.4321,162,56,40,0,0
Myopic (centrality),159,35376.3046875,21595.931640625,1186.9462,12593.4248046875,68.2119,151,48,39,0,0
Myopic (centrality),16,45949.3046875,23323.595703125,1234.859,21390.841796875,61.326,181,70,42,0,0
Myopic (centrality),160,37366.95703125,21482.3046875,1157.4592,14727.197265625,70.32260000000001,155,46,39,0,0
Myopic (centrality),161,38634.4140625,21021.14453125,1119.756,16493.515625,68.5315,143,45,38,0,0
Myopic (centrality),162,31178.271484375,19521.22265625,949.3412,10707.7060546875,73.3871,124,33,35,0,0
Myopic (centrality),163,32096.8515625,20610.5078125,1074.2659,10412.0751953125,68.6131,137,43,37,0,0
Myopic (centrality),164,43677.7265625,23289.486328125,1209.0282,19179.212890625,67.0213,188,62,42,0,0
Myopic (centrality),165,44575.77734375,23744.005859375,1256.9284,19574.841796875,67.7419,186,60,43,0,0
Myopic (centrality),166,45474.88671875,24285.91015625,1334.5371,19854.4375,64.1414,198,71,44,0,0
Myopic (centrality),167,43568.50390625,23406.349609375,1282.155,18880.00390625,71.4286,182,52,42,0,0
Myopic (centrality),168,38184.265625,21906.634765625,1174.3196,15103.302734375,71.97449999999999,157,44,40,0,0
Myopic (centrality),169,40274.5,21808.939453125,1157.7951,17307.755859375,67.90119999999999,162,52,39,0,0
Myopic (centrality),17,42721.03125,22216.40234375,1103.6307,19400.998046875,67.2619,168,55,40,0,0
Myopic (centrality),170,41424.14453125,23643.099609375,1266.5607,16514.482421875,64.9215,191,67,43,0,0
Myopic (centrality),171,37365.58984375,22011.30859375,1170.1931,14184.0849609375,68.7898,157,49,40,0,0
Myopic (centrality),172,35256.77734375,22025.40625,1203.1122,12028.259765625,75.625,160,39,40,0,0
Myopic (centrality),173,32999.41796875,20480.041015625,1113.416,11405.95703125,71.7557,131,37,37,0,0
Myopic (centrality),174,38676.08984375,22323.66796875,1129.9642,15222.4609375,70.4819,166,49,40,0,0
Myopic (centrality),175,40108.45703125,22552.306640625,1200.28,16355.8720703125,68.2353,170,54,41,0,0
Myopic (centrality),176,48046.21875,22955.43359375,1139.9324,23950.853515625,63.4286,175,64,41,0,0
Myopic (centrality),177,40175.06640625,23119.189453125,1265.9159,15789.962890625,69.6133,181,55,42,0,0
Myopic (centrality),178,47029.0078125,23201.427734375,1223.1352,22604.443359375,68.15639999999999,179,57,42,0,0
Myopic (centrality),179,45600.17578125,21750.259765625,1144.0708,22705.845703125,61.5385,156,60,39,0,0
Myopic (centrality),18,43967.6328125,22704.54296875,1235.1827,20027.90625,64.7059,170,60,41,0,0
Myopic (centrality),180,41586.4375,23116.796875,1272.7637,17196.876953125,71.2707,181,52,42,0,0
Myopic (centrality),181,41637.328125,22523.099609375,1226.2993,17887.927734375,64.0449,178,64,41,0,0
Myopic (centrality),182,40482.359375,22065.345703125,1154.853,17262.162109375,66.25,160,54,40,0,0
Myopic (centrality),183,46494.36328125,22841.1640625,1209.7631,22443.427734375,64.2458,179,64,41,0,0
Myopic (centrality),184,37616.734375,21117.55859375,1058.3659,15440.8125,63.9456,147,53,38,0,0
Myopic (centrality),185,38253.20703125,21346.634765625,1118.9751,15787.5986328125,65.54050000000001,148,51,39,0,0
Myopic (centrality),186,40171.078125,21459.244140625,1172.834,17539.0,66.6667,147,49,39,0,0
Myopic (centrality),187,50736.69921875,23851.611328125,1268.9033,25616.181640625,62.5641,195,73,43,0,0
Myopic (centrality),188,34952.25,20103.568359375,1083.9007,13764.78125,65.6489,131,45,36,0,0
Myopic (centrality),189,34633.2578125,21468.3828125,1133.4793,12031.3994140625,70.8609,151,44,39,0,0
Myopic (centrality),19,44106.19921875,21950.771484375,1079.3883,21076.0234375,58.682599999999994,167,69,40,0,0
Myopic (centrality),190,35150.734375,21680.39453125,1179.506,12290.82421875,70.7792,154,45,39,0,0
Myopic (centrality),191,41443.65234375,23074.703125,1183.376,17185.5703125,73.0337,178,48,42,0,0
Myopic (centrality),192,40080.390625,22815.8828125,1225.5644,16038.947265625,70.7602,171,50,41,0,0
Myopic (centrality),193,36848.5078125,21732.060546875,1155.4547,13960.982421875,66.6667,150,50,39,0,0
Myopic (centrality),194,45420.74609375,23083.251953125,1241.1911,21096.296875,66.8571,175,58,42,0,0
Myopic (centrality),195,36640.41015625,21252.111328125,1150.4717,14237.8203125,75.1678,149,37,38,0,0
Myopic (centrality),196,42672.2734375,22806.166015625,1242.1161,18623.994140625,66.0819,171,58,41,0,0
Myopic (centrality),197,36943.56640625,22458.439453125,1201.9364,13283.181640625,76.7857,168,39,41,0,0
Myopic (centrality),198,40860.9375,23424.71484375,1265.2217,16171.0078125,67.3913,184,60,42,0,0
Myopic (centrality),199,47958.07421875,23819.919921875,1248.7685,22889.375,65.1741,201,70,43,0,0
Myopic (centrality),2,38713.2109375,22284.62109375,1195.8035,15232.7841796875,75.4491,167,41,40,0,0
Myopic (centrality),20,31713.47265625,20605.12890625,1041.8177,10066.5244140625,72.2628,137,38,37,0,0
Myopic (centrality),200,42045.34765625,22349.740234375,1212.4124,18483.19921875,66.0494,162,55,40,0,0
Myopic (centrality),201,40400.99609375,21696.556640625,1173.6558,17530.77734375,66.4474,152,51,39,0,0
Myopic (centrality),202,37168.4140625,21116.94140625,1097.9582,14953.513671875,69.9301,143,43,38,0,0
Myopic (centrality),203,44587.55859375,20968.279296875,1069.46,22549.83203125,58.865199999999994,141,58,38,0,0
Myopic (centrality),204,39721.25390625,21906.634765625,1212.6309,16601.986328125,61.8421,152,58,40,0,0
Myopic (centrality),205,44371.84375,22702.169921875,1207.0591,20462.6171875,62.427699999999994,173,65,41,0,0
Myopic (centrality),206,36493.08203125,20975.5234375,1085.12,14432.43359375,65.7718,149,51,38,0,0
Myopic (centrality),207,40031.53515625,22266.91796875,1231.3639,16533.25390625,63.69050000000001,168,61,40,0,0
Myopic (centrality),208,41893.06640625,21232.130859375,1052.872,19608.05859375,67.5676,148,48,38,0,0
Myopic (centrality),209,39987.2109375,21906.634765625,1179.2703,16901.302734375,62.658199999999994,158,59,40,0,0
Myopic (centrality),21,46618.30078125,23268.748046875,1241.3573,22108.19140625,64.67389999999999,184,65,42,0,0
Myopic (centrality),210,37884.19921875,20559.0625,1042.0935,16283.044921875,69.0141,142,44,37,0,0
Myopic (centrality),211,42061.43359375,21021.9140625,1140.4889,19899.033203125,67.14290000000001,140,46,38,0,0
Myopic (centrality),212,36881.19140625,20419.154296875,1074.3324,15387.70703125,66.6667,132,44,37,0,0
Myopic (centrality),213,36776.390625,21436.494140625,1101.7188,14238.1796875,69.0323,155,48,39,0,0
Myopic (centrality),214,46710.8671875,22523.275390625,1177.2977,23010.302734375,63.6364,176,64,41,0,0
Myopic (centrality),215,40539.5703125,22093.06640625,1211.276,17235.228515625,71.9512,164,46,40,0,0
Myopic (centrality),216,40068.421875,22702.666015625,1180.5424,16185.2177734375,69.59060000000001,171,52,41,0,0
Myopic (centrality),217,36003.5234375,21031.197265625,1096.6736,13875.6611328125,66.6667,141,47,38,0,0
Myopic (centrality),218,42166.29296875,21221.6171875,1067.3717,19877.296875,63.3333,150,55,38,0,0
Myopic (centrality),219,41145.31640625,22466.634765625,1249.8519,17428.826171875,66.6667,165,55,41,0,0
Myopic (centrality),22,43283.84765625,23288.37109375,1289.2735,18706.203125,67.2131,183,60,42,0,0
Myopic (centrality),220,41249.50390625,22069.345703125,1137.4869,18042.68359375,72.7273,165,45,40,0,0
Myopic (centrality),221,42259.98828125,23064.6484375,1175.7901,18019.546875,65.1429,175,61,42,0,0
Myopic (centrality),222,32486.3515625,19995.55078125,1002.3411,11488.4580078125,63.49209999999999,126,46,36,0,0
Myopic (centrality),223,41571.44140625,21527.9140625,1086.7771,18956.75,59.47710000000001,153,62,39,0,0
Myopic (centrality),224,43500.77734375,22884.626953125,1199.1989,19416.947265625,61.4525,179,69,41,0,0
Myopic (centrality),225,53890.18359375,21719.01953125,1147.4843,31023.669921875,55.9006,161,71,39,0,0
Myopic (centrality),226,35906.19921875,20985.685546875,1052.3182,13868.2001953125,70.068,147,44,38,0,0
Myopic (centrality),227,37976.76953125,22273.431640625,1088.9649,14614.369140625,72.09299999999999,172,48,40,0,0
Myopic (centrality),228,35554.4765625,22643.052734375,1201.4766,11709.9384765625,71.51520000000001,165,47,41,0,0
Myopic (centrality),229,33187.55078125,19778.197265625,1021.7607,12387.5947265625,63.1148,122,45,36,0,0
Myopic (centrality),23,41272.078125,22296.763671875,1145.0617,17830.25,62.4242,165,62,40,0,0
Myopic (centrality),230,46379.4296875,25147.564453125,1395.8118,19836.048828125,68.7204,211,66,45,0,0
Myopic (centrality),231,40099.9453125,23653.119140625,1335.1216,15111.7021484375,65.5738,183,63,43,0,0
Myopic (centrality),232,47499.08203125,23661.2265625,1234.0533,22603.798828125,71.875,192,54,43,0,0
Myopic (centrality),233,37207.60546875,21019.849609375,1135.3255,15052.431640625,67.8082,146,47,38,0,0
Myopic (centrality),234,49691.11328125,23625.048828125,1263.385,24802.67578125,65.2174,184,64,43,0,0
Myopic (centrality),235,51539.96484375,23866.3671875,1274.152,26399.4453125,66.6667,198,66,43,0,0
Myopic (centrality),236,37388.20703125,21743.697265625,1129.7815,14514.7275390625,68.5897,156,49,39,0,0
Myopic (centrality),237,37860.125,21491.193359375,1144.3917,15224.533203125,74.1935,155,40,39,0,0
Myopic (centrality),238,41361.46875,21222.67578125,1084.8339,19053.958984375,67.5497,151,49,38,0,0
Myopic (centrality),239,36406.921875,21009.8671875,1133.9979,14263.044921875,69.2308,143,44,38,0,0
Myopic (centrality),24,39558.921875,23211.13671875,1346.5958,15001.1875,69.3989,183,56,42,0,0
Myopic (centrality),240,35096.34765625,20606.076171875,1080.3306,13409.9384765625,68.6131,137,43,37,0,0
Myopic (centrality),241,36114.06640625,21612.900390625,1138.1894,13362.970703125,71.7105,152,43,39,0,0
Myopic (centrality),242,39988.90625,22083.48828125,1155.598,16749.810546875,66.0714,168,57,40,0,0
Myopic (centrality),243,54745.84765625,25120.4921875,1357.7455,28267.60546875,62.037,216,82,45,0,0
Myopic (centrality),244,43518.73828125,23507.03515625,1201.2517,18810.44921875,64.21050000000001,190,68,42,0,0
Myopic (centrality),245,35377.2890625,20343.955078125,1032.9829,14000.3515625,67.8832,137,44,37,0,0
Myopic (centrality),246,42338.09765625,22847.087890625,1195.0621,18295.947265625,64.7059,170,60,41,0,0
Myopic (centrality),247,40037.1015625,22351.3125,1136.1571,16549.6328125,65.26950000000001,167,58,40,0,0
Myopic (centrality),248,48024.7421875,24289.7265625,1342.7113,22392.306640625,59.5855,193,78,44,0,0
Myopic (centrality),249,39942.75,22057.056640625,1230.0995,16655.603515625,61.818200000000004,165,63,40,0,0
Myopic (centrality),25,40073.51171875,21571.931640625,1071.6057,17429.9765625,60.897400000000005,156,61,39,0,0
Myopic (centrality),250,33338.22265625,20432.2109375,1029.6808,11876.330078125,80.14179999999999,141,28,37,0,0
Myopic (centrality),251,38203.71875,21722.21484375,1200.9763,15280.53125,66.0256,156,53,39,0,0
Myopic (centrality),252,44140.8125,23468.14453125,1326.2242,19346.431640625,66.1111,180,61,42,0,0
Myopic (centrality),253,38602.77734375,21724.888671875,1147.5256,15730.365234375,72.0779,154,43,39,0,0
Myopic (centrality),254,38390.890625,22146.23046875,1217.6302,15027.025390625,67.7215,158,51,40,0,0
Myopic (centrality),255,36457.33203125,21508.767578125,1107.7361,13840.8271484375,70.7792,154,45,39,0,0
Myopic (centrality),256,46508.74609375,22514.908203125,1207.1404,22786.70703125,68.9024,164,51,41,0,0
Myopic (centrality),257,38070.88671875,22654.1640625,1199.3702,14217.34375,68.3908,174,55,41,0,0
Myopic (centrality),258,43571.0,22195.41796875,1143.0959,20232.494140625,66.6667,168,56,40,0,0
Myopic (centrality),259,48408.65234375,22734.419921875,1230.0329,24444.19921875,63.218399999999995,174,64,41,0,0
Myopic (centrality),26,38862.4140625,22146.728515625,1141.2678,15574.41796875,64.45779999999999,166,59,40,0,0
Myopic (centrality),260,40957.97265625,22906.978515625,1253.273,16797.7265625,69.2308,182,56,41,0,0
Myopic (centrality),261,44015.171875,23737.6328125,1346.8479,18930.6875,68.9474,190,59,43,0,0
Myopic (centrality),262,43446.47265625,22689.228515625,1177.32,19579.92578125,65.896,173,59,41,0,0
Myopic (centrality),263,41683.625,22680.01171875,1254.445,17749.166015625,67.2515,171,56,41,0,0
Myopic (centrality),264,46785.1015625,23229.1171875,1289.7783,22266.208984375,67.2222,180,59,42,0,0
Myopic (centrality),265,43469.515625,22217.1640625,1177.8222,20074.53125,66.8675,166,55,40,0,0
Myopic (centrality),266,32890.34765625,20937.15625,1098.3535,10854.837890625,70.34479999999999,145,43,38,0,0
Myopic (centrality),267,44641.8515625,23979.623046875,1331.4361,19330.796875,65.6085,189,65,43,0,0
Myopic (centrality),268,45433.140625,24854.3046875,1341.1862,19237.65234375,69.2308,208,64,45,0,0
Myopic (centrality),269,35286.31640625,21489.578125,1107.9319,12688.8056640625,76.1589,151,36,39,0,0
Myopic (centrality),27,39670.38671875,22185.27734375,1195.6267,16289.48046875,63.74999999999999,160,58,40,0,0
Myopic (centrality),270,39516.05078125,22247.8671875,1156.4002,16111.7841796875,70.0599,167,50,40,0,0
Myopic (centrality),271,39497.16015625,22580.63671875,1157.3638,15759.150390625,69.59060000000001,171,52,41,0,0
Myopic (centrality),272,39934.15234375,21777.966796875,1158.4762,16997.7109375,65.3595,153,53,39,0,0
Myopic (centrality),273,39520.67578125,21999.033203125,1084.6352,16436.998046875,69.6429,168,51,40,0,0
Myopic (centrality),274,40738.078125,22105.294921875,1199.0375,17433.74609375,67.0886,158,52,40,0,0
Myopic (centrality),275,43293.828125,22568.626953125,1257.9244,19467.263671875,69.7674,172,52,41,0,0
Myopic (centrality),276,39870.9140625,22124.6875,1148.5734,16597.65234375,63.4731,167,61,40,0,0
Myopic (centrality),277,35070.01953125,21337.455078125,1161.1787,12571.380859375,69.4805,154,47,39,0,0
Myopic (centrality),278,43393.640625,22112.50390625,1202.8971,20078.232421875,62.804899999999996,164,61,40,0,0
Myopic (centrality),279,41534.43359375,22241.630859375,1238.3499,18054.451171875,64.0244,164,59,40,0,0
Myopic (centrality),28,47471.59765625,23859.443359375,1290.7685,22321.380859375,60.6218,193,76,43,0,0
Myopic (centrality),280,53098.76953125,23904.419921875,1287.3756,27906.9765625,64.0625,192,69,43,0,0
Myopic (centrality),281,37701.6171875,21685.994140625,1171.5682,14844.05078125,66.01310000000001,153,52,39,0,0
Myopic (centrality),282,35453.2734375,20992.3984375,1063.8831,13396.9892578125,68.75,144,45,38,0,0
Myopic (centrality),283,38092.87890625,22185.892578125,1163.4007,14743.5810546875,72.02380000000001,168,47,40,0,0
Myopic (centrality),284,34768.16015625,20900.9921875,1055.3046,12811.8642578125,77.37230000000001,137,31,38,0,0
Myopic (centrality),285,38685.14453125,22188.091796875,1188.9455,15308.1103515625,70.6587,167,49,40,0,0
Myopic (centrality),286,33062.19140625,20577.513671875,1032.6338,11452.0498046875,66.1871,139,47,37,0,0
Myopic (centrality),287,42083.53515625,22096.076171875,1184.259,18803.203125,63.057300000000005,157,58,40,0,0
Myopic (centrality),288,47728.66796875,23224.14453125,1194.168,23310.36328125,57.954499999999996,176,74,42,0,0
Myopic (centrality),289,47620.5859375,24216.8125,1345.7706,22057.998046875,65.8031,193,66,44,0,0
Myopic (centrality),29,38297.484375,21734.95703125,1140.2026,15422.3212890625,68.6275,153,48,39,0,0
Myopic (centrality),290,50642.92578125,22554.37109375,1268.0087,26820.552734375,61.0778,167,65,41,0,0
Myopic (centrality),291,39443.42578125,22058.009765625,1178.2185,16207.201171875,61.6352,159,61,40,0,0
Myopic (centrality),292,43676.05859375,22602.53515625,1229.1879,19844.333984375,60.5882,170,67,41,0,0
Myopic (centrality),293,34139.20703125,20771.205078125,1074.0012,12294.001953125,69.5035,141,43,38,0,0
Myopic (centrality),294,46874.84765625,23822.1171875,1332.7588,21719.974609375,62.5668,187,70,43,0,0
Myopic (centrality),295,38164.6796875,21611.703125,1188.3724,15364.603515625,68.2119,151,48,39,0,0
Myopic (centrality),296,46067.1171875,22701.62109375,1220.2785,22145.21484375,63.4286,175,64,41,0,0
Myopic (centrality),297,41322.06640625,21649.005859375,1149.2056,18523.857421875,66.8831,154,51,39,0,0
Myopic (centrality),298,36857.40234375,19995.162109375,1086.4022,15775.8447265625,68.75,128,40,36,0,0
Myopic (centrality),299,41930.44140625,22799.0390625,1233.4286,17897.970703125,67.052,173,57,41,0,0
Myopic (centrality),3,44904.8203125,22898.19140625,1170.0403,20836.591796875,66.8571,175,58,41,0,0
Myopic (centrality),30,38054.27734375,21346.634765625,1153.8039,15553.833984375,71.0345,145,42,39,0,0
Myopic (centrality),300,37399.72265625,21550.673828125,1137.8737,14711.1748046875,65.3595,153,53,39,0,0
Myopic (centrality),301,39513.9609375,22335.017578125,1212.855,15966.0859375,67.46990000000001,166,54,40,0,0
Myopic (centrality),302,40716.22265625,21584.23046875,1057.9317,18074.0625,69.5652,161,49,39,0,0
Myopic (centrality),303,39369.04296875,22458.439453125,1166.2984,15744.3076171875,69.7674,172,52,41,0,0
Myopic (centrality),304,41575.07421875,23380.328125,1280.6241,16914.123046875,72.5389,193,53,42,0,0
Myopic (centrality),305,50285.40625,23726.35546875,1298.4137,25260.638671875,62.433899999999994,189,71,43,0,0
Myopic (centrality),306,48176.9609375,23431.61328125,1321.3541,23423.990234375,63.128499999999995,179,66,42,0,0
Myopic (centrality),307,50294.55078125,22658.74609375,1257.7474,26378.056640625,52.0,175,84,41,0,0
Myopic (centrality),308,37847.62890625,21048.197265625,1078.3087,15721.1181640625,68.91890000000001,148,46,38,0,0
Myopic (centrality),309,34593.01171875,20327.23828125,1036.8115,13228.958984375,68.6567,134,42,37,0,0
Myopic (centrality),31,36182.32421875,22183.03515625,1281.1468,12718.1435546875,75.90360000000001,166,40,40,0,0
Myopic (centrality),310,43534.4140625,23124.40234375,1218.5357,19191.482421875,67.4157,178,58,42,0,0
Myopic (centrality),311,46261.5703125,22762.091796875,1249.0065,22250.46875,68.78609999999999,173,54,41,0,0
Myopic (centrality),312,40180.61328125,21699.640625,1155.8498,17325.1171875,69.2308,156,48,39,0,0
Myopic (centrality),313,37750.9296875,21597.791015625,1159.647,14993.48046875,66.0256,156,53,39,0,0
Myopic (centrality),314,38116.3203125,21388.955078125,1072.0099,15655.3603515625,57.79220000000001,154,65,39,0,0
Myopic (centrality),315,38426.0,21098.904296875,1122.7334,16204.35546875,66.4336,143,48,38,0,0
Myopic (centrality),316,41971.8671875,22251.275390625,1259.5472,18461.037109375,64.81479999999999,162,57,40,0,0
Myopic (centrality),317,43310.125,23241.234375,1220.6821,18848.2109375,66.6667,186,62,42,0,0
Myopic (centrality),318,38534.83984375,22261.369140625,1140.3368,15133.1376953125,67.8788,165,53,40,0,0
Myopic (centrality),319,37517.4375,21541.31640625,1124.6781,14851.4384765625,73.4694,147,39,39,0,0
Myopic (centrality),32,51594.94140625,22770.12109375,1188.6335,27636.201171875,59.171600000000005,169,69,41,0,0
Myopic (centrality),320,33795.80078125,20664.76953125,1079.3932,12051.642578125,69.28569999999999,140,43,37,0,0
Myopic (centrality),321,36894.0390625,21680.009765625,1156.3686,14057.65625,71.1538,156,45,39,0,0
Myopic (centrality),322,43721.74609375,21217.275390625,1129.2905,21375.181640625,69.5035,141,43,38,0,0
Myopic (centrality),323,35181.25390625,22029.72265625,1169.9495,11981.5830078125,68.3871,155,49,40,0,0
Myopic (centrality),324,44632.48046875,22192.775390625,1173.9386,21265.765625,68.1529,157,50,40,0,0
Myopic (centrality),325,42023.84375,22314.970703125,1157.1188,18551.755859375,70.8075,161,47,40,0,0
Myopic (centrality),326,41537.0234375,23653.119140625,1358.0656,16525.8359375,70.8995,189,55,43,0,0
Myopic (centrality),327,40085.4453125,22264.6328125,1226.2992,16594.517578125,65.6627,166,57,40,0,0
Myopic (centrality),328,33042.390625,20426.578125,1063.6737,11552.1337890625,70.9924,131,38,37,0,0
Myopic (centrality),329,38586.92578125,21506.173828125,1165.7463,15914.9970703125,62.9139,151,56,39,0,0
Myopic (centrality),33,44508.1015625,22248.30078125,1213.382,21046.419921875,65.2439,164,57,40,0,0
Myopic (centrality),330,42458.58984375,22617.556640625,1253.0439,18587.982421875,60.9756,164,64,41,0,0
Myopic (centrality),331,44986.203125,22906.330078125,1241.239,20838.6328125,67.58239999999999,182,59,41,0,0
Myopic (centrality),332,35424.73046875,21676.123046875,1098.7949,12649.8095703125,71.6049,162,46,39,0,0
Myopic (centrality),333,40360.15625,21497.275390625,1131.6567,17731.21484375,66.2162,148,50,39,0,0
Myopic (centrality),334,39391.53125,21413.119140625,1191.4562,16786.9609375,69.281,153,47,39,0,0
Myopic (centrality),335,37244.65234375,22515.89453125,1229.1197,13499.6337890625,72.8916,166,45,41,0,0
Myopic (centrality),336,44257.74609375,23624.87109375,1309.0633,19323.81640625,67.9775,178,57,43,0,0
Myopic (centrality),337,40695.31640625,22275.5546875,1184.2542,17235.509765625,71.2575,167,48,40,0,0
Myopic (centrality),338,45195.91796875,23715.208984375,1297.2875,20183.4140625,68.984,187,58,43,0,0
Myopic (centrality),339,37413.22265625,21439.720703125,1196.6307,14776.8740234375,66.443,149,50,39,0,0
Myopic (centrality),34,39391.26953125,21906.634765625,1186.2239,16298.400390625,65.0307,163,57,40,0,0
Myopic (centrality),340,34302.51953125,19833.640625,1006.3754,13462.501953125,75.969,129,31,36,0,0
Myopic (centrality),341,34595.20703125,20439.14453125,1132.3502,13023.71484375,73.0769,130,35,37,0,0
Myopic (centrality),342,45120.46484375,23229.3671875,1282.7002,20608.392578125,66.6667,180,60,42,0,0
Myopic (centrality),343,41864.29296875,22646.927734375,1205.4217,18011.94921875,71.9298,171,48,41,0,0
Myopic (centrality),344,38599.30078125,22758.173828125,1244.5265,14596.603515625,70.1149,174,52,41,0,0
Myopic (centrality),345,39863.78125,21215.201171875,1143.2757,17505.30078125,65.9864,147,50,38,0,0
Myopic (centrality),346,39386.1640625,22162.068359375,1172.1875,16051.9091796875,63.372099999999996,172,63,40,0,0
Myopic (centrality),347,34260.8984375,20403.435546875,1054.7117,12802.7529296875,68.88889999999999,135,42,37,0,0
Myopic (centrality),348,41347.5703125,23196.1015625,1256.8859,16894.5859375,67.59779999999999,179,58,42,0,0
Myopic (centrality),349,45449.05859375,23953.50390625,1264.3566,20231.203125,68.6869,198,62,43,0,0
Myopic (centrality),35,40859.0859375,22343.107421875,1162.0515,17353.92578125,69.3642,173,53,40,0,0
Myopic (centrality),350,33674.7109375,21184.162109375,1086.7921,11403.7490234375,74.1497,147,38,38,0,0
Myopic (centrality),351,39413.8671875,22270.66796875,1172.3626,15970.8369140625,67.2727,165,54,40,0,0
Myopic (centrality),352,37053.9140625,21394.21875,1140.1622,14519.5419921875,70.7483,147,43,39,0,0
Myopic (centrality),353,36779.12890625,22241.05078125,1171.0107,13367.0615234375,64.4172,163,58,40,0,0
Myopic (centrality),354,37763.10546875,21494.208984375,1100.9032,15167.9853515625,71.2418,153,44,39,0,0
Myopic (centrality),355,41625.76953125,21501.5078125,1076.5578,19047.703125,68.0,150,48,39,0,0
Myopic (centrality),356,41445.03125,22076.875,1162.2279,18205.927734375,66.0494,162,55,40,0,0
Myopic (centrality),357,43349.2265625,22030.861328125,1155.184,20163.177734375,69.2771,166,51,40,0,0
Myopic (centrality),358,43929.984375,23348.51953125,1230.0564,19351.419921875,73.0159,189,51,42,0,0
Myopic (centrality),359,44393.34765625,22275.4765625,1231.6881,20886.1796875,62.5,168,63,40,0,0
Myopic (centrality),36,36556.12109375,22047.859375,1201.2114,13307.05078125,74.5342,161,41,40,0,0
Myopic (centrality),360,35767.2265625,21732.544921875,1175.373,12859.310546875,74.8344,151,38,39,0,0
Myopic (centrality),361,37668.4375,21597.919921875,1104.8435,14965.6748046875,69.8718,156,47,39,0,0
Myopic (centrality),362,44190.00390625,23138.76171875,1193.0711,19858.166015625,61.828,186,71,42,0,0
Myopic (centrality),363,46656.8828125,23151.560546875,1225.0209,22280.3046875,71.03829999999999,183,53,42,0,0
Myopic (centrality),364,49334.89453125,24440.21875,1231.4149,23663.255859375,68.6275,204,64,44,0,0
Myopic (centrality),365,38277.3984375,22672.3984375,1156.262,14448.732421875,69.3642,173,53,41,0,0
Myopic (centrality),366,32044.435546875,20834.21875,1040.4795,10169.7294921875,69.0141,142,44,38,0,0
Myopic (centrality),367,37694.8984375,22090.548828125,1122.2284,14482.1181640625,67.08070000000001,161,53,40,0,0
Myopic (centrality),368,39248.8671875,21532.953125,1145.5457,16570.37890625,65.3595,153,53,39,0,0
Myopic (centrality),369,51041.2109375,24497.23828125,1348.9503,25195.0234375,59.313700000000004,204,83,44,0,0
Myopic (centrality),37,37599.1015625,21585.966796875,1187.5943,14825.5458984375,74.3243,148,38,39,0,0
Myopic (centrality),370,44068.91796875,22387.45703125,1200.004,20481.45703125,65.0602,166,58,40,0,0
Myopic (centrality),371,37229.40234375,21766.380859375,1173.0323,14289.984375,68.8742,151,47,39,0,0
Myopic (centrality),372,42002.390625,23348.64453125,1237.1192,17416.634765625,68.5083,181,57,42,0,0
Myopic (centrality),373,55034.73828125,23232.404296875,1325.8234,30476.517578125,55.2486,181,81,42,0,0
Myopic (centrality),374,40789.58984375,22049.400390625,1182.0968,17558.087890625,67.6829,164,53,40,0,0
Myopic (centrality),375,39482.7109375,23307.87890625,1317.2523,14857.5888671875,64.6409,181,64,42,0,0
Myopic (centrality),376,49474.515625,22645.787109375,1158.8826,25669.845703125,62.5698,179,67,41,0,0
Myopic (centrality),377,33365.9375,20953.029296875,1083.2034,11329.70703125,69.28569999999999,140,43,38,0,0
Myopic (centrality),378,43971.08203125,22819.44140625,1200.2392,19951.40234375,65.5738,183,63,41,0,0
Myopic (centrality),379,38205.87890625,22026.80078125,1134.829,15044.2548828125,68.94409999999999,161,50,40,0,0
Myopic (centrality),38,44018.765625,22743.408203125,1223.1424,20052.212890625,64.7727,176,62,41,0,0
Myopic (centrality),380,47599.92578125,23248.908203125,1282.0536,23068.96484375,62.9834,181,67,42,0,0
Myopic (centrality),381,45102.40625,23644.08984375,1278.3788,20179.94140625,59.3909,197,80,43,0,0
Myopic (centrality),382,37805.83984375,20330.583984375,1019.8837,16455.376953125,62.40599999999999,133,50,37,0,0
Myopic (centrality),383,38564.2109375,22315.001953125,1202.93,15046.2802734375,66.4706,170,57,40,0,0
Myopic (centrality),384,34495.828125,21172.7421875,1125.2481,12197.83203125,70.4698,149,44,38,0,0
Myopic (centrality),385,34912.31640625,20834.21875,1080.3404,12997.75390625,69.3878,147,45,38,0,0
Myopic (centrality),386,35363.19140625,21389.107421875,1083.4771,12890.6015625,72.028,143,40,39,0,0
Myopic (centrality),387,40502.546875,22590.462890625,1146.9975,16765.072265625,65.2941,170,59,41,0,0
Myopic (centrality),388,40463.44921875,22228.185546875,1150.9859,17084.26953125,70.122,164,49,40,0,0
Myopic (centrality),389,38154.4375,21478.048828125,1046.9536,15629.42578125,65.3595,153,53,39,0,0
Myopic (centrality),39,44596.93359375,23572.33203125,1266.7084,19757.890625,64.8649,185,65,43,0,0
Myopic (centrality),390,37128.1875,21545.703125,1085.4918,14496.9892578125,65.8228,158,54,39,0,0
Myopic (centrality),391,36302.0859375,22909.048828125,1217.1145,12175.9208984375,75.1381,181,45,41,0,0
Myopic (centrality),392,44371.89453125,22893.603515625,1231.1466,20247.14453125,65.0,180,63,41,0,0
Myopic (centrality),393,34881.66796875,21593.544921875,1135.153,12152.9736328125,68.6275,153,48,39,0,0
Myopic (centrality),394,40567.5625,22704.322265625,1293.8976,16569.345703125,71.0059,169,49,41,0,0
Myopic (centrality),395,45391.1015625,23327.921875,1271.032,20792.154296875,69.78020000000001,182,55,42,0,0
Myopic (centrality),396,38144.01953125,21138.34765625,1121.4243,15884.2529296875,62.8571,140,52,38,0,0
Myopic (centrality),397,47344.3984375,23204.994140625,1200.5246,22938.875,64.1304,184,66,42,0,0
Myopic (centrality),398,36794.5390625,21944.40234375,1148.4108,13701.7294921875,68.3871,155,49,40,0,0
Myopic (centrality),399,41062.6328125,22684.458984375,1206.3797,17171.7890625,70.1149,174,52,41,0,0
Myopic (centrality),4,34720.3359375,21163.576171875,1097.1947,12459.57421875,68.0272,147,47,38,0,0
Myopic (centrality),40,36896.01953125,21138.322265625,1070.4149,14687.275390625,67.9739,153,49,38,0,0
Myopic (centrality),400,51283.375,23165.642578125,1292.4634,26825.267578125,57.7778,180,76,42,0,0
Myopic (centrality),401,40630.359375,22200.859375,1293.1914,17136.30078125,65.2174,161,56,40,0,0
Myopic (centrality),402,41088.26953125,21677.810546875,1121.1444,18289.31640625,66.6667,156,52,39,0,0
Myopic (centrality),403,43641.87109375,22524.162109375,1166.0437,19951.66796875,61.7647,170,65,41,0,0
Myopic (centrality),404,44381.2734375,23302.015625,1216.5457,19862.705078125,64.8045,179,63,42,0,0
Myopic (centrality),405,46463.89453125,22322.5546875,1197.563,22943.78125,62.3529,170,64,40,0,0
Myopic (centrality),406,45312.33203125,22204.611328125,1181.6317,21926.095703125,65.8537,164,56,40,0,0
Myopic (centrality),407,32751.634765625,20786.634765625,1048.2923,10916.705078125,73.6111,144,38,38,0,0
Myopic (centrality),408,38370.77734375,21231.36328125,1052.3634,16087.05078125,73.0769,156,42,38,0,0
Myopic (centrality),409,32564.109375,19890.900390625,1033.362,11639.841796875,69.6,125,38,36,0,0
Myopic (centrality),41,38572.81640625,22777.916015625,1213.8254,14581.0732421875,68.2081,173,55,41,0,0
Myopic (centrality),410,43534.83203125,22470.533203125,1217.2405,19847.044921875,64.73989999999999,173,61,41,0,0
Myopic (centrality),411,44671.59765625,22711.03125,1253.5845,20706.994140625,68.9655,174,54,41,0,0
Myopic (centrality),412,36831.75390625,22046.107421875,1184.3084,13601.345703125,68.125,160,51,40,0,0
Myopic (centrality),413,45102.765625,22848.841796875,1267.9297,20985.99609375,62.7219,169,63,41,0,0
Myopic (centrality),414,36760.23828125,22022.638671875,1155.7477,13581.8564453125,72.61149999999999,157,43,40,0,0
Myopic (centrality),415,40167.453125,22170.3046875,1150.8791,16846.279296875,67.90119999999999,162,52,40,0,0
Myopic (centrality),416,36345.9375,22030.607421875,1161.1518,13154.1845703125,71.6129,155,44,40,0,0
Myopic (centrality),417,35853.54296875,21074.41796875,1151.3503,13627.779296875,68.79429999999999,141,44,38,0,0
Myopic (centrality),418,41790.90234375,23161.55078125,1284.8382,17344.5078125,67.2515,171,56,42,0,0
Myopic (centrality),419,34583.078125,21072.7890625,1135.8583,12374.4326171875,76.1905,147,35,38,0,0
Myopic (centrality),42,46035.1953125,23586.634765625,1323.5934,21124.955078125,62.0879,182,69,43,0,0
Myopic (centrality),420,37564.98828125,22085.884765625,1172.1037,14307.0,71.6049,162,46,40,0,0
Myopic (centrality),421,38073.86328125,21125.12890625,1031.6641,15917.0732421875,63.1579,152,56,38,0,0
Myopic (centrality),422,45901.26171875,22246.390625,1170.4673,22484.3984375,61.818200000000004,165,63,40,0,0
Myopic (centrality),423,37898.16015625,21734.48828125,1132.5257,15031.1474609375,67.7419,155,50,39,0,0
Myopic (centrality),424,41556.70703125,23838.4609375,1250.6654,16467.578125,65.28500000000001,193,67,43,0,0
Myopic (centrality),425,33544.12890625,19423.177734375,1027.3481,13093.603515625,72.4138,116,32,35,0,0
Myopic (centrality),426,36387.6875,21783.19921875,1125.856,13478.6259765625,71.6049,162,46,39,0,0
Myopic (centrality),427,39011.921875,22238.775390625,1177.845,15595.3056640625,73.65270000000001,167,44,40,0,0
Myopic (centrality),428,33391.4921875,21636.546875,1140.172,10614.7744140625,70.8861,158,46,39,0,0
Myopic (centrality),429,37482.88671875,22294.0859375,1163.7548,14025.05078125,65.26950000000001,167,58,40,0,0
Myopic (centrality),43,38825.94921875,22219.53515625,1176.1384,15430.28125,69.87950000000001,166,50,40,0,0
Myopic (centrality),430,36101.45703125,22730.3828125,1246.7583,12124.3115234375,67.61359999999999,176,57,41,0,0
Myopic (centrality),431,33443.359375,20316.37890625,1107.6888,12019.291015625,63.281200000000005,128,47,37,0,0
Myopic (centrality),432,32933.859375,21215.462890625,1057.7479,10660.6494140625,74.0,150,39,38,0,0
Myopic (centrality),433,48488.01171875,22518.966796875,1147.4896,24821.5546875,63.3136,169,62,41,0,0
Myopic (centrality),434,35144.59375,21263.13671875,1172.9624,12708.4970703125,70.1389,144,43,38,0,0
Myopic (centrality),435,41358.15625,22301.876953125,1123.1385,17933.15234375,69.2308,169,52,40,0,0
Myopic (centrality),436,41721.86328125,21644.9375,1175.9683,18900.962890625,69.0789,152,47,39,0,0
Myopic (centrality),437,43158.3515625,23074.6015625,1197.0318,18886.716796875,67.4033,181,59,42,0,0
Myopic (centrality),438,41451.09765625,22759.62109375,1120.1309,17571.341796875,66.4706,170,57,41,0,0
Myopic (centrality),439,48095.21875,23871.861328125,1301.782,22921.572265625,67.3684,190,62,43,0,0
Myopic (centrality),44,44297.703125,23231.857421875,1320.9312,19744.919921875,65.07939999999999,189,66,42,0,0
Myopic (centrality),440,41116.62109375,22112.3984375,1185.1802,17819.046875,66.2577,163,55,40,0,0
Myopic (centrality),441,34290.8984375,20951.978515625,1115.9,12223.01953125,72.1088,147,41,38,0,0
Myopic (centrality),442,33105.55859375,20430.099609375,1027.8633,11647.5947265625,69.697,132,40,37,0,0
Myopic (centrality),443,43040.2109375,22218.62890625,1168.1245,19653.462890625,61.6766,167,64,40,0,0
Myopic (centrality),444,43904.0546875,22768.3515625,1270.0343,19865.671875,67.6301,173,56,41,0,0
Myopic (centrality),445,50378.859375,24193.3984375,1318.4351,24867.029296875,71.4286,203,58,44,0,0
Myopic (centrality),446,32838.49609375,20506.8515625,1132.1587,11199.48828125,73.2283,127,34,37,0,0
Myopic (centrality),447,41460.5625,23333.2890625,1276.4248,16850.845703125,67.59779999999999,179,58,42,0,0
Myopic (centrality),448,35954.94921875,21707.263671875,1141.339,13106.3515625,70.1863,161,48,39,0,0
Myopic (centrality),449,37823.0234375,21693.236328125,1128.0147,15001.763671875,69.4805,154,47,39,0,0
Myopic (centrality),45,29387.443359375,20377.9921875,1043.4573,7965.9990234375,75.7576,132,32,37,0,0
Myopic (centrality),450,46848.95703125,23269.2109375,1331.4967,22248.2421875,64.4444,180,64,42,0,0
Myopic (centrality),451,33436.42578125,20942.08203125,1063.3749,11430.96875,76.97840000000001,139,32,38,0,0
Myopic (centrality),452,36778.3671875,20850.82421875,1142.1127,14785.4365234375,63.1579,133,49,38,0,0
Myopic (centrality),453,39448.8203125,21740.791015625,1094.2955,16613.736328125,67.7419,155,50,39,0,0
Myopic (centrality),454,37736.08984375,21713.486328125,1103.1272,14919.48046875,69.7531,162,49,39,0,0
Myopic (centrality),455,34056.36328125,19940.171875,1036.7693,13079.421875,72.0,125,35,36,0,0
Myopic (centrality),456,33501.01953125,20845.07421875,1083.2133,11572.7314453125,77.6119,134,30,38,0,0
Myopic (centrality),457,35661.03125,20994.955078125,1078.2138,13587.8603515625,69.0141,142,44,38,0,0
Myopic (centrality),458,40355.5078125,21653.8046875,1082.1252,17619.580078125,68.4564,149,47,39,0,0
Myopic (centrality),459,41029.36328125,22111.8515625,1190.7147,17726.798828125,66.0819,171,58,40,0,0
Myopic (centrality),46,35831.421875,19953.595703125,1045.5259,14832.298828125,62.903200000000005,124,46,36,0,0
Myopic (centrality),460,39463.67578125,22466.634765625,1216.2866,15780.75,67.9245,159,51,41,0,0
Myopic (centrality),461,36233.3125,20688.431640625,1138.5247,14406.361328125,70.0,140,42,37,0,0
Myopic (centrality),462,43518.76953125,22875.89453125,1259.2433,19383.630859375,64.7059,170,60,41,0,0
Myopic (centrality),463,40020.2578125,22714.005859375,1227.6549,16078.6015625,70.7602,171,50,41,0,0
Myopic (centrality),464,40638.41015625,22203.865234375,1242.2553,17192.28515625,73.913,161,42,40,0,0
Myopic (centrality),465,34824.25390625,20498.337890625,1009.1153,13316.7978515625,68.88889999999999,135,42,37,0,0
Myopic (centrality),466,35932.57421875,20067.048828125,1013.0845,14852.4365234375,67.2131,122,40,36,0,0
Myopic (centrality),467,36653.83203125,21587.013671875,1177.3777,13889.4365234375,70.9677,155,45,39,0,0
Myopic (centrality),468,43928.80859375,23336.1953125,1263.6662,19328.94140625,63.043499999999995,184,68,42,0,0
Myopic (centrality),469,35658.20703125,21346.634765625,1117.5801,13193.9921875,65.54050000000001,148,51,39,0,0
Myopic (centrality),47,37820.0859375,22086.06640625,1220.3894,14513.626953125,64.557,158,56,40,0,0
Myopic (centrality),470,46967.4375,22360.3515625,1254.4173,23352.66796875,58.823499999999996,170,70,40,0,0
Myopic (centrality),471,43067.73046875,22717.19921875,1193.3816,19157.146484375,71.7514,177,50,41,0,0
Myopic (centrality),472,45142.109375,23770.2578125,1249.4449,20122.400390625,65.2632,190,66,43,0,0
Myopic (centrality),473,42386.46875,22548.828125,1172.3573,18665.28125,63.1902,163,60,41,0,0
Myopic (centrality),474,31520.060546875,20017.158203125,983.5822,10519.3203125,65.5738,122,42,36,0,0
Myopic (centrality),475,42220.08984375,22166.353515625,1127.2219,18926.521484375,69.4611,167,51,40,0,0
Myopic (centrality),476,40632.12109375,22208.0,1208.8864,17215.232421875,66.0494,162,55,40,0,0
Myopic (centrality),477,35544.41796875,20571.58984375,1085.7578,13887.0751953125,59.090900000000005,132,54,37,0,0
Myopic (centrality),478,39609.88671875,22233.8828125,1142.9102,16233.0947265625,69.2308,169,52,40,0,0
Myopic (centrality),479,34285.05078125,21723.13671875,1164.5317,11397.3798828125,72.956,159,43,39,0,0
Myopic (centrality),48,36666.77734375,22717.689453125,1244.0964,12704.9892578125,73.86359999999999,176,46,41,0,0
Myopic (centrality),480,40831.01171875,22935.06640625,1225.2245,16670.71875,66.1111,180,61,41,0,0
Myopic (centrality),481,35690.41015625,21140.953125,1094.442,13455.009765625,75.51020000000001,147,36,38,0,0
Myopic (centrality),482,34822.87109375,20967.19140625,1131.476,12724.2021484375,63.194399999999995,144,53,38,0,0
Myopic (centrality),483,44893.515625,22591.560546875,1232.8693,21069.087890625,63.69050000000001,168,61,41,0,0
Myopic (centrality),484,44970.97265625,23165.322265625,1244.173,20561.4765625,69.0608,181,56,42,0,0
Myopic (centrality),485,42244.0625,22321.60546875,1183.2999,18739.154296875,62.6506,166,62,40,0,0
Myopic (centrality),486,33767.5625,21088.052734375,1128.5977,11550.912109375,75.8389,149,36,38,0,0
Myopic (centrality),487,40327.3203125,22728.03125,1173.554,16425.740234375,68.3616,177,56,41,0,0
Myopic (centrality),488,29741.833984375,19392.83203125,962.0274,9386.970703125,66.95649999999999,115,38,35,0,0
Myopic (centrality),489,52260.17578125,23996.525390625,1245.0411,27018.6015625,57.711400000000005,201,85,43,0,0
Myopic (centrality),49,45770.41796875,22150.97265625,1139.6655,22479.787109375,60.7362,163,64,40,0,0
Myopic (centrality),490,36688.484375,20485.298828125,1075.9754,15127.2099609375,67.4074,135,44,37,0,0
Myopic (centrality),491,35875.37109375,20961.4140625,1175.2897,13738.669921875,68.1159,138,44,38,0,0
Myopic (centrality),492,38827.046875,22708.3671875,1188.2436,14930.4287109375,70.7602,171,50,41,0,0
Myopic (centrality),493,37850.98046875,21126.896484375,1136.3491,15587.734375,68.2432,148,47,38,0,0
Myopic (centrality),494,39426.33203125,22075.294921875,1112.5954,16238.44140625,67.2956,159,52,40,0,0
Myopic (centrality),495,39499.71484375,23332.609375,1262.949,14904.1611328125,70.0,180,54,42,0,0
Myopic (centrality),496,44194.54296875,22681.31640625,1218.1053,20295.126953125,61.1765,170,66,41,0,0
Myopic (centrality),497,48233.9296875,22147.470703125,1107.1653,24979.29296875,58.2353,170,71,40,0,0
Myopic (centrality),498,31997.96484375,20072.087890625,1026.9081,10898.966796875,68.0,125,40,36,0,0
Myopic (centrality),499,40731.37109375,22239.349609375,1144.5055,17347.521484375,74.2331,163,42,40,0,0
Myopic (centrality),5,36647.94140625,20909.72265625,1008.5884,14729.62890625,65.71430000000001,140,48,38,0,0
Myopic (centrality),50,37804.27734375,22078.427734375,1162.3156,14563.541015625,66.2577,163,55,40,0,0
Myopic (centrality),500,44732.96875,22397.736328125,1180.0108,21155.22265625,69.8225,169,51,40,0,0
Myopic (centrality),51,45363.51171875,23026.634765625,1290.2056,21046.6796875,66.6667,183,61,42,0,0
Myopic (centrality),52,40652.56640625,22082.8203125,1124.3063,17445.439453125,67.08070000000001,161,53,40,0,0
Myopic (centrality),53,44276.90234375,22470.533203125,1170.3447,20636.015625,63.4831,178,65,41,0,0
Myopic (centrality),54,37827.4453125,21735.48046875,1141.9859,14949.9794921875,69.1824,159,49,39,0,0
Myopic (centrality),55,40055.3828125,21579.3359375,1139.5827,17336.455078125,69.0323,155,48,39,0,0
Myopic (centrality),56,38562.58203125,22138.9140625,1150.7196,15272.9521484375,65.4088,159,55,40,0,0
Myopic (centrality),57,39761.1953125,21399.0703125,1135.1411,17226.98046875,69.863,146,44,39,0,0
Myopic (centrality),58,43361.23828125,22285.9375,1241.3474,19833.955078125,65.45450000000001,165,57,40,0,0
Myopic (centrality),59,65284.25,24859.55078125,1353.481,39071.2265625,49.5413,218,110,45,0,0
Myopic (centrality),6,59511.94921875,24496.982421875,1283.9276,33731.0390625,53.7736,212,98,44,0,0
Myopic (centrality),60,36910.640625,21005.71875,1095.5942,14809.3251953125,65.035,143,50,38,0,0
Myopic (centrality),61,41323.20703125,22105.017578125,1182.1884,18036.001953125,69.1824,159,49,40,0,0
Myopic (centrality),62,39366.8046875,21655.966796875,1124.9131,16585.927734375,68.32300000000001,161,51,39,0,0
Myopic (centrality),63,35659.02734375,20940.552734375,1132.3884,13586.0859375,69.9301,143,43,38,0,0
Myopic (centrality),64,50474.8125,22592.43359375,1286.4409,26595.931640625,56.213,169,74,41,0,0
Myopic (centrality),65,44218.67578125,23707.662109375,1316.1966,19194.818359375,62.7027,185,69,43,0,0
Myopic (centrality),66,38581.00390625,21636.775390625,1208.4106,15735.8203125,69.3878,147,45,39,0,0
Myopic (centrality),67,47981.55078125,23177.056640625,1249.2171,23555.271484375,65.1934,181,63,42,0,0
Myopic (centrality),68,35209.609375,20392.166015625,991.6434,13825.8046875,62.40599999999999,133,50,37,0,0
Myopic (centrality),69,34542.0625,21108.201171875,1152.6046,12281.2578125,65.9722,144,49,38,0,0
Myopic (centrality),7,43984.87890625,22743.111328125,1129.369,20112.392578125,67.2515,171,56,41,0,0
Myopic (centrality),70,45098.42578125,23738.14453125,1257.4894,20102.791015625,63.2124,193,71,43,0,0
Myopic (centrality),71,36533.4453125,21559.654296875,1131.5581,13842.23046875,66.6667,156,52,39,0,0
Myopic (centrality),72,31690.73828125,20835.640625,1146.5927,9708.505859375,73.5714,140,37,38,0,0
Myopic (centrality),73,44370.87890625,23684.419921875,1274.5261,19411.9296875,70.8108,185,54,43,0,0
Myopic (centrality),74,42853.1875,21528.1875,1169.2528,20155.751953125,62.987,154,57,39,0,0
Myopic (centrality),75,39712.734375,22452.33203125,1233.3899,16027.015625,67.8788,165,53,41,0,0
Myopic (centrality),76,39578.609375,22156.736328125,1135.5075,16286.361328125,67.0732,164,54,40,0,0
Myopic (centrality),77,37859.90625,22084.232421875,1253.5742,14522.0927734375,63.354,161,59,40,0,0
Myopic (centrality),78,54195.97265625,22611.853515625,1257.2818,30326.841796875,52.662699999999994,169,80,41,0,0
Myopic (centrality),79,40063.71484375,22220.939453125,1198.8125,16643.962890625,64.1509,159,57,40,0,0
Myopic (centrality),8,32693.103515625,21510.978515625,1103.6855,10078.4423828125,73.3766,154,41,39,0,0
Myopic (centrality),80,44805.74609375,22589.732421875,1241.5263,20974.478515625,63.3136,169,62,41,0,0
Myopic (centrality),81,45480.58203125,21754.578125,1091.1797,22634.8203125,58.823499999999996,153,63,39,0,0
Myopic (centrality),82,68787.0234375,24521.427734375,1294.0097,42971.5859375,49.5238,210,106,44,0,0
Myopic (centrality),83,38233.99609375,22115.681640625,1125.2342,14993.08203125,76.506,166,39,40,0,0
Myopic (centrality),84,39525.34375,22319.126953125,1200.7558,16005.4609375,64.7059,170,60,40,0,0
Myopic (centrality),85,35908.30859375,21552.404296875,1145.8896,13210.0166015625,65.7895,152,52,39,0,0
Myopic (centrality),86,39164.81640625,21649.716796875,1140.7215,16374.3828125,66.2338,154,52,39,0,0
Myopic (centrality),87,48888.109375,22314.669921875,1144.0484,25429.3984375,61.96319999999999,163,62,40,0,0
Myopic (centrality),88,47400.171875,23634.9921875,1224.3621,22540.810546875,66.3212,193,65,43,0,0
Myopic (centrality),89,40306.0390625,22031.560546875,1166.6262,17107.853515625,59.8765,162,65,40,0,0
Myopic (centrality),9,37597.62890625,21730.697265625,1154.4335,14712.4990234375,69.6203,158,48,39,0,0
Myopic (centrality),90,51769.765625,23150.84375,1209.874,27409.046875,60.221000000000004,181,72,42,0,0
Myopic (centrality),91,41211.8359375,21723.083984375,1156.929,18331.8203125,67.5159,157,51,39,0,0
Myopic (centrality),92,41397.84765625,22339.861328125,1201.7488,17856.236328125,65.2439,164,57,40,0,0
Myopic (centrality),93,39643.7421875,23364.287109375,1256.733,15022.7099609375,70.3911,179,53,42,0,0
Myopic (centrality),94,30979.21875,20786.634765625,1036.9968,9155.5869140625,75.18249999999999,137,34,38,0,0
Myopic (centrality),95,31401.376953125,19763.90625,991.7607,10645.7109375,75.2,125,31,36,0,0
Myopic (centrality),96,32629.171875,20463.556640625,1028.6576,11136.9599609375,72.2628,137,38,37,0,0
Myopic (centrality),97,44875.1953125,23198.10546875,1237.5991,20439.501953125,65.7459,181,62,42,0,0
Myopic (centrality),98,35465.609375,20637.267578125,1088.6775,13739.662109375,71.6418,134,38,37,0,0
Myopic (centrality),99,33374.2109375,20375.708984375,1001.1247,11997.3779296875,73.1343,134,36,37,0,0
Myopic+ (centrality),1,34232.01953125,20811.2109375,1037.5635,12383.23828125,66.6667,138,46,38,0,0
Myopic+ (centrality),10,35388.1328125,21230.46875,1067.1147,13090.5546875,66.6667,147,49,38,0,0
Myopic+ (centrality),100,33585.984375,21203.375,1159.2708,11223.3369140625,71.4286,140,40,38,0,0
Myopic+ (centrality),101,34202.15625,22108.6796875,1237.612,10855.865234375,70.2381,168,50,40,0,0
Myopic+ (centrality),102,32718.345703125,21447.63671875,1112.3268,10158.380859375,67.6056,142,46,39,0,0
Myopic+ (centrality),103,31258.5703125,20489.79296875,1128.1552,9640.6142578125,67.66919999999999,133,43,37,0,0
Myopic+ (centrality),104,40708.3203125,22648.056640625,1272.2008,16788.06640625,70.3704,162,48,41,0,0
Myopic+ (centrality),105,40904.17578125,22790.357421875,1286.6945,16827.119140625,63.372099999999996,172,63,41,0,0
Myopic+ (centrality),106,44555.25,22709.833984375,1213.9935,20631.42578125,70.2247,178,53,41,0,0
Myopic+ (centrality),107,41773.16796875,23150.5703125,1286.9676,17335.634765625,67.7966,177,57,42,0,0
Myopic+ (centrality),108,36402.5234375,20599.994140625,1082.0815,14720.4443359375,60.740700000000004,135,53,37,0,0
Myopic+ (centrality),109,33632.06640625,21263.44140625,1121.7863,11246.83984375,74.4966,149,38,38,0,0
Myopic+ (centrality),11,45136.44140625,23470.931640625,1313.5834,20351.927734375,66.6667,183,61,42,0,0
Myopic+ (centrality),110,40335.98046875,21998.416015625,1316.739,17020.837890625,67.3203,153,50,40,0,0
Myopic+ (centrality),111,41989.89453125,23208.4375,1324.7021,17456.751953125,67.61359999999999,176,57,42,0,0
Myopic+ (centrality),112,42555.88671875,22122.689453125,1238.0969,19195.099609375,67.0968,155,51,40,0,0
Myopic+ (centrality),113,40000.51953125,22126.97265625,1181.6393,16691.916015625,70.2381,168,50,40,0,0
Myopic+ (centrality),114,36466.84375,21613.70703125,1148.0151,13705.1220703125,67.5325,154,50,39,0,0
Myopic+ (centrality),115,51966.375,24310.60546875,1328.2037,26327.564453125,62.92680000000001,205,76,44,0,0
Myopic+ (centrality),116,40977.0546875,22197.46875,1203.5736,17576.017578125,59.748400000000004,159,64,40,0,0
Myopic+ (centrality),117,39536.98046875,22125.291015625,1229.7148,16181.974609375,69.6203,158,48,40,0,0
Myopic+ (centrality),118,39305.109375,23263.62109375,1281.1277,14760.3603515625,71.1864,177,51,42,0,0
Myopic+ (centrality),119,31694.91796875,19872.1328125,1027.7133,10795.0703125,71.7742,124,35,36,0,0
Myopic+ (centrality),12,36324.72265625,21497.025390625,1267.0942,13560.591796875,70.5479,146,43,39,0,0
Myopic+ (centrality),120,45420.27734375,23706.533203125,1363.4011,20350.341796875,65.7609,184,63,43,0,0
Myopic+ (centrality),121,33223.421875,20492.69921875,1045.6288,11685.0908203125,72.51910000000001,131,36,37,0,0
Myopic+ (centrality),122,34441.26171875,20987.912109375,1117.7168,12335.630859375,74.8201,139,35,38,0,0
Myopic+ (centrality),123,37035.84765625,21971.240234375,1184.2785,13880.3251953125,68.3544,158,50,40,0,0
Myopic+ (centrality),124,46998.5625,23149.60546875,1278.528,22570.427734375,63.372099999999996,172,63,42,0,0
Myopic+ (centrality),125,47671.6640625,24230.25390625,1378.6,22062.794921875,67.3684,190,62,44,0,0
Myopic+ (centrality),126,40145.1171875,22129.302734375,1240.2746,16775.544921875,70.5128,156,46,40,0,0
Myopic+ (centrality),127,41570.62109375,22925.650390625,1221.0573,17423.908203125,71.9298,171,48,41,0,0
Myopic+ (centrality),128,46427.72265625,23276.35546875,1263.1324,21888.240234375,64.48089999999999,183,65,42,0,0
Myopic+ (centrality),129,34311.98828125,22712.29296875,1190.7301,10408.9658203125,70.5202,173,51,41,0,0
Myopic+ (centrality),13,44656.39453125,22203.943359375,1205.1669,21247.283203125,63.5802,162,59,40,0,0
Myopic+ (centrality),130,39439.18359375,22809.443359375,1209.3992,15420.333984375,68.3908,174,55,41,0,0
Myopic+ (centrality),131,56405.03515625,24830.5703125,1372.7286,30201.740234375,60.9524,210,82,45,0,0
Myopic+ (centrality),132,35343.11328125,21396.560546875,1120.931,12825.62109375,73.3766,154,41,39,0,0
Myopic+ (centrality),133,34070.40234375,21213.0859375,1111.207,11746.1044921875,69.863,146,44,38,0,0
Myopic+ (centrality),134,40219.02734375,23410.94140625,1238.0277,15570.060546875,71.2707,181,52,42,0,0
Myopic+ (centrality),135,41568.40625,22514.439453125,1249.3722,17804.591796875,67.2727,165,54,41,0,0
Myopic+ (centrality),136,45006.15625,22105.916015625,1217.6785,21682.560546875,63.9752,161,58,40,0,0
Myopic+ (centrality),137,39489.2421875,22645.859375,1261.4216,15581.9580078125,67.46990000000001,166,54,41,0,0
Myopic+ (centrality),138,30610.47265625,19330.80078125,991.9569,10287.7109375,73.4513,113,30,35,0,0
Myopic+ (centrality),139,42506.4296875,21636.201171875,1193.87,19676.3515625,61.6883,154,59,39,0,0
Myopic+ (centrality),14,37946.11328125,21572.966796875,1175.1812,15197.9677734375,73.50989999999999,151,40,39,0,0
Myopic+ (centrality),140,45444.0703125,23061.87109375,1314.5237,21067.685546875,64.1176,170,61,42,0,0
Myopic+ (centrality),141,43442.328125,22750.912109375,1241.121,19450.287109375,70.6215,177,52,41,0,0
Myopic+ (centrality),142,41959.421875,22876.294921875,1320.0219,17763.1015625,69.0058,171,53,41,0,0
Myopic+ (centrality),143,51691.19140625,23734.31640625,1315.0066,26641.869140625,60.989000000000004,182,71,43,0,0
Myopic+ (centrality),144,38310.140625,21723.1796875,1212.7928,15374.1748046875,72.4359,156,43,39,0,0
Myopic+ (centrality),145,51320.5234375,22782.4921875,1248.2524,27289.779296875,61.4035,171,66,41,0,0
Myopic+ (centrality),146,42556.20703125,22555.5546875,1226.9885,18773.666015625,66.8712,163,54,41,0,0
Myopic+ (centrality),147,39878.62890625,21784.873046875,1189.203,16904.55078125,66.879,157,52,39,0,0
Myopic+ (centrality),148,39235.27734375,21818.6484375,1137.7879,16278.8466796875,64.7059,153,54,39,0,0
Myopic+ (centrality),149,46407.01171875,22905.953125,1300.7711,22200.291015625,63.7931,174,63,41,0,0
Myopic+ (centrality),15,38881.234375,22173.892578125,1240.0277,15467.3154296875,67.7215,158,51,40,0,0
Myopic+ (centrality),150,38498.86328125,22198.73828125,1179.436,15120.6845703125,69.697,165,50,40,0,0
Myopic+ (centrality),151,37976.1953125,21479.802734375,1081.4379,15414.95703125,66.6667,153,51,39,0,0
Myopic+ (centrality),152,39183.03515625,22715.970703125,1251.4199,15215.6494140625,71.51520000000001,165,47,41,0,0
Myopic+ (centrality),153,32501.830078125,21015.669921875,1205.1377,10281.0263671875,75.8865,141,34,38,0,0
Myopic+ (centrality),154,36831.6015625,21495.046875,1208.4156,14128.1396484375,59.183699999999995,147,60,39,0,0
Myopic+ (centrality),155,41678.08984375,23139.978515625,1260.0168,17278.09765625,65.3631,179,62,42,0,0
Myopic+ (centrality),156,36696.63671875,22291.19140625,1231.2801,13174.1640625,71.0843,166,48,40,0,0
Myopic+ (centrality),157,33276.54296875,21027.7265625,1191.586,11057.2333984375,65.6716,134,46,38,0,0
Myopic+ (centrality),158,45727.66015625,22789.556640625,1249.6325,21688.474609375,66.8571,175,58,41,0,0
Myopic+ (centrality),159,35873.06640625,22708.607421875,1251.5789,11912.87890625,69.0476,168,52,41,0,0
Myopic+ (centrality),16,38642.6171875,21920.671875,1171.3332,15550.6142578125,65.6442,163,56,40,0,0
Myopic+ (centrality),160,37285.75390625,22443.619140625,1203.2078,13638.927734375,68.4848,165,52,41,0,0
Myopic+ (centrality),161,36828.484375,21016.7265625,1112.9638,14698.7890625,70.34479999999999,145,43,38,0,0
Myopic+ (centrality),162,32261.39453125,20344.642578125,1049.1939,10867.560546875,75.9398,133,32,37,0,0
Myopic+ (centrality),163,35506.453125,21124.9609375,1115.8822,13265.61328125,64.0845,142,51,38,0,0
Myopic+ (centrality),164,46592.23046875,23786.958984375,1353.5542,21451.720703125,69.1099,191,59,43,0,0
Myopic+ (centrality),165,42280.25390625,23229.76171875,1261.2441,17789.2578125,70.1087,184,55,42,0,0
Myopic+ (centrality),166,53193.16015625,25005.083984375,1438.6643,26749.404296875,62.6168,214,80,45,0,0
Myopic+ (centrality),167,38908.90234375,22168.740234375,1181.1092,15559.0595703125,58.9744,156,64,40,0,0
Myopic+ (centrality),168,32858.54296875,21515.998046875,1160.774,10181.7724609375,75.3425,146,36,39,0,0
Myopic+ (centrality),169,39140.8046875,23109.501953125,1372.5462,14658.7548828125,69.1429,175,54,42,0,0
Myopic+ (centrality),17,47462.92578125,24382.263671875,1306.8957,21773.763671875,64.79589999999999,196,69,44,0,0
Myopic+ (centrality),170,42078.140625,24371.33984375,1318.3075,16388.484375,65.0,200,70,44,0,0
Myopic+ (centrality),171,37846.22265625,21599.080078125,1150.9637,15096.1796875,67.5159,157,51,39,0,0
Myopic+ (centrality),172,37532.08984375,21947.263671875,1184.1844,14400.6396484375,73.20259999999999,153,41,40,0,0
Myopic+ (centrality),173,35516.2890625,21157.54296875,1182.3164,13176.431640625,69.1781,146,45,38,0,0
Myopic+ (centrality),174,33411.6953125,21501.388671875,1146.2945,10764.0126953125,73.33330000000001,150,40,39,0,0
Myopic+ (centrality),175,41272.51171875,22159.484375,1217.7649,17895.267578125,67.2727,165,54,40,0,0
Myopic+ (centrality),176,44621.76953125,23606.181640625,1249.7227,19765.859375,63.934400000000004,183,66,43,0,0
Myopic+ (centrality),177,37775.4765625,22512.166015625,1217.3133,14045.998046875,70.6587,167,49,41,0,0
Myopic+ (centrality),178,40508.7109375,22606.142578125,1222.948,16679.625,69.7674,172,52,41,0,0
Myopic+ (centrality),179,44701.0,22273.421875,1187.536,21240.044921875,62.3457,162,61,40,0,0
Myopic+ (centrality),18,45371.85546875,22777.990234375,1214.2467,21379.6328125,68.02329999999999,172,55,41,0,0
Myopic+ (centrality),180,45193.515625,23687.10546875,1327.3562,20179.0546875,68.4783,184,58,43,0,0
Myopic+ (centrality),181,40851.70703125,22623.587890625,1243.4505,16984.669921875,64.3275,171,61,41,0,0
Myopic+ (centrality),182,40566.375,21669.275390625,1134.3848,17762.716796875,65.8228,158,54,39,0,0
Myopic+ (centrality),183,36909.27734375,22620.634765625,1195.7523,13092.888671875,69.59060000000001,171,52,41,0,0
Myopic+ (centrality),184,36499.58203125,21126.982421875,1114.4519,14258.1533203125,65.7534,146,50,38,0,0
Myopic+ (centrality),185,43242.359375,22504.404296875,1234.5001,19503.44921875,64.5349,172,61,41,0,0
Myopic+ (centrality),186,41746.69921875,21028.08984375,1075.5584,19643.044921875,67.3469,147,48,38,0,0
Myopic+ (centrality),187,47365.54296875,23092.966796875,1268.5428,23004.03125,65.71430000000001,175,60,42,0,0
Myopic+ (centrality),188,42918.73046875,22365.607421875,1231.0147,19322.115234375,59.627300000000005,161,65,40,0,0
Myopic+ (centrality),189,41959.609375,22146.099609375,1215.4572,18598.048828125,68.7117,163,51,40,0,0
Myopic+ (centrality),19,46069.65625,22511.314453125,1177.3944,22380.951171875,61.271699999999996,173,67,41,0,0
Myopic+ (centrality),190,42225.0234375,22784.58203125,1242.527,18197.916015625,69.0058,171,53,41,0,0
Myopic+ (centrality),191,40851.1484375,22896.892578125,1201.6609,16752.59375,71.9298,171,48,41,0,0
Myopic+ (centrality),192,37005.3359375,21960.806640625,1142.918,13901.6142578125,71.519,158,45,40,0,0
Myopic+ (centrality),193,42161.421875,22257.939453125,1296.0004,18607.478515625,64.81479999999999,162,57,40,0,0
Myopic+ (centrality),194,40272.375,23102.982421875,1259.7868,15909.6044921875,66.4773,176,59,42,0,0
Myopic+ (centrality),195,34669.9921875,20890.263671875,1201.6906,12578.0361328125,72.93230000000001,133,36,38,0,0
Myopic+ (centrality),196,40447.3125,22586.81640625,1217.5452,16642.955078125,72.09299999999999,172,48,41,0,0
Myopic+ (centrality),197,47854.859375,23981.3125,1356.7338,22516.810546875,68.2796,186,59,43,0,0
Myopic+ (centrality),198,34974.5625,22210.759765625,1200.1133,11563.6904296875,70.4819,166,49,40,0,0
Myopic+ (centrality),199,45596.88671875,24946.82421875,1397.7862,19252.27734375,66.3462,208,70,45,0,0
Myopic+ (centrality),2,44049.8359375,23154.583984375,1323.3534,19571.900390625,72.5714,175,48,42,0,0
Myopic+ (centrality),20,33765.53515625,20941.189453125,1116.4483,11707.900390625,70.2128,141,42,38,0,0
Myopic+ (centrality),200,37262.54296875,21479.326171875,1102.8576,14680.3564453125,69.1781,146,45,39,0,0
Myopic+ (centrality),201,39932.66796875,22264.9375,1218.2712,16449.458984375,66.6667,153,51,40,0,0
Myopic+ (centrality),202,36155.9140625,21186.37890625,1162.9509,13806.5810546875,68.57140000000001,140,44,38,0,0
Myopic+ (centrality),203,34763.80859375,20937.73046875,1109.136,12716.9404296875,66.4234,137,46,38,0,0
Myopic+ (centrality),204,41939.96875,22783.61328125,1307.3798,17848.974609375,64.881,168,59,41,0,0
Myopic+ (centrality),205,44497.35546875,23890.052734375,1344.151,19263.150390625,61.5385,182,70,43,0,0
Myopic+ (centrality),206,37849.71875,22207.435546875,1203.6057,14438.6748046875,69.2771,166,51,40,0,0
Myopic+ (centrality),207,37165.96875,21446.919921875,1146.319,14572.7294921875,62.1795,156,59,39,0,0
Myopic+ (centrality),208,41218.71484375,21399.17578125,1179.2427,18640.298828125,65.7718,149,51,39,0,0
Myopic+ (centrality),209,37950.10546875,21761.173828125,1172.8839,15016.0498046875,61.6883,154,59,39,0,0
Myopic+ (centrality),21,43660.80078125,22222.984375,1226.1366,20211.681640625,65.6442,163,56,40,0,0
Myopic+ (centrality),210,38835.3984375,21362.546875,1089.3008,16383.5517578125,70.0,150,45,39,0,0
Myopic+ (centrality),211,42011.48828125,21631.078125,1188.1397,19192.27734375,63.7584,149,54,39,0,0
Myopic+ (centrality),212,37829.4140625,22179.4921875,1227.1291,14422.7939453125,73.1707,164,44,40,0,0
Myopic+ (centrality),213,39494.1171875,22341.478515625,1269.1396,15883.5009765625,65.8537,164,56,40,0,0
Myopic+ (centrality),214,45424.5,22825.392578125,1314.089,21285.009765625,63.3333,180,66,41,0,0
Myopic+ (centrality),215,35304.60546875,21151.798828125,1149.9823,13002.81640625,74.4828,145,37,38,0,0
Myopic+ (centrality),216,38157.95703125,22236.140625,1193.1885,14728.6240234375,72.2892,166,46,40,0,0
Myopic+ (centrality),217,38612.04296875,21565.69140625,1156.8216,15889.533203125,64.2384,151,54,39,0,0
Myopic+ (centrality),218,44661.5234375,21789.77734375,1138.0795,21733.66796875,57.1429,154,66,39,0,0
Myopic+ (centrality),219,45950.7734375,24385.94921875,1380.7199,20184.103515625,67.3469,196,64,44,0,0
Myopic+ (centrality),22,47942.4453125,24564.453125,1387.9705,21990.025390625,64.5,200,71,44,0,0
Myopic+ (centrality),220,35773.5390625,21565.24609375,1196.408,13011.890625,79.4702,151,31,39,0,0
Myopic+ (centrality),221,39637.2421875,23401.177734375,1304.5946,14931.4638671875,68.1319,182,58,42,0,0
Myopic+ (centrality),222,35686.34375,21946.40625,1219.3078,12520.62890625,71.6981,159,45,40,0,0
Myopic+ (centrality),223,40759.01953125,21880.78125,1169.4471,17708.7890625,67.6829,164,53,40,0,0
Myopic+ (centrality),224,43764.18359375,23206.41796875,1270.2934,19287.4765625,65.0,180,63,42,0,0
Myopic+ (centrality),225,51940.875,23438.09375,1313.4913,27189.296875,60.989000000000004,182,71,42,0,0
Myopic+ (centrality),226,43741.59375,23606.59765625,1250.3608,18884.63671875,66.8478,184,61,43,0,0
Myopic+ (centrality),227,44436.890625,23726.50390625,1279.6233,19430.771484375,68.6486,185,58,43,0,0
Myopic+ (centrality),228,37283.0546875,22100.2890625,1245.6029,13937.1630859375,70.9677,155,45,40,0,0
Myopic+ (centrality),229,31936.7109375,19394.2734375,985.56,11556.876953125,66.3793,116,39,35,0,0
Myopic+ (centrality),23,34984.62890625,21038.291015625,1089.729,12856.6083984375,68.0851,141,45,38,0,0
Myopic+ (centrality),230,42722.453125,23803.6328125,1387.5738,17531.255859375,72.4868,189,52,43,0,0
Myopic+ (centrality),231,48864.30859375,23211.529296875,1277.5079,24375.26171875,63.5359,181,66,42,0,0
Myopic+ (centrality),232,40575.27734375,21232.896484375,1106.4926,18235.89453125,66.6667,147,49,38,0,0
Myopic+ (centrality),233,40159.55078125,21979.640625,1098.6526,17081.2578125,69.8718,156,47,40,0,0
Myopic+ (centrality),234,47091.90234375,23313.6796875,1296.2946,22481.923828125,66.1017,177,60,42,0,0
Myopic+ (centrality),235,52444.1796875,23604.041015625,1293.5938,27546.544921875,65.2174,184,64,43,0,0
Myopic+ (centrality),236,43685.6015625,22641.119140625,1233.7444,19810.73828125,67.2619,168,55,41,0,0
Myopic+ (centrality),237,38593.9375,22167.3203125,1277.7896,15148.830078125,70.3704,162,48,40,0,0
Myopic+ (centrality),238,42811.8359375,21206.73828125,1213.2024,20391.88671875,63.194399999999995,144,53,38,0,0
Myopic+ (centrality),239,35340.015625,21067.904296875,1121.9005,13150.216796875,69.5652,138,42,38,0,0
Myopic+ (centrality),24,40868.96484375,22750.91796875,1279.3644,16838.685546875,70.6897,174,51,41,0,0
Myopic+ (centrality),240,31577.5546875,20444.4296875,1071.8986,10061.2255859375,76.1194,134,32,37,0,0
Myopic+ (centrality),241,37423.8984375,21210.779296875,1098.8852,15114.23046875,72.0779,154,43,38,0,0
Myopic+ (centrality),242,38430.6640625,22466.482421875,1275.0297,14689.15234375,68.2353,170,54,41,0,0
Myopic+ (centrality),243,58176.03125,24607.583984375,1336.1934,32232.259765625,58.653800000000004,208,86,44,0,0
Myopic+ (centrality),244,47225.25390625,24387.791015625,1338.8347,21498.634765625,61.8812,202,77,44,0,0
Myopic+ (centrality),245,31854.21484375,19795.572265625,1022.1748,11036.47265625,73.3871,124,33,36,0,0
Myopic+ (centrality),246,44605.5234375,23682.416015625,1245.1242,19677.986328125,68.6486,185,58,43,0,0
Myopic+ (centrality),247,37535.0390625,21215.90234375,1094.6779,15224.4638671875,66.4336,143,48,38,0,0
Myopic+ (centrality),248,46672.703125,23811.333984375,1336.4657,21524.90625,62.433899999999994,189,71,43,0,0
Myopic+ (centrality),249,35476.734375,21186.248046875,1144.1268,13146.353515625,69.0141,142,44,38,0,0
Myopic+ (centrality),25,41962.3359375,23570.4296875,1290.2085,17101.701171875,70.7182,181,53,43,0,0
Myopic+ (centrality),250,33017.3984375,20516.494140625,1089.0971,11411.8046875,70.80290000000001,137,40,37,0,0
Myopic+ (centrality),251,42725.65234375,22797.146484375,1224.5037,18703.99609375,64.3678,174,62,41,0,0
Myopic+ (centrality),252,40676.625,23311.765625,1346.8445,16018.017578125,69.4915,177,54,42,0,0
Myopic+ (centrality),253,38714.7734375,21970.185546875,1172.0936,15572.4931640625,73.4177,158,42,40,0,0
Myopic+ (centrality),254,36118.3046875,22594.7578125,1240.6345,12282.908203125,66.4634,164,55,41,0,0
Myopic+ (centrality),255,37810.45703125,22140.3046875,1198.974,14471.1796875,74.375,160,41,40,0,0
Myopic+ (centrality),256,39303.7109375,23026.482421875,1212.1751,15065.052734375,73.1429,175,47,42,0,0
Myopic+ (centrality),257,42831.6015625,21786.958984375,1150.6681,19893.974609375,65.0,160,56,39,0,0
Myopic+ (centrality),258,36279.90234375,22060.966796875,1198.0917,13020.84375,68.5185,162,51,40,0,0
Myopic+ (centrality),259,41749.1171875,23050.169921875,1310.9907,17387.953125,62.2857,175,66,42,0,0
Myopic+ (centrality),26,39830.6796875,22245.408203125,1212.4993,16372.779296875,67.4419,172,56,40,0,0
Myopic+ (centrality),260,43732.2109375,24044.947265625,1348.0792,18339.19140625,70.9184,196,57,43,0,0
Myopic+ (centrality),261,48856.21484375,24727.1640625,1403.8736,22725.169921875,66.9951,203,67,45,0,0
Myopic+ (centrality),262,42855.0234375,22725.828125,1228.0509,18901.142578125,70.7602,171,50,41,0,0
Myopic+ (centrality),263,37850.52734375,21648.986328125,1168.0181,15033.5166015625,65.60510000000001,157,54,39,0,0
Myopic+ (centrality),264,43407.015625,23259.607421875,1299.9781,18847.427734375,64.60669999999999,178,63,42,0,0
Myopic+ (centrality),265,45407.3515625,23327.59765625,1343.9036,20735.849609375,61.236000000000004,178,69,42,0,0
Myopic+ (centrality),266,34279.17578125,21467.537109375,1185.5451,11626.0927734375,66.9014,142,47,39,0,0
Myopic+ (centrality),267,46826.99609375,24502.125,1382.5948,20942.2734375,64.64649999999999,198,70,44,0,0
Myopic+ (centrality),268,42109.53515625,23330.951171875,1258.397,17520.18359375,63.7838,185,67,42,0,0
Myopic+ (centrality),269,37008.59375,22156.041015625,1196.292,13656.2548828125,72.619,168,46,40,0,0
Myopic+ (centrality),27,38472.6328125,22313.904296875,1238.5404,14920.18359375,66.875,160,53,40,0,0
Myopic+ (centrality),270,43706.88671875,23189.681640625,1344.3802,19172.818359375,70.28569999999999,175,52,42,0,0
Myopic+ (centrality),271,39967.19140625,22759.19921875,1216.632,15991.3662109375,69.186,172,53,41,0,0
Myopic+ (centrality),272,35898.76953125,21491.943359375,1165.1284,13241.6923828125,71.6216,148,42,39,0,0
Myopic+ (centrality),273,42211.20703125,23130.03515625,1251.711,17829.451171875,70.8108,185,54,42,0,0
Myopic+ (centrality),274,44307.26171875,22747.2578125,1239.1322,20320.873046875,65.4971,171,59,41,0,0
Myopic+ (centrality),275,41919.484375,22310.96484375,1229.7299,18378.791015625,71.2575,167,48,40,0,0
Myopic+ (centrality),276,47987.58984375,23732.462890625,1308.2684,22946.85546875,63.2432,185,68,43,0,0
Myopic+ (centrality),277,39807.2265625,22684.12109375,1220.4592,15902.65234375,71.0843,166,48,41,0,0
Myopic+ (centrality),278,41754.15625,22657.0859375,1193.4004,17903.662109375,61.6766,167,64,41,0,0
Myopic+ (centrality),279,42135.0625,22037.1796875,1229.6445,18868.2421875,65.1613,155,54,40,0,0
Myopic+ (centrality),28,49831.09375,24753.1484375,1357.3982,23720.544921875,62.6168,214,80,45,0,0
Myopic+ (centrality),280,38217.44921875,21775.087890625,1124.287,15318.072265625,68.98729999999999,158,49,39,0,0
Myopic+ (centrality),281,41476.41796875,23127.63671875,1280.2984,17068.486328125,67.4556,169,55,42,0,0
Myopic+ (centrality),282,36399.40234375,21499.779296875,1132.5725,13767.0498046875,69.3333,150,46,39,0,0
Myopic+ (centrality),283,38085.640625,22168.609375,1242.4319,14674.6015625,74.3902,164,42,40,0,0
Myopic+ (centrality),284,34675.88671875,21566.69921875,1169.2357,11939.951171875,74.1722,151,39,39,0,0
Myopic+ (centrality),285,37251.5546875,22562.794921875,1228.2182,13460.5380859375,71.0843,166,48,41,0,0
Myopic+ (centrality),286,34952.20703125,21448.265625,1171.4706,12332.4716796875,63.3803,142,52,39,0,0
Myopic+ (centrality),287,34758.984375,21603.111328125,1213.3674,11942.51171875,65.5172,145,50,39,0,0
Myopic+ (centrality),288,44784.453125,23362.255859375,1256.585,20165.62109375,58.9595,173,71,42,0,0
Myopic+ (centrality),289,42671.6640625,23307.173828125,1229.1893,18135.30078125,68.78609999999999,173,54,42,0,0
Myopic+ (centrality),29,37033.4296875,21320.322265625,1109.0798,14604.0283203125,65.9722,144,49,39,0,0
Myopic+ (centrality),290,42827.76171875,22214.73046875,1232.4186,19380.61328125,62.2642,159,60,40,0,0
Myopic+ (centrality),291,40308.2890625,22687.548828125,1265.2839,16355.4658203125,66.092,174,59,41,0,0
Myopic+ (centrality),292,45389.796875,22856.29296875,1235.9426,21297.55859375,60.5882,170,67,41,0,0
Myopic+ (centrality),293,32664.56640625,21439.3984375,1170.3593,10054.810546875,74.1722,151,39,39,0,0
Myopic+ (centrality),294,44845.30078125,23745.857421875,1356.0058,19743.4375,59.116,181,74,43,0,0
Myopic+ (centrality),295,38252.38671875,21346.482421875,1198.9941,15706.9072265625,68.4932,146,46,39,0,0
Myopic+ (centrality),296,49747.23046875,23615.541015625,1332.0336,24799.65625,59.0426,188,77,43,0,0
Myopic+ (centrality),297,41098.67578125,21560.990234375,1166.4252,18371.263671875,65.1316,152,53,39,0,0
Myopic+ (centrality),298,30770.630859375,20249.16015625,1133.7654,9387.701171875,68.8,125,39,37,0,0
Myopic+ (centrality),299,43759.62109375,23417.576171875,1351.4898,18990.55859375,66.2983,181,61,42,0,0
Myopic+ (centrality),3,44776.0234375,23985.83203125,1279.144,19511.041015625,61.8557,194,74,43,0,0
Myopic+ (centrality),30,41671.91015625,22089.146484375,1136.7603,18446.00390625,70.1987,151,45,40,0,0
Myopic+ (centrality),300,37232.94140625,21750.37890625,1213.4312,14269.1181640625,70.4403,159,47,39,0,0
Myopic+ (centrality),301,38478.1015625,22336.62890625,1180.1615,14961.3037109375,68.4848,165,52,40,0,0
Myopic+ (centrality),302,39659.16796875,22824.978515625,1209.0668,15625.123046875,68.4211,171,54,41,0,0
Myopic+ (centrality),303,37277.7578125,22195.537109375,1162.5536,13919.6640625,69.87950000000001,166,50,40,0,0
Myopic+ (centrality),304,41295.06640625,24254.8046875,1383.5836,15656.6669921875,71.7949,195,55,44,0,0
Myopic+ (centrality),305,49582.359375,23748.81640625,1292.7464,24540.798828125,63.101600000000005,187,69,43,0,0
Myopic+ (centrality),306,50133.609375,24439.5625,1348.3381,24345.69921875,63.35079999999999,191,70,44,0,0
Myopic+ (centrality),307,52405.9921875,23763.42578125,1327.3892,27315.177734375,54.545500000000004,187,85,43,0,0
Myopic+ (centrality),308,37579.91015625,21259.2734375,1118.2261,15202.4091796875,66.443,149,50,38,0,0
Myopic+ (centrality),309,32909.01953125,20990.5703125,1134.9354,10783.5205078125,67.8322,143,46,38,0,0
Myopic+ (centrality),31,36847.17578125,22661.083984375,1237.3387,12948.7509765625,72.0,175,49,41,0,0
Myopic+ (centrality),310,39490.8359375,22181.30859375,1238.023,16071.5107421875,69.9387,163,49,40,0,0
Myopic+ (centrality),311,41059.984375,22250.51953125,1128.6266,17680.828125,70.303,165,49,40,0,0
Myopic+ (centrality),312,41544.625,23066.876953125,1253.7575,17223.98046875,70.4545,176,52,42,0,0
Myopic+ (centrality),313,37606.68359375,22085.35546875,1274.0911,14247.240234375,68.94409999999999,161,50,40,0,0
Myopic+ (centrality),314,36484.45703125,20834.275390625,1078.0656,14572.1181640625,64.1379,145,52,38,0,0
Myopic+ (centrality),315,41017.125,22094.890625,1247.567,17674.66015625,65.1899,158,55,40,0,0
Myopic+ (centrality),316,39051.77734375,21714.724609375,1177.05,16160.001953125,64.7059,153,54,39,0,0
Myopic+ (centrality),317,36762.35546875,22198.38671875,1252.7872,13311.1865234375,66.6667,168,56,40,0,0
Myopic+ (centrality),318,34487.734375,22164.328125,1202.7592,11120.6455078125,75.3086,162,40,40,0,0
Myopic+ (centrality),319,37874.98046875,20602.9609375,1132.651,16139.369140625,68.93939999999999,132,41,37,0,0
Myopic+ (centrality),32,49126.06640625,22791.908203125,1313.8082,25020.349609375,59.321999999999996,177,72,41,0,0
Myopic+ (centrality),320,32188.66796875,19968.2265625,1048.7256,11171.7177734375,68.254,126,40,36,0,0
Myopic+ (centrality),321,35732.14453125,21669.693359375,1240.3385,12822.111328125,72.54899999999999,153,42,39,0,0
Myopic+ (centrality),322,42154.703125,21582.423828125,1183.0417,19389.236328125,70.3947,152,45,39,0,0
Myopic+ (centrality),323,35405.6484375,21702.765625,1147.2375,12555.6435546875,67.5325,154,50,39,0,0
Myopic+ (centrality),324,44051.5390625,22898.990234375,1336.5341,19816.015625,63.9053,169,61,41,0,0
Myopic+ (centrality),325,35804.73046875,21428.0234375,1082.5383,13294.16796875,70.9459,148,43,39,0,0
Myopic+ (centrality),326,45307.03125,24413.865234375,1482.6578,19410.513671875,68.5279,197,62,44,0,0
Myopic+ (centrality),327,38317.078125,21217.462890625,1250.7968,15848.8076171875,69.5035,141,43,38,0,0
Myopic+ (centrality),328,36226.7578125,21394.111328125,1117.1428,13715.5068359375,67.8082,146,47,39,0,0
Myopic+ (centrality),329,36936.6015625,21655.609375,1184.1976,14096.787109375,66.6667,153,51,39,0,0
Myopic+ (centrality),33,35414.52734375,22060.28515625,1224.1611,12130.076171875,71.3376,157,45,40,0,0
Myopic+ (centrality),330,41777.609375,22580.947265625,1171.0986,18025.564453125,64.0719,167,60,41,0,0
Myopic+ (centrality),331,46505.65234375,24313.326171875,1384.0946,20808.232421875,72.8205,195,53,44,0,0
Myopic+ (centrality),332,42964.50390625,23572.380859375,1330.0123,18062.103515625,69.5187,187,57,43,0,0
Myopic+ (centrality),333,34037.296875,21516.853515625,1172.8288,11347.6142578125,72.66669999999999,150,41,39,0,0
Myopic+ (centrality),334,39605.16015625,21732.470703125,1184.4522,16688.240234375,68.98729999999999,158,49,39,0,0
Myopic+ (centrality),335,41572.58984375,22761.6171875,1262.3594,17548.611328125,64.45779999999999,166,59,41,0,0
Myopic+ (centrality),336,40914.7109375,22723.037109375,1298.7283,16892.94921875,68.02329999999999,172,55,41,0,0
Myopic+ (centrality),337,46325.7890625,22747.744140625,1257.6115,22320.4375,64.5349,172,61,41,0,0
Myopic+ (centrality),338,44266.8359375,22661.005859375,1215.4876,20390.322265625,68.04729999999999,169,54,41,0,0
Myopic+ (centrality),339,33084.83984375,20959.22265625,1094.6087,11031.00390625,68.57140000000001,140,44,38,0,0
Myopic+ (centrality),34,35859.83203125,21656.533203125,1131.8255,13071.4736328125,72.0779,154,43,39,0,0
Myopic+ (centrality),340,35673.96484375,20577.9609375,1148.8495,13947.1552734375,74.43610000000001,133,34,37,0,0
Myopic+ (centrality),341,41386.3046875,22525.349609375,1261.4031,17599.544921875,71.9512,164,46,41,0,0
Myopic+ (centrality),342,41171.2734375,22561.380859375,1279.3311,17330.5546875,70.2381,168,50,41,0,0
Myopic+ (centrality),343,44120.4375,22683.900390625,1158.1597,20278.3828125,73.25580000000001,172,46,41,0,0
Myopic+ (centrality),344,48713.2890625,24589.0078125,1334.7107,22789.564453125,66.1765,204,69,44,0,0
Myopic+ (centrality),345,37980.41015625,21933.0625,1205.018,14842.330078125,67.1141,149,49,40,0,0
Myopic+ (centrality),346,38595.38671875,23297.8828125,1219.7407,14077.7724609375,73.6559,186,49,42,0,0
Myopic+ (centrality),347,34773.4609375,21114.27734375,1207.2842,12451.900390625,68.57140000000001,140,44,38,0,0
Myopic+ (centrality),348,43038.59375,23244.9296875,1284.7505,18508.9140625,66.2983,181,61,42,0,0
Myopic+ (centrality),349,39737.3203125,22805.142578125,1294.6155,15637.568359375,73.7143,175,46,41,0,0
Myopic+ (centrality),35,38696.7265625,22929.787109375,1258.2079,14508.7275390625,68.9655,174,54,41,0,0
Myopic+ (centrality),350,31562.251953125,20350.5703125,1034.4289,10177.2529296875,75.5556,135,33,37,0,0
Myopic+ (centrality),351,44215.34375,23296.921875,1356.5921,19561.82421875,63.6364,176,64,42,0,0
Myopic+ (centrality),352,32320.98828125,21058.884765625,1160.3668,10101.740234375,75.3521,142,35,38,0,0
Myopic+ (centrality),353,33869.40625,21744.2109375,1129.3754,10995.8193359375,67.5,160,52,39,0,0
Myopic+ (centrality),354,35707.5859375,21457.5703125,1103.2316,13146.783203125,70.4698,149,44,39,0,0
Myopic+ (centrality),355,41815.4296875,21412.966796875,1134.5567,19267.9140625,68.8742,151,47,39,0,0
Myopic+ (centrality),356,41659.09375,22292.107421875,1141.451,18225.544921875,64.2857,168,60,40,0,0
Myopic+ (centrality),357,36650.484375,20807.36328125,1053.7656,14789.3564453125,74.1259,143,37,38,0,0
Myopic+ (centrality),358,46459.6875,23256.1171875,1225.8069,21977.763671875,67.03909999999999,179,59,42,0,0
Myopic+ (centrality),359,43894.88671875,22196.8203125,1252.509,20445.556640625,61.4907,161,62,40,0,0
Myopic+ (centrality),36,40611.71484375,22909.78515625,1222.9584,16478.970703125,74.1379,174,45,41,0,0
Myopic+ (centrality),360,36211.3828125,21656.3203125,1260.0072,13295.0625,74.4966,149,38,39,0,0
Myopic+ (centrality),361,39769.5703125,23084.671875,1341.0668,15343.830078125,69.4611,167,51,42,0,0
Myopic+ (centrality),362,43270.12109375,22783.55078125,1210.0953,19276.482421875,63.2768,177,65,41,0,0
Myopic+ (centrality),363,44877.19921875,23161.1875,1269.1649,20446.83984375,69.31819999999999,176,54,42,0,0
Myopic+ (centrality),364,56840.8828125,25175.396484375,1414.9909,30250.4921875,59.3607,219,89,45,0,0
Myopic+ (centrality),365,40084.1484375,23000.78125,1235.0057,15848.36328125,66.2791,172,58,42,0,0
Myopic+ (centrality),366,37538.9765625,22174.556640625,1131.2563,14233.158203125,65.1899,158,55,40,0,0
Myopic+ (centrality),367,38343.20703125,21661.060546875,1206.388,15475.76171875,67.3077,156,51,39,0,0
Myopic+ (centrality),368,39141.0546875,21498.63671875,1159.5082,16482.9140625,66.01310000000001,153,52,39,0,0
Myopic+ (centrality),369,49180.4609375,23365.01171875,1283.8886,24531.564453125,63.5359,181,66,42,0,0
Myopic+ (centrality),37,35863.94921875,21439.3984375,1080.275,13344.2783203125,74.3056,144,37,39,0,0
Myopic+ (centrality),370,43515.4765625,22256.462890625,1218.943,20040.0703125,65.2174,161,56,40,0,0
Myopic+ (centrality),371,34281.82421875,21880.78125,1155.8186,11245.2275390625,75.641,156,38,40,0,0
Myopic+ (centrality),372,38014.31640625,22187.962890625,1153.0852,14673.267578125,72.1212,165,46,40,0,0
Myopic+ (centrality),373,47793.89453125,22868.36328125,1305.6484,23619.880859375,55.0296,169,76,41,0,0
Myopic+ (centrality),374,40087.87109375,22853.484375,1235.0371,15999.353515625,67.83630000000001,171,55,41,0,0
Myopic+ (centrality),375,41380.5,22808.46484375,1292.9247,17279.107421875,63.0682,176,65,41,0,0
Myopic+ (centrality),376,45131.4921875,22596.666015625,1220.1102,21314.716796875,62.573100000000004,171,64,41,0,0
Myopic+ (centrality),377,40293.94921875,22859.72265625,1348.5637,16085.6572265625,68.4848,165,52,41,0,0
Myopic+ (centrality),378,44209.75390625,22488.0859375,1212.4387,20509.228515625,67.6829,164,53,41,0,0
Myopic+ (centrality),379,36171.421875,21947.263671875,1204.1443,13020.0146484375,67.9245,159,51,40,0,0
Myopic+ (centrality),38,41235.0,22267.79296875,1202.0509,17765.15625,67.2619,168,55,40,0,0
Myopic+ (centrality),380,48609.57421875,23030.533203125,1238.7081,24340.33203125,66.48349999999999,182,61,42,0,0
Myopic+ (centrality),381,45476.890625,23226.892578125,1280.4998,20969.5,55.555600000000005,180,80,42,0,0
Myopic+ (centrality),382,37009.79296875,21099.353515625,1197.2027,14713.23828125,64.9635,137,48,38,0,0
Myopic+ (centrality),383,42186.01171875,23080.146484375,1231.2861,17874.578125,65.7303,178,61,42,0,0
Myopic+ (centrality),384,37561.84375,21140.517578125,1093.2747,15328.0576171875,67.58619999999999,145,47,38,0,0
Myopic+ (centrality),385,33329.28125,21439.3984375,1132.976,10756.9033203125,72.0779,154,43,39,0,0
Myopic+ (centrality),386,35565.98828125,21596.390625,1125.749,12843.8466796875,67.5676,148,48,39,0,0
Myopic+ (centrality),387,36975.95703125,22237.361328125,1184.9043,13553.69140625,68.3908,174,55,40,0,0
Myopic+ (centrality),388,39805.32421875,21602.236328125,1199.5285,17003.5625,67.9739,153,49,39,0,0
Myopic+ (centrality),389,38618.234375,22194.123046875,1192.0566,15232.064453125,70.1863,161,48,40,0,0
Myopic+ (centrality),39,44508.17578125,23925.26953125,1262.4158,19320.501953125,66.3102,187,63,43,0,0
Myopic+ (centrality),390,37449.4921875,20486.123046875,1076.7335,15886.63671875,59.701499999999996,134,54,37,0,0
Myopic+ (centrality),391,36425.9140625,23305.783203125,1281.0906,11839.04296875,74.0113,177,46,42,0,0
Myopic+ (centrality),392,43894.08203125,23403.6953125,1351.4141,19138.9765625,63.6872,179,65,42,0,0
Myopic+ (centrality),393,34293.8203125,21756.62890625,1234.7734,11302.4228515625,67.1141,149,49,39,0,0
Myopic+ (centrality),394,41227.03125,23109.48828125,1294.2978,16823.24609375,67.4286,175,57,42,0,0
Myopic+ (centrality),395,42226.0625,22660.86328125,1263.673,18301.53125,70.9302,172,50,41,0,0
Myopic+ (centrality),396,43979.09765625,22149.50390625,1176.2212,20653.3671875,59.493700000000004,158,64,40,0,0
Myopic+ (centrality),397,44302.41015625,22852.00390625,1228.3765,20222.033203125,63.7931,174,63,41,0,0
Myopic+ (centrality),398,42030.5078125,22628.62109375,1244.0264,18157.8671875,70.7602,171,50,41,0,0
Myopic+ (centrality),399,41152.3125,22334.763671875,1177.6782,17639.876953125,65.6805,169,58,40,0,0
Myopic+ (centrality),4,37715.0625,22074.810546875,1248.4075,14391.8447265625,66.0256,156,53,40,0,0
Myopic+ (centrality),40,36336.8828125,21199.529296875,1107.9852,14029.369140625,70.8609,151,44,38,0,0
Myopic+ (centrality),400,44305.02734375,22831.224609375,1268.2188,20205.57421875,60.919500000000006,174,68,41,0,0
Myopic+ (centrality),401,35242.44921875,21004.255859375,1161.1745,13077.0224609375,69.9301,143,43,38,0,0
Myopic+ (centrality),402,40502.4453125,22174.576171875,1211.6406,17116.236328125,65.6627,166,57,40,0,0
Myopic+ (centrality),403,46886.65234375,22520.962890625,1170.4664,23195.23046875,62.6437,174,65,41,0,0
Myopic+ (centrality),404,42678.08984375,22822.67578125,1214.0424,18641.369140625,66.8571,175,58,41,0,0
Myopic+ (centrality),405,49160.80859375,23732.91796875,1326.123,24101.7734375,62.6316,190,71,43,0,0
Myopic+ (centrality),406,41277.96484375,21680.171875,1162.7269,18435.0625,68.2119,151,48,39,0,0
Myopic+ (centrality),407,30278.703125,20107.400390625,1020.5374,9150.7666015625,72.8,125,34,36,0,0
Myopic+ (centrality),408,31854.044921875,21189.822265625,1114.2481,9549.9736328125,73.4266,143,38,38,0,0
Myopic+ (centrality),409,34818.44921875,20527.892578125,1116.6206,13173.9384765625,66.1417,127,43,37,0,0
Myopic+ (centrality),41,38181.53515625,22365.86328125,1248.6375,14567.037109375,70.7317,164,48,40,0,0
Myopic+ (centrality),410,45697.12890625,22823.16796875,1226.624,21647.333984375,61.4035,171,66,41,0,0
Myopic+ (centrality),411,44601.11328125,23237.5703125,1289.4563,20074.09375,67.2414,174,57,42,0,0
Myopic+ (centrality),412,35669.66796875,20106.81640625,1033.9166,14528.9375,60.0,130,52,36,0,0
Myopic+ (centrality),413,45732.90625,23781.833984375,1366.0568,20585.01171875,67.4157,178,58,43,0,0
Myopic+ (centrality),414,36672.33203125,22267.0078125,1184.2639,13221.0615234375,72.3926,163,45,40,0,0
Myopic+ (centrality),415,33659.98046875,20946.841796875,1191.3106,11521.8251953125,66.1871,139,47,38,0,0
Myopic+ (centrality),416,32104.7578125,20952.103515625,1154.6935,9997.9560546875,72.0588,136,38,38,0,0
Myopic+ (centrality),417,36702.328125,21945.02734375,1256.0345,13501.2626953125,72.3684,152,42,40,0,0
Myopic+ (centrality),418,39453.17578125,22881.939453125,1226.5266,15344.7119140625,69.5402,174,53,41,0,0
Myopic+ (centrality),419,36453.4140625,22000.46875,1188.3052,13264.646484375,71.519,158,45,40,0,0
Myopic+ (centrality),42,42842.08984375,23122.501953125,1257.2682,18462.314453125,65.9091,176,60,42,0,0
Myopic+ (centrality),420,34239.0078125,20786.482421875,1113.194,12339.330078125,71.4286,133,38,38,0,0
Myopic+ (centrality),421,40008.0625,22683.369140625,1269.6051,16055.078125,66.2791,172,58,41,0,0
Myopic+ (centrality),422,46583.2109375,22162.541015625,1222.844,23197.82421875,58.5987,157,65,40,0,0
Myopic+ (centrality),423,37981.890625,22040.076171875,1169.0832,14772.7373046875,64.5161,155,55,40,0,0
Myopic+ (centrality),424,38368.04296875,23211.111328125,1232.0785,13924.8515625,71.3483,178,51,42,0,0
Myopic+ (centrality),425,31335.52734375,19902.7734375,1028.2182,10404.529296875,73.3871,124,33,36,0,0
Myopic+ (centrality),426,47129.46484375,23004.330078125,1209.7921,22915.333984375,61.748599999999996,183,70,42,0,0
Myopic+ (centrality),427,36054.8203125,21993.169921875,1133.1335,12928.5224609375,71.6129,155,44,40,0,0
Myopic+ (centrality),428,34864.00390625,21495.552734375,1137.7349,12230.7197265625,68.83120000000001,154,48,39,0,0
Myopic+ (centrality),429,38535.4375,22800.193359375,1228.5195,14506.7275390625,64.7727,176,62,41,0,0
Myopic+ (centrality),43,34755.61328125,21043.986328125,1099.3506,12612.27734375,67.5497,151,49,38,0,0
Myopic+ (centrality),430,48217.28515625,23990.640625,1304.844,22921.80078125,64.2487,193,69,43,0,0
Myopic+ (centrality),431,31383.173828125,19921.572265625,1112.618,10348.9833984375,69.7479,119,36,36,0,0
Myopic+ (centrality),432,36231.53515625,22060.8828125,1201.2812,12969.3740234375,72.5,160,44,40,0,0
Myopic+ (centrality),433,41465.9140625,22809.248046875,1268.1539,17388.51953125,65.5172,174,60,41,0,0
Myopic+ (centrality),434,35045.2578125,21979.337890625,1249.3735,11816.5439453125,73.5849,159,42,40,0,0
Myopic+ (centrality),435,40866.7265625,22481.80859375,1223.5713,17161.349609375,67.8571,168,54,41,0,0
Myopic+ (centrality),436,39423.4921875,21038.71875,1137.1828,17247.59765625,70.8333,144,42,38,0,0
Myopic+ (centrality),437,41435.24609375,22920.380859375,1336.6265,17178.232421875,68.0,175,56,41,0,0
Myopic+ (centrality),438,41183.4296875,22842.462890625,1183.1485,17157.814453125,70.3488,172,51,41,0,0
Myopic+ (centrality),439,40441.109375,23768.66015625,1291.5611,15380.8916015625,68.5864,191,60,43,0,0
Myopic+ (centrality),44,43297.109375,23914.21875,1357.689,18025.2109375,65.81630000000001,196,67,43,0,0
Myopic+ (centrality),440,37457.859375,21623.51171875,1233.2166,14601.1279296875,68.6667,150,47,39,0,0
Myopic+ (centrality),441,33596.609375,21350.533203125,1202.3768,11043.7001953125,75.1678,149,37,39,0,0
Myopic+ (centrality),442,33460.74609375,20699.865234375,1048.6975,11712.177734375,67.8571,140,45,37,0,0
Myopic+ (centrality),443,37735.94921875,21581.556640625,1140.8074,15013.5888671875,59.2593,162,66,39,0,0
Myopic+ (centrality),444,43128.6953125,23254.53125,1355.328,18518.833984375,72.0,175,49,42,0,0
Myopic+ (centrality),445,44479.8671875,22648.658203125,1231.5543,20599.658203125,70.2381,168,50,41,0,0
Myopic+ (centrality),446,38252.46484375,21553.9140625,1148.3174,15550.232421875,70.8609,151,44,39,0,0
Myopic+ (centrality),447,44452.32421875,23803.958984375,1371.6864,19276.671875,63.978500000000004,186,67,43,0,0
Myopic+ (centrality),448,37733.94921875,22677.796875,1253.0623,13803.0908203125,69.0058,171,53,41,0,0
Myopic+ (centrality),449,41728.81640625,22737.8828125,1235.0899,17755.845703125,68.3908,174,55,41,0,0
Myopic+ (centrality),45,33524.33984375,21666.98828125,1206.1253,10651.228515625,76.3158,152,36,39,0,0
Myopic+ (centrality),450,45641.58203125,22732.251953125,1251.165,21658.16796875,63.372099999999996,172,63,41,0,0
Myopic+ (centrality),451,34174.0546875,21209.044921875,1149.0838,11815.9296875,75.33330000000001,150,37,38,0,0
Myopic+ (centrality),452,35380.63671875,20432.814453125,1096.8831,13850.9345703125,68.5039,127,40,37,0,0
Myopic+ (centrality),453,37618.22265625,22168.740234375,1200.7985,14248.697265625,68.94409999999999,161,50,40,0,0
Myopic+ (centrality),454,35436.72265625,21517.998046875,1181.0045,12737.720703125,69.5364,151,46,39,0,0
Myopic+ (centrality),455,34120.8125,20565.650390625,1144.1185,12411.0380859375,71.7557,131,37,37,0,0
Myopic+ (centrality),456,31790.244140625,20597.486328125,1082.1176,10110.6376953125,76.3359,131,31,37,0,0
Myopic+ (centrality),457,30827.765625,20638.80859375,1068.0129,9120.9453125,72.59259999999999,135,37,37,0,0
Myopic+ (centrality),458,39249.42578125,22210.15625,1209.3788,15829.8876953125,67.5,160,52,40,0,0
Myopic+ (centrality),459,45103.9375,23270.626953125,1258.8896,20574.416015625,64.89359999999999,188,66,42,0,0
Myopic+ (centrality),46,35141.68359375,21148.943359375,1110.7368,12881.9990234375,60.0,140,56,38,0,0
Myopic+ (centrality),460,40203.21875,22483.630859375,1238.213,16481.37109375,66.4634,164,55,41,0,0
Myopic+ (centrality),461,33356.984375,20581.666015625,1114.4387,11660.880859375,66.4234,137,46,37,0,0
Myopic+ (centrality),462,45528.1640625,23737.48828125,1403.0897,20387.58203125,67.7419,186,60,43,0,0
Myopic+ (centrality),463,37611.234375,22376.16796875,1223.4064,14011.65234375,65.45450000000001,165,57,40,0,0
Myopic+ (centrality),464,37861.28125,21565.20703125,1169.6513,15126.4189453125,72.1088,147,41,39,0,0
Myopic+ (centrality),465,40073.33203125,22242.0234375,1247.3136,16583.9921875,66.4516,155,52,40,0,0
Myopic+ (centrality),466,45425.671875,22035.4609375,1238.4298,22151.779296875,60.6667,150,59,40,0,0
Myopic+ (centrality),467,39132.9765625,21683.599609375,1203.4814,16245.8916015625,64.5963,161,57,39,0,0
Myopic+ (centrality),468,38681.56640625,22240.05859375,1199.1006,15242.408203125,62.963,162,60,40,0,0
Myopic+ (centrality),469,33990.74609375,21217.90234375,1105.7041,11667.13671875,66.2162,148,50,38,0,0
Myopic+ (centrality),47,39328.125,23186.201171875,1264.0294,14877.892578125,70.1149,174,52,42,0,0
Myopic+ (centrality),470,45805.1015625,22803.126953125,1264.8753,21737.103515625,57.22540000000001,173,74,41,0,0
Myopic+ (centrality),471,44481.5,23380.73828125,1339.2672,19761.48828125,65.1685,178,62,42,0,0
Myopic+ (centrality),472,35252.94140625,22028.31640625,1256.8053,11967.8154296875,67.284,162,53,40,0,0
Myopic+ (centrality),473,42403.40234375,22332.134765625,1195.7165,18875.55859375,63.6364,165,60,40,0,0
Myopic+ (centrality),474,35621.3984375,21388.3203125,1091.4798,13141.595703125,71.63119999999999,141,40,39,0,0
Myopic+ (centrality),475,41519.43359375,21138.60546875,1134.9553,19245.87109375,64.6259,147,52,38,0,0
Myopic+ (centrality),476,34946.29296875,21807.400390625,1254.5942,11884.302734375,70.1299,154,46,39,0,0
Myopic+ (centrality),477,36240.90234375,19970.552734375,1101.2074,15169.1474609375,57.851200000000006,121,51,36,0,0
Myopic+ (centrality),478,42583.828125,23195.701171875,1203.8147,18184.310546875,68.306,183,58,42,0,0
Myopic+ (centrality),479,37934.125,22682.931640625,1325.7025,13925.494140625,70.1754,171,51,41,0,0
Myopic+ (centrality),48,40007.9921875,23198.94921875,1327.1305,15481.9150390625,70.9497,179,52,42,0,0
Myopic+ (centrality),480,37504.5390625,22149.26171875,1231.3614,14123.912109375,66.2577,163,55,40,0,0
Myopic+ (centrality),481,35979.296875,21025.923828125,1075.7854,13877.5908203125,73.2877,146,39,38,0,0
Myopic+ (centrality),482,38264.36328125,21995.416015625,1173.2877,15095.662109375,67.0968,155,51,40,0,0
Myopic+ (centrality),483,42243.88671875,22275.283203125,1265.3755,18703.2265625,64.19749999999999,162,58,40,0,0
Myopic+ (centrality),484,54737.89453125,25032.2734375,1374.9933,28330.630859375,65.8416,202,69,45,0,0
Myopic+ (centrality),485,47283.85546875,23852.171875,1346.2276,22085.447265625,60.2151,186,74,43,0,0
Myopic+ (centrality),486,32972.79296875,20896.30078125,1154.4055,10922.0908203125,78.5235,149,32,38,0,0
Myopic+ (centrality),487,42731.96875,22749.107421875,1240.988,18741.875,65.0888,169,59,41,0,0
Myopic+ (centrality),488,31998.20703125,19959.427734375,1055.2233,10983.5546875,71.5447,123,35,36,0,0
Myopic+ (centrality),489,51543.140625,23931.328125,1268.0257,26343.79296875,62.7451,204,76,43,0,0
Myopic+ (centrality),49,40286.27734375,22116.380859375,1175.3177,16994.5859375,66.4596,161,54,40,0,0
Myopic+ (centrality),490,40889.16015625,21562.185546875,1135.3591,18191.615234375,66.01310000000001,153,52,39,0,0
Myopic+ (centrality),491,38022.2578125,21320.78125,1110.9032,15590.5693359375,63.9456,147,53,39,0,0
Myopic+ (centrality),492,40013.07421875,22919.52734375,1248.1591,15845.3837890625,69.59060000000001,171,52,41,0,0
Myopic+ (centrality),493,37885.7578125,22214.96875,1210.4037,14460.388671875,67.4847,163,53,40,0,0
Myopic+ (centrality),494,36060.08203125,21690.46484375,1212.4821,13157.1298828125,69.5364,151,46,39,0,0
Myopic+ (centrality),495,38861.38671875,23212.009765625,1260.2681,14389.1083984375,68.88889999999999,180,56,42,0,0
Myopic+ (centrality),496,42352.87109375,21562.1015625,1143.7388,19647.033203125,67.0968,155,51,39,0,0
Myopic+ (centrality),497,48628.5234375,23320.263671875,1295.6973,24012.560546875,59.016400000000004,183,75,42,0,0
Myopic+ (centrality),498,34216.01171875,20979.498046875,1134.7866,12101.728515625,69.5035,141,43,38,0,0
Myopic+ (centrality),499,39482.78515625,21564.822265625,1168.6205,16749.33984375,71.7105,152,43,39,0,0
Myopic+ (centrality),5,36167.62109375,21112.865234375,1138.5588,13916.2001953125,70.4225,142,42,38,0,0
Myopic+ (centrality),50,44312.51953125,23306.974609375,1312.9847,19692.5625,60.1124,178,71,42,0,0
Myopic+ (centrality),500,38930.2578125,22585.0390625,1186.5438,15158.6748046875,67.052,173,57,41,0,0
Myopic+ (centrality),51,47015.96875,23067.263671875,1275.3258,22673.373046875,67.033,182,60,42,0,0
Myopic+ (centrality),52,35283.2734375,21757.4296875,1156.1341,12369.708984375,69.7368,152,46,39,0,0
Myopic+ (centrality),53,42340.19140625,22322.83203125,1273.1112,18744.26171875,63.69050000000001,168,61,40,0,0
Myopic+ (centrality),54,34854.56640625,21632.638671875,1123.8819,12098.0419921875,75.1592,157,39,39,0,0
Myopic+ (centrality),55,36813.140625,22287.24609375,1227.5835,13298.3115234375,69.7531,162,49,40,0,0
Myopic+ (centrality),56,41512.23828125,23123.44921875,1251.6475,17137.150390625,64.8352,182,64,42,0,0
Myopic+ (centrality),57,39059.36328125,22759.62109375,1271.0079,15028.732421875,70.5882,170,50,41,0,0
Myopic+ (centrality),58,41786.41015625,22450.4296875,1295.1491,18040.82421875,67.0732,164,54,41,0,0
Myopic+ (centrality),59,66123.484375,24754.09375,1452.717,39916.65625,49.019600000000004,204,104,45,0,0
Myopic+ (centrality),6,47501.19921875,24235.59375,1333.295,21932.302734375,59.7938,194,78,44,0,0
Myopic+ (centrality),60,34947.9609375,21542.099609375,1148.421,12257.4345703125,63.2258,155,57,39,0,0
Myopic+ (centrality),61,40896.98046875,23026.482421875,1275.0931,16595.400390625,70.0599,167,50,42,0,0
Myopic+ (centrality),62,38300.4375,21588.65625,1205.0011,15506.767578125,66.2252,151,51,39,0,0
Myopic+ (centrality),63,39951.5234375,22485.80078125,1285.7959,16179.9169921875,66.0714,168,57,41,0,0
Myopic+ (centrality),64,49761.84765625,23431.5859375,1359.4762,24970.798828125,55.618,178,79,42,0,0
Myopic+ (centrality),65,44367.94140625,23203.630859375,1322.7073,19841.603515625,61.4943,174,67,42,0,0
Myopic+ (centrality),66,32271.814453125,21439.025390625,1173.1835,9659.5986328125,74.3243,148,38,39,0,0
Myopic+ (centrality),67,46455.6796875,23732.306640625,1329.5828,21393.798828125,65.77539999999999,187,64,43,0,0
Myopic+ (centrality),68,32853.28125,20508.7890625,1087.5223,11256.974609375,66.9118,136,45,37,0,0
Myopic+ (centrality),69,32510.857421875,20642.41015625,1117.5771,10750.8720703125,66.9231,130,43,37,0,0
Myopic+ (centrality),7,34444.421875,20633.033203125,1072.9828,12738.4052734375,68.1481,135,43,37,0,0
Myopic+ (centrality),70,50227.4921875,24706.482421875,1416.4902,24104.5234375,62.62140000000001,206,77,45,0,0
Myopic+ (centrality),71,36028.79296875,21653.90234375,1157.6954,13217.1943359375,66.6667,156,52,39,0,0
Myopic+ (centrality),72,34991.8984375,21438.1640625,1150.8713,12402.8642578125,71.4286,147,42,39,0,0
Myopic+ (centrality),73,45146.63671875,23743.14453125,1366.9099,20036.58203125,71.8232,181,51,43,0,0
Myopic+ (centrality),74,38251.59765625,21431.12109375,1177.6068,15642.8701171875,64.6667,150,53,39,0,0
Myopic+ (centrality),75,39388.5234375,22578.564453125,1207.1804,15602.787109375,68.8623,167,52,41,0,0
Myopic+ (centrality),76,41294.42578125,22823.37109375,1231.5949,17239.458984375,68.9655,174,54,41,0,0
Myopic+ (centrality),77,37968.4765625,22077.154296875,1270.6503,14620.6796875,67.90119999999999,162,52,40,0,0
Myopic+ (centrality),78,50500.99609375,22025.84765625,1218.3456,27256.802734375,51.85189999999999,162,78,40,0,0
Myopic+ (centrality),79,41624.1953125,22811.607421875,1198.7707,17613.8125,64.9718,177,62,41,0,0
Myopic+ (centrality),8,37535.6328125,21978.22265625,1236.132,14321.2783203125,65.8228,158,54,40,0,0
Myopic+ (centrality),80,38586.15625,22511.828125,1295.1837,14779.1474609375,68.2927,164,52,41,0,0
Myopic+ (centrality),81,44213.06640625,21814.263671875,1285.6505,21113.12890625,58.9744,156,64,39,0,0
Myopic+ (centrality),82,69282.4765625,24899.056640625,1425.0417,42958.37109375,51.9231,208,100,45,0,0
Myopic+ (centrality),83,34181.5703125,21236.267578125,1092.4699,11852.8271484375,75.0,152,38,38,0,0
Myopic+ (centrality),84,41883.6171875,22806.04296875,1280.037,17797.53515625,63.7427,171,62,41,0,0
Myopic+ (centrality),85,40880.53515625,22703.2734375,1264.2675,16913.0,61.9048,168,64,41,0,0
Myopic+ (centrality),86,40210.91015625,22030.5703125,1229.5651,16950.76953125,69.1358,162,50,40,0,0
Myopic+ (centrality),87,38632.3125,21346.482421875,1130.4103,16155.41796875,62.328799999999994,146,55,39,0,0
Myopic+ (centrality),88,49095.328125,24210.71875,1258.2656,23626.349609375,63.81909999999999,199,72,44,0,0
Myopic+ (centrality),89,40480.5703125,21533.111328125,1064.4247,17883.04296875,65.8065,155,53,39,0,0
Myopic+ (centrality),9,33864.875,21367.833984375,1100.9546,11396.083984375,74.1722,151,39,39,0,0
Myopic+ (centrality),90,34270.62890625,20453.21875,1094.2777,12723.1376953125,70.6767,133,39,37,0,0
Myopic+ (centrality),91,39860.88671875,22538.16015625,1253.8724,16068.857421875,67.4419,172,56,41,0,0
Myopic+ (centrality),92,36891.18359375,22298.32421875,1212.7243,13380.140625,70.4819,166,49,40,0,0
Myopic+ (centrality),93,38134.71484375,22578.96484375,1230.1785,14325.5712890625,72.619,168,46,41,0,0
Myopic+ (centrality),94,34329.32421875,20073.884765625,1034.8755,13220.5634765625,72.4409,127,35,36,0,0
Myopic+ (centrality),95,34096.23828125,21184.7890625,1129.501,11781.9482421875,78.0822,146,32,38,0,0
Myopic+ (centrality),96,35851.28515625,21260.466796875,1100.1859,13490.6396484375,64.1379,145,52,38,0,0
Myopic+ (centrality),97,45611.82421875,23619.091796875,1265.2206,20727.517578125,61.578900000000004,190,73,43,0,0
Myopic+ (centrality),98,33409.01953125,21030.828125,1082.228,11295.9599609375,70.7143,140,41,38,0,0
Myopic+ (centrality),99,31479.984375,19987.91015625,957.6625,10534.4140625,75.1938,129,32,36,0,0
CFA (centrality),1,37279.48828125,21687.267578125,1199.3495,14392.8740234375,71.0526,152,44,39,0,0
CFA (centrality),10,39222.77734375,22205.048828125,1228.574,15789.15234375,66.4516,155,52,40,0,0
CFA (centrality),100,36144.5546875,21202.1015625,1155.2813,13787.169921875,73.1884,138,37,38,0,0
CFA (centrality),101,37121.3984375,22108.1953125,1246.0257,13767.177734375,70.7317,164,48,40,0,0
CFA (centrality),102,34883.67578125,21380.060546875,1108.0461,12395.56640625,66.1972,142,48,39,0,0
CFA (centrality),103,37251.37890625,22664.498046875,1377.9112,13208.9677734375,71.0059,169,49,41,0,0
CFA (centrality),104,43454.12109375,22585.681640625,1266.0736,19602.3671875,67.8788,165,53,41,0,0
CFA (centrality),105,36624.68359375,21969.3984375,1230.7213,13424.56640625,66.0256,156,53,40,0,0
CFA (centrality),106,45869.765625,23149.984375,1264.9417,21454.84375,70.1087,184,55,42,0,0
CFA (centrality),107,41878.5078125,22306.052734375,1203.454,18369.001953125,63.1902,163,60,40,0,0
CFA (centrality),108,35652.2421875,20879.71484375,1161.1039,13611.4267578125,58.695699999999995,138,57,38,0,0
CFA (centrality),109,33476.7734375,21122.494140625,1080.7443,11273.5361328125,74.3056,144,37,38,0,0
CFA (centrality),11,51471.78515625,24417.08984375,1372.952,25681.740234375,62.0513,195,74,44,0,0
CFA (centrality),110,43750.25,22079.6640625,1258.8066,20411.787109375,62.3377,154,58,40,0,0
CFA (centrality),111,46376.5390625,24004.349609375,1358.4845,21013.69921875,66.1458,192,65,43,0,0
CFA (centrality),112,38011.32421875,22578.705078125,1311.1731,14121.44140625,72.1212,165,46,41,0,0
CFA (centrality),113,42549.109375,21910.533203125,1185.6449,19452.927734375,66.25,160,54,40,0,0
CFA (centrality),114,44178.32421875,23153.8828125,1227.2209,19797.22265625,65.7303,178,61,42,0,0
CFA (centrality),115,43450.2109375,23675.16015625,1298.5862,18476.466796875,66.4921,191,64,43,0,0
CFA (centrality),116,41440.95703125,22816.849609375,1270.7358,17353.37890625,60.9756,164,64,41,0,0
CFA (centrality),117,40276.4375,23193.478515625,1351.6464,15731.3076171875,70.78649999999999,178,52,42,0,0
CFA (centrality),118,41172.19921875,22300.240234375,1177.3649,17694.595703125,68.6747,166,52,40,0,0
CFA (centrality),119,36524.296875,22210.171875,1300.9182,13013.20703125,73.2484,157,42,40,0,0
CFA (centrality),12,35619.29296875,21566.826171875,1243.717,12808.7490234375,71.7241,145,41,39,0,0
CFA (centrality),120,37900.49609375,21783.806640625,1170.2369,14946.453125,65.5844,154,53,39,0,0
CFA (centrality),121,37150.61328125,22173.71484375,1205.4632,13771.4404296875,71.519,158,45,40,0,0
CFA (centrality),122,36240.55078125,21449.978515625,1161.4007,13629.17578125,69.7183,142,43,39,0,0
CFA (centrality),123,33425.15625,21611.603515625,1171.9419,10641.60546875,68.79429999999999,141,44,39,0,0
CFA (centrality),124,44495.0703125,22792.92578125,1269.724,20432.412109375,66.2722,169,57,41,0,0
CFA (centrality),125,44397.375,23200.240234375,1236.0277,19961.10546875,72.0,175,49,42,0,0
CFA (centrality),126,42076.20703125,21616.138671875,1230.632,19229.435546875,68.8742,151,47,39,0,0
CFA (centrality),127,39361.93359375,22185.673828125,1210.4347,15965.8203125,70.2532,158,47,40,0,0
CFA (centrality),128,46665.01171875,24040.080078125,1331.565,21293.3671875,66.6667,189,63,43,0,0
CFA (centrality),129,36526.94921875,22785.921875,1197.444,12543.583984375,69.186,172,53,41,0,0
CFA (centrality),13,38269.85546875,22734.70703125,1246.7233,14288.4130859375,65.2941,170,59,41,0,0
CFA (centrality),130,42470.0078125,23339.671875,1293.8835,17836.4453125,70.3911,179,53,42,0,0
CFA (centrality),131,53501.35546875,24050.74609375,1339.9249,28110.6875,61.5764,203,78,43,0,0
CFA (centrality),132,38735.9921875,22334.359375,1262.4641,15139.1748046875,71.7791,163,46,40,0,0
CFA (centrality),133,35653.65234375,21466.6171875,1199.5523,12987.486328125,67.1141,149,49,39,0,0
CFA (centrality),134,41114.13671875,22899.76953125,1258.1283,16956.234375,70.1754,171,51,41,0,0
CFA (centrality),135,42853.35546875,22928.357421875,1277.0829,18647.919921875,70.4819,166,49,41,0,0
CFA (centrality),136,48123.109375,22697.33984375,1249.5144,24176.25390625,65.47619999999999,168,58,41,0,0
CFA (centrality),137,41877.359375,22487.705078125,1290.6354,18099.02734375,62.111799999999995,161,61,41,0,0
CFA (centrality),138,33705.65234375,20467.826171875,1073.7408,12164.091796875,70.0,130,39,37,0,0
CFA (centrality),139,41648.26953125,22142.16796875,1268.1508,18237.951171875,61.3924,158,61,40,0,0
CFA (centrality),14,36587.59375,21022.576171875,1098.585,14466.4306640625,75.1773,141,35,38,0,0
CFA (centrality),140,40713.3515625,22282.75390625,1191.9694,17238.634765625,64.5161,155,55,40,0,0
CFA (centrality),141,45874.44921875,23814.3984375,1338.9992,20721.046875,73.2984,191,51,43,0,0
CFA (centrality),142,36198.5625,21657.36328125,1181.9058,13359.294921875,73.20259999999999,153,41,39,0,0
CFA (centrality),143,49325.7890625,23564.28125,1289.1231,24472.375,65.3846,182,63,43,0,0
CFA (centrality),144,35556.44921875,20615.814453125,1105.7264,13834.912109375,69.28569999999999,140,43,37,0,0
CFA (centrality),145,55466.3984375,23267.40625,1309.3302,30889.66015625,58.42699999999999,178,74,42,0,0
CFA (centrality),146,42097.62890625,22910.0703125,1224.0278,17963.533203125,66.0819,171,58,41,0,0
CFA (centrality),147,36935.3046875,21952.0703125,1255.8526,13727.380859375,67.1141,149,49,40,0,0
CFA (centrality),148,38029.6875,21664.6171875,1118.5705,15246.505859375,63.5135,148,54,39,0,0
CFA (centrality),149,49945.171875,23561.353515625,1359.5903,25024.224609375,60.3352,179,71,43,0,0
CFA (centrality),15,37698.55078125,22265.05859375,1219.5814,14213.9140625,66.875,160,53,40,0,0
CFA (centrality),150,42839.55078125,24421.306640625,1335.5328,17082.7109375,66.9951,203,67,44,0,0
CFA (centrality),151,36838.6953125,21919.73046875,1162.5604,13756.408203125,66.875,160,53,40,0,0
CFA (centrality),152,37316.1171875,22491.31640625,1221.3664,13603.431640625,71.85629999999999,167,47,41,0,0
CFA (centrality),153,36249.87890625,21819.2890625,1214.8654,13215.7216796875,72.7273,154,42,39,0,0
CFA (centrality),154,37251.5234375,22481.916015625,1224.7017,13544.9140625,69.9387,163,49,41,0,0
CFA (centrality),155,41481.49609375,23200.54296875,1271.88,17009.080078125,65.9091,176,60,42,0,0
CFA (centrality),156,39448.4140625,22494.8515625,1254.1303,15699.42578125,71.9512,164,46,41,0,0
CFA (centrality),157,28721.61328125,19975.3203125,1143.9587,7602.3330078125,63.55929999999999,118,43,36,0,0
CFA (centrality),158,41443.53125,22578.376953125,1252.8325,17612.318359375,64.8485,165,58,41,0,0
CFA (centrality),159,42050.27734375,23657.115234375,1307.3666,17085.79296875,71.6667,180,51,43,0,0
CFA (centrality),16,37287.328125,21788.8125,1082.4456,14416.0751953125,66.25,160,54,39,0,0
CFA (centrality),160,37496.578125,22314.205078125,1272.8435,13909.5380859375,68.6391,169,53,40,0,0
CFA (centrality),161,37512.56640625,21363.140625,1138.3021,15011.1298828125,69.5946,148,45,39,0,0
CFA (centrality),162,32776.7578125,20564.53125,1074.2339,11137.9970703125,69.697,132,40,37,0,0
CFA (centrality),163,31838.677734375,20863.95703125,1058.7964,9915.9287109375,69.1176,136,42,38,0,0
CFA (centrality),164,40813.9453125,22059.138671875,1219.2681,17535.537109375,68.5185,162,51,40,0,0
CFA (centrality),165,40710.8046875,23284.048828125,1225.6799,16201.08203125,68.92660000000001,177,55,42,0,0
CFA (centrality),166,52531.90234375,24412.26171875,1314.6616,26804.978515625,63.0542,203,75,44,0,0
CFA (centrality),167,38171.328125,21559.265625,1082.9912,15529.0771484375,65.3595,153,53,39,0,0
CFA (centrality),168,35827.21875,21727.875,1187.7806,12911.5576171875,70.1299,154,46,39,0,0
CFA (centrality),169,41341.28125,22780.412109375,1307.1055,17253.765625,68.2081,173,55,41,0,0
CFA (centrality),17,50754.9921875,23003.107421875,1239.7622,26512.123046875,62.2093,172,65,42,0,0
CFA (centrality),170,42035.34375,22868.859375,1244.8667,17921.62109375,66.0819,171,58,41,0,0
CFA (centrality),171,40991.56640625,22784.03515625,1241.2995,16966.236328125,59.659099999999995,176,71,41,0,0
CFA (centrality),172,42141.55859375,22696.294921875,1285.6984,18159.568359375,73.8372,172,45,41,0,0
CFA (centrality),173,34829.47265625,21155.26171875,1185.8132,12488.400390625,69.0141,142,44,38,0,0
CFA (centrality),174,31141.36328125,20548.712890625,1142.5198,9450.1337890625,72.18050000000001,133,37,37,0,0
CFA (centrality),175,42741.13671875,22167.216796875,1223.7455,19350.18359375,66.4596,161,54,40,0,0
CFA (centrality),176,47340.56640625,23182.99609375,1208.6321,22948.92578125,61.4943,174,67,42,0,0
CFA (centrality),177,35464.16015625,21619.314453125,1172.8662,12671.986328125,66.6667,150,50,39,0,0
CFA (centrality),178,46571.77734375,23867.435546875,1367.8266,21336.513671875,69.1489,188,58,43,0,0
CFA (centrality),179,43998.7109375,22273.4921875,1172.9991,20552.2265625,63.4731,167,61,40,0,0
CFA (centrality),18,48960.5859375,23234.017578125,1263.4717,24463.08984375,63.0682,176,65,42,0,0
CFA (centrality),180,44050.984375,23419.94921875,1326.3876,19304.642578125,66.2983,181,61,42,0,0
CFA (centrality),181,38861.7890625,22255.1015625,1161.5658,15445.1181640625,62.874300000000005,167,62,40,0,0
CFA (centrality),182,39011.546875,22105.166015625,1227.5525,15678.8203125,69.3252,163,50,40,0,0
CFA (centrality),183,44788.078125,22246.134765625,1159.9907,21381.953125,65.4321,162,56,40,0,0
CFA (centrality),184,38089.15625,21355.921875,1131.5833,15601.6494140625,66.443,149,50,39,0,0
CFA (centrality),185,36882.37890625,22211.205078125,1204.0933,13467.0849609375,65.60510000000001,157,54,40,0,0
CFA (centrality),186,45378.8671875,22697.58203125,1266.9407,21414.337890625,64.3275,171,61,41,0,0
CFA (centrality),187,50962.37890625,22692.94140625,1244.3721,27025.06640625,64.2045,176,63,41,0,0
CFA (centrality),188,35210.4140625,19898.2421875,1101.9969,14210.1748046875,63.934400000000004,122,44,36,0,0
CFA (centrality),189,36671.34375,21058.978515625,1147.6053,14464.76171875,69.0141,142,44,38,0,0
CFA (centrality),19,46116.96484375,22916.875,1242.9083,21957.19140625,60.0,170,68,41,0,0
CFA (centrality),190,39622.81640625,22013.572265625,1188.9051,16420.333984375,67.0886,158,52,40,0,0
CFA (centrality),191,43002.81640625,23053.87890625,1235.6795,18713.259765625,74.7059,170,43,42,0,0
CFA (centrality),192,33277.74609375,20488.349609375,1097.5259,11691.8681640625,75.7576,132,32,37,0,0
CFA (centrality),193,38286.65234375,22059.78125,1256.5793,14970.28515625,69.8113,159,48,40,0,0
CFA (centrality),194,39169.36328125,22529.435546875,1210.4207,15429.501953125,65.0888,169,59,41,0,0
CFA (centrality),195,34200.05859375,20657.705078125,1157.7612,12384.59375,74.4186,129,33,37,0,0
CFA (centrality),196,41848.40625,22591.763671875,1279.2552,17977.390625,71.4286,168,48,41,0,0
CFA (centrality),197,44496.30859375,23395.869140625,1338.5563,19761.89453125,69.4915,177,54,42,0,0
CFA (centrality),198,37189.64453125,22140.8046875,1233.7273,13815.11328125,70.4403,159,47,40,0,0
CFA (centrality),199,46522.27734375,24566.376953125,1383.2336,20572.666015625,72.2772,202,56,44,0,0
CFA (centrality),2,42026.47265625,23331.541015625,1296.7554,17398.18359375,72.1591,176,49,42,0,0
CFA (centrality),20,35668.87109375,21427.525390625,1158.4214,13082.9189453125,68.9655,145,45,39,0,0
CFA (centrality),200,41753.8671875,22695.119140625,1196.6225,17862.123046875,67.46990000000001,166,54,41,0,0
CFA (centrality),201,40995.34765625,21991.2734375,1210.5131,17793.568359375,66.01310000000001,153,52,40,0,0
CFA (centrality),202,36928.58984375,21354.3359375,1178.802,14395.451171875,67.6056,142,46,39,0,0
CFA (centrality),203,33422.15625,20496.7265625,1071.6695,11853.759765625,64.7059,136,48,37,0,0
CFA (centrality),204,39288.296875,21977.158203125,1239.9755,16071.166015625,67.2956,159,52,40,0,0
CFA (centrality),205,38713.6875,21783.787109375,1201.4184,15728.486328125,67.1141,149,49,39,0,0
CFA (centrality),206,39125.953125,22725.31640625,1249.2309,15151.4130859375,66.4706,170,57,41,0,0
CFA (centrality),207,37255.55859375,21180.0390625,1120.0397,14955.4765625,62.987,154,57,38,0,0
CFA (centrality),208,50109.3203125,23405.38671875,1250.6361,25453.302734375,69.6133,181,55,42,0,0
CFA (centrality),209,40049.90234375,23286.70703125,1323.572,15439.6259765625,62.6437,174,65,42,0,0
CFA (centrality),21,44839.7734375,23623.0859375,1311.0176,19905.6796875,65.9341,182,62,43,0,0
CFA (centrality),210,37456.84765625,20655.359375,1060.2926,15741.197265625,70.5036,139,41,37,0,0
CFA (centrality),211,42789.453125,21183.66015625,1149.765,20456.033203125,64.5833,144,51,38,0,0
CFA (centrality),212,38439.25,22901.92578125,1303.38,14233.947265625,69.1429,175,54,41,0,0
CFA (centrality),213,37212.90625,21482.078125,1170.0539,14560.7666015625,64.5833,144,51,39,0,0
CFA (centrality),214,46239.53125,22583.326171875,1227.6172,22428.58203125,65.3409,176,61,41,0,0
CFA (centrality),215,41825.51953125,22761.537109375,1321.8402,17742.13671875,74.6988,166,42,41,0,0
CFA (centrality),216,41485.6640625,22145.208984375,1233.1809,18107.26953125,71.9512,164,46,40,0,0
CFA (centrality),217,37380.9375,21455.650390625,1119.3897,14805.892578125,66.2162,148,50,39,0,0
CFA (centrality),218,44626.47265625,22379.4453125,1237.993,21009.04296875,66.4671,167,56,40,0,0
CFA (centrality),219,40192.46875,23684.533203125,1338.3447,15169.5859375,72.7273,176,48,43,0,0
CFA (centrality),22,47121.23046875,23795.0078125,1315.8849,22010.333984375,61.290299999999995,186,72,43,0,0
CFA (centrality),220,37019.6328125,21588.984375,1235.5125,14195.1396484375,75.8389,149,36,39,0,0
CFA (centrality),221,40581.5390625,23001.265625,1197.1732,16383.099609375,64.94250000000001,174,61,42,0,0
CFA (centrality),222,34116.5703125,20842.74609375,1107.3906,12166.4384765625,67.1533,137,45,38,0,0
CFA (centrality),223,41056.63671875,21883.8828125,1186.618,17986.138671875,68.2927,164,52,40,0,0
CFA (centrality),224,37925.86328125,22762.08984375,1288.0034,13875.7646484375,64.497,169,60,41,0,0
CFA (centrality),225,51488.15234375,22902.3515625,1198.9338,27386.86328125,58.9888,178,73,41,0,0
CFA (centrality),226,41037.27734375,22020.8828125,1172.6845,17843.70703125,68.98729999999999,158,49,40,0,0
CFA (centrality),227,42932.5078125,23136.76171875,1261.6315,18534.119140625,69.4444,180,55,42,0,0
CFA (centrality),228,37207.296875,23126.74609375,1326.358,12754.1962890625,68.5393,178,56,42,0,0
CFA (centrality),229,35280.9609375,19837.89453125,1045.7615,14397.3076171875,61.4754,122,47,36,0,0
CFA (centrality),23,36393.4609375,21023.736328125,1112.5755,14257.150390625,63.5714,140,51,38,0,0
CFA (centrality),230,46568.44140625,23817.521484375,1306.606,21444.3125,67.9348,184,59,43,0,0
CFA (centrality),231,42115.16796875,23434.818359375,1289.1898,17391.162109375,67.7419,186,60,42,0,0
CFA (centrality),232,45729.875,23471.783203125,1328.8172,20929.275390625,68.0628,191,61,42,0,0
CFA (centrality),233,39188.62109375,22568.8359375,1222.4312,15397.35546875,68.7117,163,51,41,0,0
CFA (centrality),234,44670.05078125,22798.046875,1226.7665,20645.23828125,65.2941,170,59,41,0,0
CFA (centrality),235,42880.46484375,23610.265625,1269.0906,18001.109375,69.68090000000001,188,57,43,0,0
CFA (centrality),236,38337.1484375,21514.095703125,1190.3436,15632.7119140625,66.4474,152,51,39,0,0
CFA (centrality),237,39360.67578125,22338.59765625,1265.7165,15756.3564453125,67.6647,167,54,40,0,0
CFA (centrality),238,49385.32421875,23489.9609375,1326.2256,24569.1328125,63.841800000000006,177,64,42,0,0
CFA (centrality),239,37866.37109375,21220.1875,1183.8285,15462.35546875,69.7842,139,42,38,0,0
CFA (centrality),24,39861.86328125,22488.767578125,1215.8318,16157.2587890625,70.122,164,49,41,0,0
CFA (centrality),240,34466.93359375,20796.28125,1159.7159,12510.9345703125,70.6767,133,39,38,0,0
CFA (centrality),241,37323.0234375,21166.400390625,1151.7565,15004.8720703125,72.78909999999999,147,40,38,0,0
CFA (centrality),242,38150.74609375,22560.087890625,1300.6585,14290.0048828125,68.0723,166,53,41,0,0
CFA (centrality),243,56361.7421875,25122.74609375,1416.1567,29822.853515625,60.1896,211,84,45,0,0
CFA (centrality),244,43688.140625,24364.3515625,1326.1351,17997.662109375,69.5,200,61,44,0,0
CFA (centrality),245,33346.1328125,20527.453125,1111.8293,11706.8505859375,69.403,134,41,37,0,0
CFA (centrality),246,41508.046875,22918.2109375,1209.6331,17380.205078125,66.1111,180,61,41,0,0
CFA (centrality),247,37275.4921875,21186.1796875,1100.4191,14988.900390625,65.9722,144,49,38,0,0
CFA (centrality),248,43349.703125,23886.6015625,1325.8256,18137.279296875,70.3704,189,56,43,0,0
CFA (centrality),249,40866.58203125,22549.955078125,1278.0232,17038.607421875,61.9048,168,64,41,0,0
CFA (centrality),25,38802.3984375,22378.779296875,1185.7496,15237.8720703125,67.4556,169,55,40,0,0
CFA (centrality),250,30546.626953125,20369.833984375,1095.1823,9081.615234375,79.4118,136,28,37,0,0
CFA (centrality),251,38046.2109375,20647.916015625,1038.8696,16359.423828125,65.2174,138,48,37,0,0
CFA (centrality),252,36024.703125,21647.625,1184.3874,13192.6962890625,67.7852,149,48,39,0,0
CFA (centrality),253,36779.92578125,21115.63671875,1117.8259,14546.466796875,74.8201,139,35,38,0,0
CFA (centrality),254,42841.3671875,23115.24609375,1305.8687,18420.234375,63.7427,171,62,42,0,0
CFA (centrality),255,37019.71875,21720.04296875,1151.0926,14148.5771484375,70.0637,157,47,39,0,0
CFA (centrality),256,42817.05859375,22210.5390625,1189.2526,19417.2578125,67.08070000000001,161,53,40,0,0
CFA (centrality),257,38359.61328125,21914.29296875,1146.1132,15299.2109375,68.7117,163,51,40,0,0
CFA (centrality),258,32337.87890625,21360.07421875,1158.366,9819.431640625,72.66669999999999,150,41,39,0,0
CFA (centrality),259,46661.96875,22773.63671875,1323.0515,22565.28515625,63.9535,172,62,41,0,0
CFA (centrality),26,41036.2265625,23277.830078125,1278.2926,16480.099609375,66.48039999999999,179,60,42,0,0
CFA (centrality),260,38298.3359375,22684.94921875,1178.5722,14434.81640625,72.1591,176,49,41,0,0
CFA (centrality),261,42193.98828125,23375.40625,1347.1033,17471.470703125,67.58239999999999,182,59,42,0,0
CFA (centrality),262,41381.453125,23599.201171875,1364.0457,16418.201171875,69.66290000000001,178,54,43,0,0
CFA (centrality),263,36258.4921875,22084.193359375,1217.998,12956.2998046875,68.32300000000001,161,51,40,0,0
CFA (centrality),264,42657.0703125,23342.1484375,1355.1542,17959.76171875,66.8539,178,59,42,0,0
CFA (centrality),265,43855.9921875,22615.634765625,1249.8079,19990.552734375,68.2635,167,53,41,0,0
CFA (centrality),266,33859.8125,20842.134765625,1094.0456,11923.6396484375,67.8322,143,46,38,0,0
CFA (centrality),267,46848.484375,23935.958984375,1330.3475,21582.181640625,67.5393,191,62,43,0,0
CFA (centrality),268,41138.15625,23302.896484375,1177.6667,16657.59765625,69.0217,184,57,42,0,0
CFA (centrality),269,37752.8359375,22247.126953125,1217.2028,14288.5068359375,73.65270000000001,167,44,40,0,0
CFA (centrality),27,40620.7890625,22707.283203125,1299.8722,16613.630859375,68.6747,166,52,41,0,0
CFA (centrality),270,37664.96875,21985.31640625,1224.3058,14455.3388671875,70.3704,162,48,40,0,0
CFA (centrality),271,35527.58984375,22121.9609375,1213.4317,12192.2021484375,68.9024,164,51,40,0,0
CFA (centrality),272,37584.34375,21200.97265625,1176.6341,15206.7412109375,68.27590000000001,145,46,38,0,0
CFA (centrality),273,36620.05078125,21710.46875,1181.6675,13727.9169921875,69.9346,153,46,39,0,0
CFA (centrality),274,40595.82421875,22681.853515625,1273.4126,16640.560546875,71.0059,169,49,41,0,0
CFA (centrality),275,44560.15234375,23404.150390625,1382.469,19773.533203125,70.5556,180,53,42,0,0
CFA (centrality),276,45010.72265625,23586.482421875,1336.4503,20087.79296875,64.7059,187,66,43,0,0
CFA (centrality),277,38213.8515625,23214.548828125,1337.6447,13661.6611328125,74.8603,179,45,42,0,0
CFA (centrality),278,46523.3828125,23400.908203125,1280.2446,21842.232421875,60.3352,179,71,42,0,0
CFA (centrality),279,41865.2578125,22444.193359375,1266.6943,18154.361328125,60.2564,156,62,41,0,0
CFA (centrality),28,40567.8046875,23592.02734375,1318.5406,15657.236328125,61.9048,189,72,43,0,0
CFA (centrality),280,49258.49609375,23436.94921875,1300.2444,24521.30078125,64.67389999999999,184,65,42,0,0
CFA (centrality),281,39447.578125,22269.640625,1257.4076,15920.5361328125,69.8113,159,48,40,0,0
CFA (centrality),282,35945.4375,21497.740234375,1131.6827,13316.013671875,69.3333,150,46,39,0,0
CFA (centrality),283,36729.00390625,20654.16796875,1089.0305,14985.7998046875,74.0458,131,34,37,0,0
CFA (centrality),284,35627.56640625,20950.234375,1095.2067,13582.1279296875,73.0496,141,38,38,0,0
CFA (centrality),285,37245.046875,21804.681640625,1120.6976,14319.6669921875,69.8113,159,48,39,0,0
CFA (centrality),286,38757.7734375,21941.349609375,1238.2352,15578.1826171875,65.7895,152,52,40,0,0
CFA (centrality),287,36730.58984375,21533.771484375,1163.5135,14033.30859375,70.068,147,44,39,0,0
CFA (centrality),288,48865.953125,23706.802734375,1269.5886,23889.548828125,57.526900000000005,186,79,43,0,0
CFA (centrality),289,40813.6953125,22800.0625,1223.7773,16789.85546875,70.0599,167,50,41,0,0
CFA (centrality),29,38103.671875,22074.421875,1184.8436,14844.4052734375,70.1299,154,46,40,0,0
CFA (centrality),290,43798.0234375,22711.990234375,1317.0469,19768.98828125,62.02530000000001,158,60,41,0,0
CFA (centrality),291,40066.828125,23290.30078125,1250.3127,15526.21484375,65.3631,179,62,42,0,0
CFA (centrality),292,47086.67578125,23774.53125,1289.6738,22022.474609375,63.7838,185,67,43,0,0
CFA (centrality),293,35732.828125,21315.029296875,1145.5072,13272.296875,74.1497,147,38,39,0,0
CFA (centrality),294,45914.640625,23051.798828125,1246.3643,21616.490234375,60.1156,173,69,42,0,0
CFA (centrality),295,33325.42578125,20503.205078125,1121.738,11700.4853515625,72.09299999999999,129,36,37,0,0
CFA (centrality),296,47780.83203125,22640.65234375,1232.2744,23907.91015625,58.9595,173,71,41,0,0
CFA (centrality),297,39907.40234375,21580.5546875,1221.077,17105.775390625,64.9007,151,53,39,0,0
CFA (centrality),298,31846.685546875,20764.193359375,1184.1617,9898.3291015625,72.7941,136,37,38,0,0
CFA (centrality),299,39359.7578125,22333.72265625,1318.0288,15708.001953125,66.242,157,53,40,0,0
CFA (centrality),3,38230.61328125,22586.0625,1216.3443,14428.2109375,65.47619999999999,168,58,41,0,0
CFA (centrality),30,37765.97265625,21460.427734375,1177.0608,15128.4833984375,72.1088,147,41,39,0,0
CFA (centrality),300,35264.85546875,21738.86328125,1193.3455,12332.6552734375,67.3203,153,50,39,0,0
CFA (centrality),301,42134.83984375,23921.630859375,1302.0455,16911.162109375,68.0851,188,60,43,0,0
CFA (centrality),302,40989.58984375,22245.44140625,1189.9507,17554.193359375,69.375,160,49,40,0,0
CFA (centrality),303,38209.19140625,21752.291015625,1179.9512,15276.9423828125,67.5159,157,51,39,0,0
CFA (centrality),304,36237.58203125,22162.78125,1237.8561,12836.9462890625,73.913,161,42,40,0,0
CFA (centrality),305,55105.30078125,24722.267578125,1371.9348,29011.1015625,57.99999999999999,200,84,45,0,0
CFA (centrality),306,47984.64453125,23393.236328125,1299.528,23291.875,65.1685,178,62,42,0,0
CFA (centrality),307,54720.8046875,23313.904296875,1273.6031,30133.298828125,54.8913,184,83,42,0,0
CFA (centrality),308,34388.26171875,20529.17578125,1024.6939,12834.39453125,65.11630000000001,129,45,37,0,0
CFA (centrality),309,36467.40625,21507.197265625,1138.4951,13821.7060546875,71.3333,150,43,39,0,0
CFA (centrality),31,34237.953125,21702.3359375,1172.735,11362.8916015625,76.4706,153,36,39,0,0
CFA (centrality),310,41655.421875,23179.396484375,1246.0321,17229.994140625,68.75,176,55,42,0,0
CFA (centrality),311,40827.58203125,22833.078125,1222.4144,16772.0859375,65.1685,178,62,41,0,0
CFA (centrality),312,45578.6640625,23223.15234375,1247.7657,21107.7421875,67.4157,178,58,42,0,0
CFA (centrality),313,34685.62890625,20934.06640625,1189.7937,12561.7705078125,68.5315,143,45,38,0,0
CFA (centrality),314,37873.09765625,21369.3359375,1089.2013,15414.55859375,60.4167,144,57,39,0,0
CFA (centrality),315,37876.8203125,21915.0234375,1200.4357,14761.3603515625,64.7059,153,54,40,0,0
CFA (centrality),316,40864.19921875,21630.984375,1167.0413,18066.18359375,69.0789,152,47,39,0,0
CFA (centrality),317,39380.4609375,22341.548828125,1227.6942,15811.22265625,69.0058,171,53,40,0,0
CFA (centrality),318,37232.01171875,22647.529296875,1221.5482,13362.943359375,74.40480000000001,168,43,41,0,0
CFA (centrality),319,35032.78125,21575.75390625,1192.4685,12264.560546875,69.9301,143,43,39,0,0
CFA (centrality),32,49878.79296875,22087.1015625,1220.6525,26571.046875,55.4878,164,73,40,0,0
CFA (centrality),320,32885.89453125,19825.73046875,1060.6219,11999.5361328125,68.0,125,40,36,0,0
CFA (centrality),321,38325.58203125,22235.42578125,1207.3558,14882.794921875,72.2222,162,45,40,0,0
CFA (centrality),322,44403.80859375,21932.39453125,1206.1664,21265.24609375,63.087199999999996,149,55,40,0,0
CFA (centrality),323,36410.08203125,22261.7734375,1200.3913,12947.921875,66.0377,159,54,40,0,0
CFA (centrality),324,41455.390625,22283.2890625,1264.0546,17908.041015625,68.75,160,50,40,0,0
CFA (centrality),325,35609.3671875,22275.794921875,1204.4056,12129.1689453125,72.4359,156,43,40,0,0
CFA (centrality),326,46627.0390625,23667.560546875,1314.3162,21645.158203125,69.68090000000001,188,57,43,0,0
CFA (centrality),327,36363.5546875,21162.06640625,1162.1541,14039.3310546875,68.4932,146,46,38,0,0
CFA (centrality),328,33413.33984375,20515.408203125,1089.5818,11808.3525390625,67.6923,130,42,37,0,0
CFA (centrality),329,40593.34765625,22717.380859375,1321.5912,16554.380859375,60.9467,169,66,41,0,0
CFA (centrality),33,42816.125,23238.173828125,1332.4902,18245.44921875,63.7427,171,62,42,0,0
CFA (centrality),330,41054.52734375,22337.751953125,1211.5903,17505.1875,64.8485,165,58,40,0,0
CFA (centrality),331,41112.3671875,22849.42578125,1274.7474,16988.1953125,68.6047,172,54,41,0,0
CFA (centrality),332,38812.87109375,22291.7890625,1200.576,15320.5068359375,72.1893,169,47,40,0,0
CFA (centrality),333,36537.5703125,21676.556640625,1187.5651,13673.4482421875,72.9032,155,42,39,0,0
CFA (centrality),334,40557.14453125,22182.15234375,1190.4447,17184.55078125,65.2439,164,57,40,0,0
CFA (centrality),335,39792.8203125,22282.810546875,1160.9698,16349.0380859375,70.9877,162,47,40,0,0
CFA (centrality),336,41707.74609375,23199.01171875,1299.7099,17209.01953125,68.18180000000001,176,56,42,0,0
CFA (centrality),337,42292.85546875,22264.26171875,1209.9892,18818.60546875,69.5652,161,49,40,0,0
CFA (centrality),338,40484.12109375,22156.72265625,1180.9846,17146.427734375,69.7531,162,49,40,0,0
CFA (centrality),339,34600.0234375,21024.76953125,1104.7654,12470.4853515625,63.88890000000001,144,52,38,0,0
CFA (centrality),34,36245.84765625,21883.107421875,1171.7184,13191.0166015625,72.2581,155,43,40,0,0
CFA (centrality),340,35750.94921875,20627.87890625,1169.8048,13953.2685546875,72.51910000000001,131,36,37,0,0
CFA (centrality),341,34541.39453125,20542.73828125,1066.0908,12932.576171875,71.2121,132,38,37,0,0
CFA (centrality),342,38782.578125,21430.609375,1169.7198,16182.2431640625,68.0272,147,47,39,0,0
CFA (centrality),343,42796.0625,22227.142578125,1153.2148,19415.701171875,69.9387,163,49,40,0,0
CFA (centrality),344,38859.20703125,23127.962890625,1329.0372,14402.203125,68.5393,178,56,42,0,0
CFA (centrality),345,32663.490234375,20471.623046875,1078.6662,11113.2001953125,68.70230000000001,131,41,37,0,0
CFA (centrality),346,39802.828125,22823.669921875,1272.7186,15706.435546875,68.9655,174,54,41,0,0
CFA (centrality),347,34692.96875,20913.1484375,1146.008,12633.8173828125,70.073,137,41,38,0,0
CFA (centrality),348,40687.03515625,22879.52734375,1241.0806,16566.427734375,69.59060000000001,171,52,41,0,0
CFA (centrality),349,37727.546875,22702.65625,1268.9495,13755.939453125,75.14450000000001,173,43,41,0,0
CFA (centrality),35,40184.03515625,23134.82421875,1255.9267,15793.2861328125,68.15639999999999,179,57,42,0,0
CFA (centrality),350,30072.818359375,20534.1484375,1093.5173,8445.1494140625,71.9697,132,37,37,0,0
CFA (centrality),351,39547.15625,23402.927734375,1344.1131,14800.11328125,69.9454,183,55,42,0,0
CFA (centrality),352,36399.54296875,21718.82421875,1207.1983,13473.515625,73.8562,153,40,39,0,0
CFA (centrality),353,35407.68359375,22087.748046875,1185.198,12134.73828125,65.6442,163,56,40,0,0
CFA (centrality),354,35788.91015625,21656.34375,1088.558,13044.0078125,71.7949,156,44,39,0,0
CFA (centrality),355,43664.7421875,22136.02734375,1219.0729,20309.634765625,65.2174,161,56,40,0,0
CFA (centrality),356,43986.06640625,22756.267578125,1227.4617,20002.328125,60.5882,170,67,41,0,0
CFA (centrality),357,39559.6015625,21538.2734375,1200.2771,16821.046875,68.4211,152,48,39,0,0
CFA (centrality),358,42276.10546875,22439.47265625,1157.6708,18678.94921875,71.26440000000001,174,50,41,0,0
CFA (centrality),359,43522.48046875,22371.275390625,1322.8766,19828.32421875,62.874300000000005,167,62,40,0,0
CFA (centrality),36,39989.0078125,22767.533203125,1274.9872,15946.48828125,73.25580000000001,172,46,41,0,0
CFA (centrality),360,38654.29296875,21675.46484375,1220.9937,15757.8291015625,71.7105,152,43,39,0,0
CFA (centrality),361,33936.578125,20670.228515625,1070.3002,12196.0517578125,71.223,139,40,37,0,0
CFA (centrality),362,44387.0078125,22732.98046875,1247.2742,20406.759765625,62.275400000000005,167,63,41,0,0
CFA (centrality),363,43846.546875,23004.486328125,1279.7629,19562.296875,67.4286,175,57,42,0,0
CFA (centrality),364,47013.6171875,23685.35546875,1298.7394,22029.51953125,63.2979,188,69,43,0,0
CFA (centrality),365,40945.0,22842.244140625,1260.3785,16842.3828125,68.2081,173,55,41,0,0
CFA (centrality),366,37527.546875,22444.193359375,1169.4465,13913.904296875,62.804899999999996,164,61,41,0,0
CFA (centrality),367,38879.828125,23115.80078125,1215.3783,14548.646484375,68.0851,188,60,42,0,0
CFA (centrality),368,36399.359375,21055.341796875,1134.4432,14209.5732421875,67.8322,143,46,38,0,0
CFA (centrality),369,45961.28515625,22793.384765625,1212.1586,21955.748046875,64.0,175,63,41,0,0
CFA (centrality),37,32998.0078125,21878.166015625,1180.9869,9938.857421875,76.8212,151,35,40,0,0
CFA (centrality),370,43444.796875,22788.474609375,1274.4257,19381.892578125,64.0244,164,59,41,0,0
CFA (centrality),371,36885.87890625,22244.31640625,1232.8851,13408.6806640625,75.4839,155,38,40,0,0
CFA (centrality),372,38777.85546875,23059.24609375,1257.5768,14461.0380859375,68.5393,178,56,42,0,0
CFA (centrality),373,47122.23046875,22746.486328125,1278.747,23097.0,53.846199999999996,169,78,41,0,0
CFA (centrality),374,40877.515625,22933.923828125,1198.9741,16744.62109375,70.3488,172,51,41,0,0
CFA (centrality),375,42236.56640625,23591.0703125,1322.4364,17323.05859375,61.497299999999996,187,72,43,0,0
CFA (centrality),376,45670.21875,23109.14453125,1306.9724,21254.09765625,62.6437,174,65,42,0,0
CFA (centrality),377,38065.91796875,22851.208984375,1321.3317,13893.3857421875,72.7273,165,45,41,0,0
CFA (centrality),378,39845.6875,21790.443359375,1122.6892,16932.5546875,71.6981,159,45,39,0,0
CFA (centrality),379,37441.21484375,22043.203125,1142.6655,14255.34375,70.0,160,48,40,0,0
CFA (centrality),38,37911.39453125,21947.14453125,1226.9353,14737.30859375,66.0256,156,53,40,0,0
CFA (centrality),380,46024.60546875,23001.353515625,1221.519,21801.744140625,67.58239999999999,182,59,42,0,0
CFA (centrality),381,44253.8046875,23238.306640625,1276.1802,19739.318359375,58.3333,180,75,42,0,0
CFA (centrality),382,34143.51171875,21062.82421875,1183.961,11896.734375,67.1642,134,44,38,0,0
CFA (centrality),383,39021.62109375,21577.904296875,1204.0323,16239.6845703125,64.1026,156,56,39,0,0
CFA (centrality),384,39479.26953125,22286.328125,1236.2662,15956.6787109375,69.0909,165,51,40,0,0
CFA (centrality),385,37724.15234375,21754.185546875,1261.984,14707.984375,73.50989999999999,151,40,39,0,0
CFA (centrality),386,34278.05859375,21447.123046875,1125.1122,11705.8291015625,67.58619999999999,145,47,39,0,0
CFA (centrality),387,37133.39453125,22154.841796875,1206.2717,13772.28125,69.59060000000001,171,52,40,0,0
CFA (centrality),388,41346.953125,22270.19921875,1212.757,17864.0078125,69.1358,162,50,40,0,0
CFA (centrality),389,37813.92578125,21208.99609375,1089.6228,15515.3037109375,65.2174,138,48,38,0,0
CFA (centrality),39,40042.2265625,23175.6484375,1269.136,15597.44140625,62.573100000000004,171,64,42,0,0
CFA (centrality),390,37211.7421875,21202.548828125,1141.5173,14867.6787109375,62.585,147,55,38,0,0
CFA (centrality),391,44936.26171875,24264.775390625,1301.0729,19370.408203125,74.7525,202,51,44,0,0
CFA (centrality),392,40737.7890625,22840.67578125,1329.5858,16567.525390625,66.6667,177,59,41,0,0
CFA (centrality),393,31786.509765625,20554.333984375,1096.5592,10135.6064453125,73.6434,129,34,37,0,0
CFA (centrality),394,40375.53125,21793.427734375,1235.105,17346.99609375,68.1529,157,50,39,0,0
CFA (centrality),395,40328.6875,22186.3046875,1251.0472,16891.33984375,69.5652,161,49,40,0,0
CFA (centrality),396,38010.84375,21076.515625,1178.5901,15755.7373046875,64.02879999999999,139,50,38,0,0
CFA (centrality),397,44492.76953125,23280.5546875,1242.697,19969.51171875,66.2983,181,61,42,0,0
CFA (centrality),398,34582.78515625,21244.44140625,1133.5778,12204.765625,70.0,140,42,38,0,0
CFA (centrality),399,41347.32421875,22827.171875,1209.4973,17310.65625,65.9091,176,60,41,0,0
CFA (centrality),4,43887.08984375,22770.19140625,1247.8961,19869.009765625,66.474,173,58,41,0,0
CFA (centrality),40,35169.82421875,20908.638671875,1099.3323,13161.8544921875,67.8322,143,46,38,0,0
CFA (centrality),400,53379.53515625,23247.947265625,1346.5811,28785.001953125,58.42699999999999,178,74,42,0,0
CFA (centrality),401,34522.55078125,21715.337890625,1300.4909,11506.7197265625,71.3333,150,43,39,0,0
CFA (centrality),402,38977.859375,21695.87890625,1193.0663,16088.91796875,67.3203,153,50,39,0,0
CFA (centrality),403,47777.796875,23265.564453125,1239.0531,23273.173828125,60.3352,179,71,42,0,0
CFA (centrality),404,45943.14453125,23795.791015625,1349.0826,20798.267578125,65.0538,186,65,43,0,0
CFA (centrality),405,54716.87109375,24380.2734375,1368.0861,28968.505859375,60.0,200,80,44,0,0
CFA (centrality),406,41317.5390625,22123.408203125,1216.4375,17977.69921875,68.7898,157,49,40,0,0
CFA (centrality),407,31630.67578125,20462.837890625,1060.4397,10107.3955078125,74.0741,135,35,37,0,0
CFA (centrality),408,38316.75390625,22774.62109375,1265.9898,14276.1376953125,68.8623,167,52,41,0,0
CFA (centrality),409,32036.650390625,20034.322265625,1087.1523,10915.177734375,73.4375,128,34,36,0,0
CFA (centrality),41,38541.3515625,22586.521484375,1289.4383,14665.4052734375,71.3415,164,47,41,0,0
CFA (centrality),410,46263.84375,23129.201171875,1241.4481,21893.197265625,65.1685,178,62,42,0,0
CFA (centrality),411,43834.59375,23165.978515625,1276.0943,19392.52734375,66.092,174,59,42,0,0
CFA (centrality),412,40706.7578125,22255.837890625,1273.2961,17177.625,64.19749999999999,162,58,40,0,0
CFA (centrality),413,47826.7734375,22902.029296875,1281.9759,23642.7578125,62.048199999999994,166,63,41,0,0
CFA (centrality),414,39373.0234375,23107.466796875,1257.7707,15007.78125,74.57629999999999,177,45,42,0,0
CFA (centrality),415,36992.56640625,21417.056640625,1099.365,14476.142578125,71.5232,151,43,39,0,0
CFA (centrality),416,35500.6953125,21884.35546875,1188.3863,12427.951171875,74.5223,157,40,40,0,0
CFA (centrality),417,38367.64453125,21925.751953125,1198.4119,15243.4892578125,68.6275,153,48,40,0,0
CFA (centrality),418,38251.76953125,22820.421875,1194.9436,14236.400390625,68.04729999999999,169,54,41,0,0
CFA (centrality),419,37180.421875,22015.32421875,1192.9667,13972.134765625,70.8861,158,46,40,0,0
CFA (centrality),42,40754.8671875,22506.796875,1224.6447,17023.421875,65.0602,166,58,41,0,0
CFA (centrality),420,34412.515625,20514.986328125,1096.091,12801.43359375,66.9173,133,44,37,0,0
CFA (centrality),421,37691.69921875,21318.80859375,1070.1278,15302.759765625,66.443,149,50,39,0,0
CFA (centrality),422,47317.4921875,23039.935546875,1266.1971,23011.359375,59.659099999999995,176,71,42,0,0
CFA (centrality),423,30279.052734375,20525.826171875,1119.9291,8633.296875,68.93939999999999,132,41,37,0,0
CFA (centrality),424,37022.18359375,22242.9140625,1174.6706,13604.5986328125,66.6667,159,53,40,0,0
CFA (centrality),425,34927.84765625,20851.228515625,1143.1906,12933.421875,69.7842,139,42,38,0,0
CFA (centrality),426,48766.25,23601.015625,1260.0769,23905.1640625,60.733000000000004,191,75,43,0,0
CFA (centrality),427,34875.73046875,21506.82421875,1111.3076,12257.5966796875,71.6216,148,42,39,0,0
CFA (centrality),428,38095.08984375,21824.0859375,1143.7277,15127.2705078125,71.3376,157,45,39,0,0
CFA (centrality),429,41254.8359375,22384.072265625,1227.4221,17643.341796875,63.0952,168,62,40,0,0
CFA (centrality),43,36030.25,22223.0390625,1169.5126,12637.697265625,65.8537,164,56,40,0,0
CFA (centrality),430,45210.90234375,23854.931640625,1337.0891,20018.884765625,65.445,191,66,43,0,0
CFA (centrality),431,31739.6328125,20535.5,1145.7629,10058.3740234375,64.3411,129,46,37,0,0
CFA (centrality),432,35622.03125,22614.6484375,1250.6949,11756.6943359375,72.0497,161,45,41,0,0
CFA (centrality),433,41823.5625,22631.927734375,1312.6249,17878.994140625,67.4419,172,56,41,0,0
CFA (centrality),434,34255.01171875,21538.130859375,1235.5048,11481.3720703125,70.068,147,44,39,0,0
CFA (centrality),435,45453.51171875,23096.37890625,1333.5988,21023.53515625,70.8791,182,53,42,0,0
CFA (centrality),436,36820.6875,20694.880859375,1073.5879,15052.2109375,69.5035,141,43,37,0,0
CFA (centrality),437,40945.578125,22859.2265625,1248.2568,16838.09375,67.4286,175,57,41,0,0
CFA (centrality),438,38137.07421875,21690.193359375,1196.4701,15250.4091796875,71.2418,153,44,39,0,0
CFA (centrality),439,42872.16015625,24370.498046875,1380.9533,17120.69921875,71.2821,195,56,44,0,0
CFA (centrality),44,40108.35546875,22786.833984375,1294.5626,16026.953125,67.9775,178,57,41,0,0
CFA (centrality),440,36638.2578125,21490.31640625,1133.6433,14014.2861328125,64.8649,148,52,39,0,0
CFA (centrality),441,34760.171875,21612.66796875,1257.7204,11889.78515625,71.5232,151,43,39,0,0
CFA (centrality),442,35963.4296875,21123.248046875,1141.6047,13698.5712890625,65.94200000000001,138,47,38,0,0
CFA (centrality),443,38819.52734375,22316.099609375,1250.5137,15252.912109375,65.6627,166,57,40,0,0
CFA (centrality),444,41876.671875,23484.388671875,1321.6697,17070.611328125,71.26440000000001,174,50,42,0,0
CFA (centrality),445,42979.65234375,23317.400390625,1286.0459,18376.203125,72.5275,182,50,42,0,0
CFA (centrality),446,36576.01171875,20670.748046875,1136.8495,14768.4111328125,76.1538,130,31,37,0,0
CFA (centrality),447,41378.23046875,22897.921875,1233.8591,17246.45703125,67.0455,176,58,41,0,0
CFA (centrality),448,41181.640625,22247.625,1238.1402,17695.87890625,62.7329,161,60,40,0,0
CFA (centrality),449,36488.13671875,21714.83203125,1183.5943,13589.708984375,73.20259999999999,153,41,39,0,0
CFA (centrality),45,29101.5546875,19843.443359375,1025.7298,8232.3779296875,76.4706,119,28,36,0,0
CFA (centrality),450,46220.48046875,23427.6328125,1344.1795,21448.673828125,65.3846,182,63,42,0,0
CFA (centrality),451,34391.58984375,21354.419921875,1164.0391,11873.130859375,75.0,144,36,39,0,0
CFA (centrality),452,35437.421875,21214.6328125,1168.6596,13054.13671875,66.6667,138,46,38,0,0
CFA (centrality),453,36808.94140625,22169.958984375,1223.8787,13415.1025390625,67.9245,159,51,40,0,0
CFA (centrality),454,37543.02734375,21694.064453125,1140.3903,14708.5693359375,71.0692,159,46,39,0,0
CFA (centrality),455,32241.986328125,20764.28125,1138.5686,10339.1376953125,74.0741,135,35,38,0,0
CFA (centrality),456,33092.10546875,20291.59375,1083.4859,11717.029296875,70.16130000000001,124,37,37,0,0
CFA (centrality),457,31614.857421875,20476.458984375,1097.1454,10041.2548828125,74.4526,137,35,37,0,0
CFA (centrality),458,37503.1171875,21526.576171875,1206.9049,14769.638671875,69.7183,142,43,39,0,0
CFA (centrality),459,44134.37890625,22482.4921875,1241.9856,20409.904296875,60.4938,162,64,41,0,0
CFA (centrality),46,36019.5078125,21014.0,1172.0524,13833.453125,65.94200000000001,138,47,38,0,0
CFA (centrality),460,37535.078125,21975.447265625,1184.1838,14375.4482421875,68.2119,151,48,40,0,0
CFA (centrality),461,34608.0,21328.451171875,1208.6434,12070.9052734375,66.89659999999999,145,48,39,0,0
CFA (centrality),462,42275.265625,23716.09765625,1339.8453,17219.3203125,70.5882,187,55,43,0,0
CFA (centrality),463,34838.01171875,22350.521484375,1207.0698,11280.41796875,72.5,160,44,40,0,0
CFA (centrality),464,36904.33984375,21626.029296875,1197.215,14081.1005859375,72.1088,147,41,39,0,0
CFA (centrality),465,37110.359375,21601.171875,1195.6991,14313.484375,64.8649,148,52,39,0,0
CFA (centrality),466,41570.8359375,21800.025390625,1218.0239,18552.78515625,61.745000000000005,149,57,39,0,0
CFA (centrality),467,39807.3046875,22208.810546875,1264.4579,16334.0302734375,67.9245,159,51,40,0,0
CFA (centrality),468,43162.30859375,23799.98828125,1306.655,18055.6640625,62.0321,187,71,43,0,0
CFA (centrality),469,36106.94140625,21251.515625,1179.1496,13676.2783203125,67.8571,140,45,38,0,0
CFA (centrality),47,39941.79296875,22629.04296875,1283.7323,16029.0146484375,67.2727,165,54,41,0,0
CFA (centrality),470,46427.02734375,22854.2890625,1303.2557,22269.484375,58.857099999999996,175,72,41,0,0
CFA (centrality),471,43714.65234375,23135.357421875,1339.414,19239.884765625,65.5172,174,60,42,0,0
CFA (centrality),472,42246.66015625,23004.193359375,1274.678,17967.791015625,67.6301,173,56,42,0,0
CFA (centrality),473,38954.19140625,22678.41015625,1231.4187,15044.36328125,67.2727,165,54,41,0,0
CFA (centrality),474,32351.810546875,19987.255859375,1011.3697,11353.19140625,66.6667,123,41,36,0,0
CFA (centrality),475,43521.140625,22567.603515625,1239.917,19713.6171875,69.6429,168,51,41,0,0
CFA (centrality),476,40522.78515625,22819.998046875,1310.5998,16392.193359375,71.51520000000001,165,47,41,0,0
CFA (centrality),477,34129.375,20270.19921875,1097.7969,12761.3837890625,60.0,125,50,37,0,0
CFA (centrality),478,38952.78125,21557.013671875,1083.8041,16311.966796875,70.303,165,49,39,0,0
CFA (centrality),479,36122.41015625,21872.77734375,1142.4052,13107.2255859375,71.5232,151,43,40,0,0
CFA (centrality),48,39320.984375,23195.267578125,1253.4698,14872.2509765625,70.9497,179,52,42,0,0
CFA (centrality),480,39881.421875,22495.93359375,1210.6326,16174.8564453125,65.26950000000001,167,58,41,0,0
CFA (centrality),481,34657.46875,21580.373046875,1152.79,11924.3115234375,73.20259999999999,153,41,39,0,0
CFA (centrality),482,33914.296875,21318.80859375,1133.815,11461.6708984375,71.4286,140,40,39,0,0
CFA (centrality),483,44758.03515625,23552.77734375,1307.8334,19897.421875,61.7978,178,68,43,0,0
CFA (centrality),484,49560.1796875,23914.669921875,1353.2308,24292.275390625,64.7368,190,67,43,0,0
CFA (centrality),485,44635.6015625,23802.384765625,1354.4612,19478.759765625,61.3757,189,73,43,0,0
CFA (centrality),486,32494.2265625,20655.478515625,1082.5742,10756.17578125,73.9437,142,37,37,0,0
CFA (centrality),487,42327.2109375,23169.078125,1320.8081,17837.322265625,67.7778,180,58,42,0,0
CFA (centrality),488,28812.73828125,19472.54296875,1023.7481,8316.4453125,66.08699999999999,115,39,35,0,0
CFA (centrality),489,56828.04296875,24886.134765625,1336.0597,30605.845703125,62.963,216,80,45,0,0
CFA (centrality),49,45325.76171875,22704.908203125,1269.3949,21351.453125,63.5294,170,62,41,0,0
CFA (centrality),490,42095.359375,22228.75390625,1195.3773,18671.228515625,63.924099999999996,158,57,40,0,0
CFA (centrality),491,43131.0078125,21481.646484375,1163.147,20486.205078125,58.62070000000001,145,60,39,0,0
CFA (centrality),492,39935.40625,22625.990234375,1207.3681,16102.0498046875,69.4611,167,51,41,0,0
CFA (centrality),493,45613.84375,22537.802734375,1208.9975,21867.04296875,63.69050000000001,168,61,41,0,0
CFA (centrality),494,39102.80859375,21943.732421875,1226.111,15932.9677734375,66.4516,155,52,40,0,0
CFA (centrality),495,43366.09765625,22708.248046875,1281.5036,19376.341796875,66.0494,162,55,41,0,0
CFA (centrality),496,43271.53125,21373.02734375,1093.7117,20804.791015625,62.9139,151,56,39,0,0
CFA (centrality),497,48968.76953125,23618.87890625,1315.4214,24034.46875,62.1053,190,72,43,0,0
CFA (centrality),498,35187.2578125,20246.990234375,1073.3874,13866.884765625,68.8,125,39,37,0,0
CFA (centrality),499,39812.33984375,21929.90234375,1138.7378,16743.701171875,69.2308,156,48,40,0,0
CFA (centrality),5,37531.71875,21007.439453125,1135.8347,15388.443359375,67.14290000000001,140,46,38,0,0
CFA (centrality),50,36725.5546875,21552.625,1159.813,14013.11328125,64.7059,153,54,39,0,0
CFA (centrality),500,37609.2109375,21560.580078125,1119.3175,14929.31640625,72.54899999999999,153,42,39,0,0
CFA (centrality),51,45879.96875,22887.18359375,1260.137,21732.646484375,66.6667,177,59,41,0,0
CFA (centrality),52,41662.21875,22814.462890625,1263.4844,17584.26953125,71.5116,172,49,41,0,0
CFA (centrality),53,40725.1875,21667.99609375,1166.3733,17890.818359375,66.0256,156,53,39,0,0
CFA (centrality),54,36444.1171875,22017.65234375,1176.3945,13250.0654296875,72.5,160,44,40,0,0
CFA (centrality),55,37362.953125,22156.169921875,1208.9794,13997.8017578125,70.7317,164,48,40,0,0
CFA (centrality),56,44150.25390625,23408.4609375,1306.3917,19435.400390625,64.1304,184,66,42,0,0
CFA (centrality),57,35173.875,21410.888671875,1106.9852,12656.001953125,69.1275,149,46,39,0,0
CFA (centrality),58,43020.046875,22594.775390625,1320.5088,19104.763671875,65.6627,166,57,41,0,0
CFA (centrality),59,67779.6875,24726.904296875,1417.5491,41635.22265625,52.173899999999996,207,99,45,0,0
CFA (centrality),6,49067.8984375,23413.7421875,1340.0708,24314.0859375,56.5934,182,79,42,0,0
CFA (centrality),60,39482.4765625,21459.392578125,1139.3977,16883.685546875,67.1053,152,50,39,0,0
CFA (centrality),61,42354.7109375,22582.81640625,1291.6394,18480.248046875,68.2927,164,52,41,0,0
CFA (centrality),62,41938.91015625,23233.16015625,1324.3544,17381.390625,65.3846,182,63,42,0,0
CFA (centrality),63,37816.00390625,22321.552734375,1225.7188,14268.732421875,70.1863,161,48,40,0,0
CFA (centrality),64,49674.69140625,22715.244140625,1208.9781,25750.466796875,54.545500000000004,165,75,41,0,0
CFA (centrality),65,43316.3125,23108.015625,1299.5638,18908.73828125,62.573100000000004,171,64,42,0,0
CFA (centrality),66,33450.30859375,21414.150390625,1147.4789,10888.685546875,77.1242,153,35,39,0,0
CFA (centrality),67,43222.140625,22876.65625,1287.0352,19058.451171875,62.941199999999995,170,63,41,0,0
CFA (centrality),68,37305.73046875,21593.93359375,1204.9881,14506.8125,65.2778,144,50,39,0,0
CFA (centrality),69,37044.00390625,21153.58984375,1143.7082,14746.7060546875,70.7143,140,41,38,0,0
CFA (centrality),7,38817.03515625,22049.845703125,1193.9823,15573.2099609375,71.4286,161,46,40,0,0
CFA (centrality),70,49364.50390625,25283.162109375,1425.3503,22656.005859375,60.5634,213,84,46,0,0
CFA (centrality),71,35289.87890625,21114.9765625,1182.5941,12992.3076171875,71.831,142,40,38,0,0
CFA (centrality),72,29332.701171875,19394.703125,1001.0651,8936.9375,76.1062,113,27,35,0,0
CFA (centrality),73,44120.4765625,23415.982421875,1336.4209,19368.072265625,71.5909,176,50,42,0,0
CFA (centrality),74,37939.81640625,21057.734375,1135.835,15746.2509765625,65.493,142,49,38,0,0
CFA (centrality),75,42572.30859375,22758.716796875,1292.6963,18520.90234375,66.4634,164,55,41,0,0
CFA (centrality),76,46162.94140625,22731.34765625,1267.5102,22164.095703125,64.3275,171,61,41,0,0
CFA (centrality),77,37222.8984375,21608.87890625,1236.8904,14377.1259765625,72.66669999999999,150,41,39,0,0
CFA (centrality),78,54767.16015625,23962.55859375,1242.8209,29561.765625,56.1856,194,85,43,0,0
CFA (centrality),79,47299.84375,23717.7890625,1358.4286,22223.619140625,63.3333,180,66,43,0,0
CFA (centrality),8,37187.23828125,22145.25390625,1280.7132,13761.2685546875,67.4847,163,53,40,0,0
CFA (centrality),80,39419.35546875,22763.845703125,1272.0575,15383.4482421875,62.5,176,66,41,0,0
CFA (centrality),81,53349.625,22859.369140625,1215.7063,29274.537109375,57.1429,175,75,41,0,0
CFA (centrality),82,64781.46484375,24569.431640625,1441.0257,38771.01171875,54.901999999999994,204,92,44,0,0
CFA (centrality),83,37902.85546875,22041.443359375,1190.8482,14670.56640625,76.5432,162,38,40,0,0
CFA (centrality),84,42803.890625,22545.67578125,1274.1848,18984.03125,62.4242,165,62,41,0,0
CFA (centrality),85,47090.66796875,23867.77734375,1359.412,21863.484375,61.170199999999994,188,73,43,0,0
CFA (centrality),86,38216.3515625,22041.236328125,1199.7626,14975.34765625,72.61149999999999,157,43,40,0,0
CFA (centrality),87,44513.875,23154.166015625,1355.4267,20004.275390625,61.4943,174,67,42,0,0
CFA (centrality),88,51416.921875,24278.314453125,1290.9491,25847.658203125,61.6162,198,76,44,0,0
CFA (centrality),89,44694.94140625,22069.982421875,1155.0333,21469.921875,62.3457,162,61,40,0,0
CFA (centrality),9,37616.421875,21095.232421875,1145.5086,15375.69140625,72.4832,149,41,38,0,0
CFA (centrality),90,35329.671875,20499.212890625,1122.4015,13708.064453125,64.7059,136,48,37,0,0
CFA (centrality),91,38629.31640625,22058.431640625,1245.981,15324.904296875,67.2727,165,54,40,0,0
CFA (centrality),92,40213.515625,22863.888671875,1265.3831,16084.248046875,70.41420000000001,169,50,41,0,0
CFA (centrality),93,40518.109375,22742.724609375,1200.6137,16574.7734375,71.1765,170,49,41,0,0
CFA (centrality),94,32180.130859375,20957.541015625,1160.9719,10061.619140625,76.087,138,33,38,0,0
CFA (centrality),95,37253.3828125,21921.412109375,1219.7086,14112.2607421875,72.3684,152,42,40,0,0
CFA (centrality),96,32683.248046875,20843.904296875,1034.6538,10804.6923828125,68.1481,135,43,38,0,0
CFA (centrality),97,43751.74609375,23704.26171875,1306.0742,18741.419921875,65.5556,180,62,43,0,0
CFA (centrality),98,38557.765625,21826.625,1221.1085,15510.037109375,71.3333,150,43,39,0,0
CFA (centrality),99,38508.62109375,22113.517578125,1226.2304,15168.8701171875,67.7852,149,48,40,0,0
DB (centrality),1,41221.94140625,22342.26953125,1220.5149,17659.15625,66.2577,163,55,40,0,0
DB (centrality),10,41056.3203125,21969.97265625,1146.7131,17939.642578125,65.60510000000001,157,54,40,0,0
DB (centrality),100,36894.5390625,22679.673828125,1326.5052,12888.3662109375,70.625,160,47,41,0,0
DB (centrality),101,37912.015625,22844.373046875,1276.5382,13791.103515625,71.345,171,49,41,0,0
DB (centrality),102,37663.5859375,22710.892578125,1238.8813,13713.8125,67.90119999999999,162,52,41,0,0
DB (centrality),103,36835.9765625,22203.71875,1236.1844,13396.0732421875,71.6867,166,47,40,0,0
DB (centrality),104,45288.49609375,23233.05078125,1308.2628,20747.1875,68.2353,170,54,42,0,0
DB (centrality),105,37475.27734375,22215.76953125,1276.4465,13983.0576171875,65.4088,159,55,40,0,0
DB (centrality),106,35715.65234375,22099.158203125,1233.0864,12383.41015625,75.7764,161,39,40,0,0
DB (centrality),107,42092.15625,23003.107421875,1238.2209,17850.828125,66.4773,176,59,42,0,0
DB (centrality),108,38840.87109375,21555.810546875,1197.7103,16087.3505859375,64.3357,143,51,39,0,0
DB (centrality),109,36271.08203125,21883.107421875,1171.7758,13216.1982421875,73.7179,156,41,40,0,0
DB (centrality),11,47292.40625,23597.1171875,1238.7918,22456.5,63.2432,185,68,43,0,0
DB (centrality),110,37530.76953125,21413.53515625,1249.2296,14868.0029296875,65.9864,147,50,39,0,0
DB (centrality),111,44138.734375,23730.828125,1278.1354,19129.76953125,62.903200000000005,186,69,43,0,0
DB (centrality),112,36317.7734375,22161.328125,1226.9508,12929.48828125,68.7898,157,49,40,0,0
DB (centrality),113,39685.21484375,23057.13671875,1215.2942,15412.7890625,67.61359999999999,176,57,42,0,0
DB (centrality),114,40532.546875,22663.275390625,1211.4251,16657.845703125,69.59060000000001,171,52,41,0,0
DB (centrality),115,47618.1171875,25244.486328125,1409.2681,20964.37109375,68.0751,213,68,46,0,0
DB (centrality),116,43975.8515625,22806.412109375,1258.6907,19910.744140625,60.248400000000004,161,64,41,0,0
DB (centrality),117,39169.8125,22594.66015625,1284.1717,15290.97265625,72.619,168,46,41,0,0
DB (centrality),118,41670.38671875,23846.669921875,1310.3207,16513.3984375,68.75,192,60,43,0,0
DB (centrality),119,30647.59765625,20618.640625,1097.6411,8931.31640625,70.8955,134,39,37,0,0
DB (centrality),12,34074.57421875,21457.455078125,1222.6699,11394.44921875,70.5479,146,43,39,0,0
DB (centrality),120,39426.71484375,22717.923828125,1236.0595,15472.732421875,65.6627,166,57,41,0,0
DB (centrality),121,29649.990234375,19848.0625,1039.8898,8762.037109375,63.3333,120,44,36,0,0
DB (centrality),122,38345.44140625,21574.8828125,1181.3527,15589.1953125,68.6667,150,47,39,0,0
DB (centrality),123,39807.33984375,22195.390625,1209.4153,16402.53515625,65.4088,159,55,40,0,0
DB (centrality),124,45164.7421875,22343.623046875,1294.9981,21526.125,59.615399999999994,156,63,40,0,0
DB (centrality),125,41444.95703125,22488.076171875,1172.9001,17783.98046875,72.8916,166,45,41,0,0
DB (centrality),126,38717.53125,20864.4296875,1093.8563,16759.251953125,71.223,139,40,38,0,0
DB (centrality),127,40325.4609375,22087.927734375,1204.5734,17032.962890625,70.8075,161,47,40,0,0
DB (centrality),128,45514.234375,23216.52734375,1213.3008,21084.396484375,67.75959999999999,183,59,42,0,0
DB (centrality),129,37599.73828125,22737.16015625,1273.466,13589.11328125,66.2722,169,57,41,0,0
DB (centrality),13,43664.30859375,22781.6953125,1258.0046,19624.607421875,60.6061,165,65,41,0,0
DB (centrality),130,36782.2734375,22104.23828125,1154.7465,13523.28515625,71.2575,167,48,40,0,0
DB (centrality),131,41046.66015625,23226.798828125,1263.0737,16556.794921875,70.3911,179,53,42,0,0
DB (centrality),132,34343.6328125,21768.71484375,1213.7277,11361.193359375,78.9474,152,32,39,0,0
DB (centrality),133,39053.6484375,21623.51953125,1184.178,16245.953125,66.2252,151,51,39,0,0
DB (centrality),134,37251.65234375,21653.326171875,1132.2994,14466.0244140625,71.6216,148,42,39,0,0
DB (centrality),135,43941.7109375,22846.775390625,1219.8274,19875.111328125,70.0599,167,50,41,0,0
DB (centrality),136,52174.8515625,23039.0546875,1274.7884,27861.01171875,63.4286,175,64,42,0,0
DB (centrality),137,43077.828125,23186.77734375,1317.2078,18573.845703125,67.7966,177,57,42,0,0
DB (centrality),138,29776.908203125,19410.673828125,992.5634,9373.67578125,70.6422,109,32,35,0,0
DB (centrality),139,46489.19140625,22261.07421875,1235.0956,22993.029296875,60.4938,162,64,40,0,0
DB (centrality),14,33888.71875,20629.349609375,992.873,12266.494140625,74.2857,140,36,37,0,0
DB (centrality),140,38397.7578125,21814.626953125,1165.5855,15417.541015625,66.01310000000001,153,52,39,0,0
DB (centrality),141,48053.11328125,23918.138671875,1377.2552,22757.72265625,67.0157,191,63,43,0,0
DB (centrality),142,35097.80078125,21540.025390625,1157.7509,12400.0224609375,72.66669999999999,150,41,39,0,0
DB (centrality),143,46765.7265625,22531.16796875,1164.713,23069.83984375,62.048199999999994,166,63,41,0,0
DB (centrality),144,37865.125,21538.744140625,1179.4014,15146.98046875,70.1987,151,45,39,0,0
DB (centrality),145,50565.80078125,22326.162109375,1227.4841,27012.154296875,57.764,161,68,40,0,0
DB (centrality),146,48724.47265625,23380.95703125,1320.6684,24022.8515625,57.1429,175,75,42,0,0
DB (centrality),147,37538.0,21204.3203125,1182.5877,15151.08984375,68.57140000000001,140,44,38,0,0
DB (centrality),148,39936.63671875,21958.537109375,1134.5901,16843.513671875,59.2357,157,64,40,0,0
DB (centrality),149,47813.9453125,23799.169921875,1282.4556,22732.31640625,62.766,188,70,43,0,0
DB (centrality),15,42987.58984375,23235.80078125,1289.6045,18462.1875,69.88640000000001,176,53,42,0,0
DB (centrality),150,44520.65625,22770.974609375,1213.8411,20535.84765625,63.4286,175,64,41,0,0
DB (centrality),151,37616.60546875,22275.6640625,1178.3502,14162.58203125,69.4118,170,52,40,0,0
DB (centrality),152,40813.93359375,22879.423828125,1273.5204,16660.986328125,68.2927,164,52,41,0,0
DB (centrality),153,35672.71875,21777.521484375,1230.4991,12664.703125,76.6234,154,36,39,0,0
DB (centrality),154,38512.08203125,21046.484375,1107.8804,16357.7138671875,63.3803,142,52,38,0,0
DB (centrality),155,41234.8515625,23258.36328125,1281.7928,16694.689453125,64.94250000000001,174,61,42,0,0
DB (centrality),156,35933.71484375,22556.32421875,1246.5331,12130.865234375,72.1212,165,46,41,0,0
DB (centrality),157,32249.5390625,20345.7890625,1023.1749,10880.5654296875,72.0,125,35,37,0,0
DB (centrality),158,41231.3671875,22848.138671875,1245.9055,17137.322265625,68.04729999999999,169,54,41,0,0
DB (centrality),159,41427.25390625,22938.078125,1222.2909,17266.888671875,68.02329999999999,172,55,41,0,0
DB (centrality),16,37817.80078125,22024.662109375,1186.7287,14606.408203125,70.2532,158,47,40,0,0
DB (centrality),160,39099.1015625,23116.28515625,1350.4988,14632.3251953125,64.2045,176,63,42,0,0
DB (centrality),161,36183.16796875,21121.83203125,1049.2467,14012.0908203125,65.7343,143,49,38,0,0
DB (centrality),162,30197.583984375,20254.623046875,1001.7206,8941.244140625,75.3968,126,31,37,0,0
DB (centrality),163,37792.0,21201.314453125,1132.9836,15457.7021484375,68.0851,141,45,38,0,0
DB (centrality),164,39201.08984375,22259.912109375,1292.2276,15648.953125,66.4671,167,56,40,0,0
DB (centrality),165,41201.1953125,23252.53515625,1199.1684,16749.4921875,65.5367,177,61,42,0,0
DB (centrality),166,51310.5703125,24006.85546875,1300.7086,26003.005859375,63.546800000000005,203,74,43,0,0
DB (centrality),167,36301.14453125,21929.236328125,1138.1017,13233.806640625,68.4211,152,48,40,0,0
DB (centrality),168,35001.46875,21418.833984375,1158.7239,12423.9111328125,74.1497,147,38,39,0,0
DB (centrality),169,41457.7421875,22444.193359375,1277.0962,17736.451171875,69.6429,168,51,41,0,0
DB (centrality),17,44859.49609375,23054.505859375,1261.7398,20543.259765625,62.2093,172,65,42,0,0
DB (centrality),170,42794.10546875,24276.833984375,1292.752,17224.525390625,63.81909999999999,199,72,44,0,0
DB (centrality),171,40616.9609375,23087.1171875,1271.8019,16258.0419921875,63.372099999999996,172,63,42,0,0
DB (centrality),172,38381.37890625,22011.6484375,1178.7839,15190.9453125,73.3766,154,41,40,0,0
DB (centrality),173,37203.42578125,21595.046875,1183.4996,14424.8779296875,70.4698,149,44,39,0,0
DB (centrality),174,34245.8046875,20911.66015625,1169.8487,12164.3017578125,74.0741,135,35,38,0,0
DB (centrality),175,45756.31640625,23047.59375,1307.4604,21401.25390625,65.3631,179,62,42,0,0
DB (centrality),176,49859.0546875,23369.4140625,1273.2353,25216.40625,62.5,176,66,42,0,0
DB (centrality),177,38026.51171875,22119.166015625,1178.8692,14728.48046875,63.74999999999999,160,58,40,0,0
DB (centrality),178,46375.15234375,23731.310546875,1305.679,21338.169921875,69.47370000000001,190,58,43,0,0
DB (centrality),179,43154.390625,22261.205078125,1269.3531,19623.837890625,67.6829,164,53,40,0,0
DB (centrality),18,45638.84375,24314.31640625,1284.2326,20040.29296875,64.8241,199,70,44,0,0
DB (centrality),180,42878.53125,23227.5859375,1277.1657,18373.783203125,68.15639999999999,179,57,42,0,0
DB (centrality),181,36189.6171875,22252.404296875,1298.1751,12639.0380859375,64.19749999999999,162,58,40,0,0
DB (centrality),182,42154.296875,22201.87109375,1200.5544,18751.865234375,70.90910000000001,165,48,40,0,0
DB (centrality),183,39629.98046875,22168.484375,1172.7207,16288.7744140625,70.5882,170,50,40,0,0
DB (centrality),184,39000.60546875,21977.025390625,1197.4134,15826.1650390625,66.6667,153,51,40,0,0
DB (centrality),185,51373.25,23679.986328125,1316.0275,26377.236328125,58.288799999999995,187,78,43,0,0
DB (centrality),186,42847.05078125,22580.841796875,1280.3427,18985.865234375,65.8683,167,57,41,0,0
DB (centrality),187,44235.82421875,22493.697265625,1226.4125,20515.712890625,64.94250000000001,174,61,41,0,0
DB (centrality),188,36661.71875,20130.03125,1097.7802,15433.9140625,64.0,125,45,36,0,0
DB (centrality),189,37783.23046875,21324.193359375,1147.4271,15311.6083984375,67.5676,148,48,39,0,0
DB (centrality),19,44294.921875,22599.939453125,1259.4124,20435.572265625,63.4731,167,61,41,0,0
DB (centrality),190,35445.97265625,22298.3828125,1263.8125,11883.78125,70.625,160,47,40,0,0
DB (centrality),191,40555.359375,22835.61328125,1240.9149,16478.826171875,74.0113,177,46,41,0,0
DB (centrality),192,33884.4375,20993.177734375,1081.4527,11809.810546875,69.28569999999999,140,43,38,0,0
DB (centrality),193,40227.9765625,22251.068359375,1191.1198,16785.783203125,68.94409999999999,161,50,40,0,0
DB (centrality),194,39446.95703125,22344.251953125,1209.0459,15893.6611328125,64.6707,167,59,40,0,0
DB (centrality),195,34599.453125,20918.302734375,1227.1151,12454.02734375,74.62689999999999,134,34,38,0,0
DB (centrality),196,38242.34375,21928.634765625,1162.6329,15151.08203125,70.0,160,48,40,0,0
DB (centrality),197,43906.5859375,23107.49609375,1282.242,19516.83984375,71.9298,171,48,42,0,0
DB (centrality),198,36394.80859375,21646.236328125,1181.3257,13567.2451171875,64.7059,153,54,39,0,0
DB (centrality),199,43255.84375,24216.173828125,1374.7412,17664.93359375,67.0051,197,65,44,0,0
DB (centrality),2,39580.54296875,23563.8828125,1298.9317,14717.724609375,73.7705,183,48,43,0,0
DB (centrality),20,36128.81640625,21716.97265625,1196.4505,13215.390625,67.9487,156,50,39,0,0
DB (centrality),200,38449.0625,22351.638671875,1195.5258,14901.89453125,67.9487,156,50,40,0,0
DB (centrality),201,40463.71484375,21980.775390625,1166.8844,17316.05859375,63.871,155,56,40,0,0
DB (centrality),202,34377.6015625,21174.20703125,1143.1,12060.296875,70.27029999999999,148,44,38,0,0
DB (centrality),203,36880.43359375,20965.248046875,1188.6929,14726.5009765625,60.0,135,54,38,0,0
DB (centrality),204,35727.859375,21469.927734375,1154.2833,13103.650390625,65.7895,152,52,39,0,0
DB (centrality),205,37723.98828125,21707.279296875,1156.7633,14859.9443359375,66.0,150,51,39,0,0
DB (centrality),206,38591.48046875,21996.904296875,1277.4909,15317.0947265625,66.01310000000001,153,52,40,0,0
DB (centrality),207,37472.28125,21731.501953125,1186.6273,14554.1484375,62.8205,156,58,39,0,0
DB (centrality),208,44421.22265625,23069.478515625,1277.9262,20073.81640625,65.0,180,63,42,0,0
DB (centrality),209,40278.5859375,23205.970703125,1338.9565,15733.6689453125,60.919500000000006,174,68,42,0,0
DB (centrality),21,40945.88671875,22912.83984375,1236.7815,16796.267578125,68.5393,178,56,41,0,0
DB (centrality),210,39263.6328125,21992.6484375,1238.7412,16032.23828125,68.3871,155,49,40,0,0
DB (centrality),211,46160.609375,21494.68359375,1089.3343,23576.58984375,62.7586,145,54,39,0,0
DB (centrality),212,40541.83203125,22617.43359375,1246.3418,16678.05859375,70.1754,171,51,41,0,0
DB (centrality),213,36395.328125,20758.80859375,1105.648,14530.8701171875,65.0,140,49,38,0,0
DB (centrality),214,44889.3203125,22733.876953125,1229.0779,20926.3671875,66.48039999999999,179,60,41,0,0
DB (centrality),215,32618.2265625,20503.310546875,1152.8281,10962.0859375,77.6119,134,30,37,0,0
DB (centrality),216,35001.5234375,22278.94140625,1176.0604,11546.515625,71.51520000000001,165,47,40,0,0
DB (centrality),217,36076.72265625,21666.947265625,1123.1969,13286.5869140625,67.3077,156,51,39,0,0
DB (centrality),218,44241.37890625,21563.6484375,1189.473,21488.259765625,60.130700000000004,153,61,39,0,0
DB (centrality),219,44286.578125,23706.142578125,1323.83,19256.61328125,63.7838,185,67,43,0,0
DB (centrality),22,43670.890625,22765.013671875,1261.5264,19644.345703125,65.4971,171,59,41,0,0
DB (centrality),220,38188.47265625,21508.310546875,1153.0851,15527.078125,75.4967,151,37,39,0,0
DB (centrality),221,45401.9375,23419.470703125,1268.4436,20714.01953125,63.841800000000006,177,64,42,0,0
DB (centrality),222,33936.44140625,20643.08984375,1085.1807,12208.1748046875,66.16539999999999,133,45,37,0,0
DB (centrality),223,45504.890625,23718.55078125,1345.7111,20440.626953125,61.6667,180,69,43,0,0
DB (centrality),224,40498.9140625,22310.75390625,1246.9006,16941.267578125,63.9752,161,58,40,0,0
DB (centrality),225,46039.26953125,22627.9765625,1245.1907,22166.09765625,60.241,166,66,41,0,0
DB (centrality),226,45580.05078125,23245.775390625,1244.368,21089.904296875,65.3846,182,63,42,0,0
DB (centrality),227,40626.67578125,22801.15234375,1213.3218,16612.19921875,69.9422,173,52,41,0,0
DB (centrality),228,39057.92578125,22620.134765625,1260.7455,15177.0478515625,71.0843,166,48,41,0,0
DB (centrality),229,34786.41015625,19838.30078125,1032.5514,13915.5595703125,61.9835,121,46,36,0,0
DB (centrality),23,39390.4140625,22859.5390625,1209.8958,15320.98046875,67.2414,174,57,41,0,0
DB (centrality),230,43754.98828125,23507.708984375,1248.899,18998.384765625,71.03829999999999,183,53,42,0,0
DB (centrality),231,48301.078125,24151.873046875,1328.2947,22820.900390625,63.451800000000006,197,72,44,0,0
DB (centrality),232,41810.96875,23092.29296875,1278.2138,17440.458984375,70.6897,174,51,42,0,0
DB (centrality),233,35912.87890625,21245.11328125,1179.4047,13488.3603515625,73.4266,143,38,38,0,0
DB (centrality),234,46447.64453125,23003.107421875,1249.6077,22194.931640625,64.9718,177,62,42,0,0
DB (centrality),235,39172.8125,23320.419921875,1262.7222,14589.6689453125,67.7966,177,57,42,0,0
DB (centrality),236,36229.578125,21438.80859375,1135.9357,13654.830078125,66.443,149,50,39,0,0
DB (centrality),237,35896.68359375,22000.658203125,1193.7116,12702.3134765625,71.6981,159,45,40,0,0
DB (centrality),238,48920.36328125,23084.607421875,1276.3297,24559.4296875,61.9048,168,64,42,0,0
DB (centrality),239,39389.19921875,21156.603515625,1174.3495,17058.25390625,68.3824,136,43,38,0,0
DB (centrality),24,35138.21875,20952.291015625,1028.6968,13157.232421875,73.5714,140,37,38,0,0
DB (centrality),240,36528.11328125,20936.439453125,1201.5845,14390.0908203125,69.9248,133,40,38,0,0
DB (centrality),241,36229.2265625,20644.5078125,1106.7352,14477.9931640625,72.1429,140,39,37,0,0
DB (centrality),242,35584.8359375,22040.453125,1158.6981,12385.6865234375,70.625,160,47,40,0,0
DB (centrality),243,48729.53515625,24437.619140625,1358.8621,22933.0625,64.0394,203,73,44,0,0
DB (centrality),244,47713.5859375,23331.66015625,1250.9091,23131.021484375,60.8696,184,72,42,0,0
DB (centrality),245,32371.96484375,20534.544921875,1057.2616,10780.16015625,68.88889999999999,135,42,37,0,0
DB (centrality),246,41481.42578125,22366.03515625,1205.5286,17909.869140625,65.88239999999999,170,58,40,0,0
DB (centrality),247,37613.6640625,21580.509765625,1160.6947,14872.4580078125,65.7718,149,51,39,0,0
DB (centrality),248,37425.33203125,23323.197265625,1290.0064,12812.1240234375,65.71430000000001,175,60,42,0,0
DB (centrality),249,42422.89453125,22604.716796875,1242.0798,18576.103515625,62.7907,172,64,41,0,0
DB (centrality),25,35666.30078125,21250.73046875,1103.3809,13312.1884765625,70.7483,147,43,38,0,0
DB (centrality),250,30513.322265625,20302.884765625,1079.4248,9131.0146484375,75.7576,132,32,37,0,0
DB (centrality),251,36791.54296875,21185.6796875,1145.4544,14460.4052734375,66.6667,141,47,38,0,0
DB (centrality),252,44358.34375,23770.15234375,1372.4928,19215.6953125,65.7609,184,63,43,0,0
DB (centrality),253,37168.83984375,21875.029296875,1137.6286,14156.1806640625,75.4967,151,37,40,0,0
DB (centrality),254,40409.453125,22550.12109375,1216.2546,16643.068359375,64.73989999999999,173,61,41,0,0
DB (centrality),255,42713.34765625,22002.962890625,1202.1628,19508.2109375,65.2941,170,59,40,0,0
DB (centrality),256,35987.984375,21765.517578125,1200.591,13021.8720703125,70.3947,152,45,39,0,0
DB (centrality),257,42739.09375,22526.5234375,1226.9077,18985.6640625,66.4671,167,56,41,0,0
DB (centrality),258,32044.14453125,21385.291015625,1142.8457,9516.0068359375,73.33330000000001,150,40,39,0,0
DB (centrality),259,44368.12890625,22565.693359375,1260.8656,20541.560546875,61.988299999999995,171,65,41,0,0
DB (centrality),26,39649.67578125,23198.439453125,1238.8877,15212.3505859375,67.027,185,61,42,0,0
DB (centrality),260,34954.69140625,22060.599609375,1151.741,11742.3525390625,74.6914,162,41,40,0,0
DB (centrality),261,46002.5390625,23911.30078125,1365.4386,20725.80859375,67.7083,192,62,43,0,0
DB (centrality),262,45014.78515625,22757.505859375,1277.432,20979.84765625,65.88239999999999,170,58,41,0,0
DB (centrality),263,40398.4453125,21736.57421875,1182.2811,17479.595703125,67.7419,155,50,39,0,0
DB (centrality),264,44376.1328125,22811.04296875,1273.6154,20291.470703125,70.6587,167,49,41,0,0
DB (centrality),265,44835.0546875,23162.580078125,1300.7721,20371.705078125,62.5,176,66,42,0,0
DB (centrality),266,32751.216796875,20925.1015625,1118.3932,10707.7216796875,72.1429,140,39,38,0,0
DB (centrality),267,45425.6796875,23998.5390625,1298.5192,20128.634765625,66.3212,193,65,43,0,0
DB (centrality),268,43415.31640625,22859.291015625,1196.6712,19359.35546875,66.1017,177,60,41,0,0
DB (centrality),269,36675.39453125,22165.37109375,1203.9223,13306.103515625,71.0843,166,48,40,0,0
DB (centrality),27,43133.68359375,22564.1875,1182.9491,19386.54296875,62.6506,166,62,41,0,0
DB (centrality),270,37447.6015625,22130.71484375,1211.2801,14105.6044921875,69.9387,163,49,40,0,0
DB (centrality),271,37518.7890625,23259.11328125,1284.2477,12975.4228515625,67.7778,180,58,42,0,0
DB (centrality),272,43952.68359375,22614.794921875,1280.7968,20057.087890625,66.2651,166,56,41,0,0
DB (centrality),273,40793.12109375,22059.88671875,1224.4562,17508.783203125,72.56099999999999,164,45,40,0,0
DB (centrality),274,38338.6328125,21672.419921875,1182.4204,15483.7890625,68.18180000000001,154,49,39,0,0
DB (centrality),275,44221.94140625,22285.814453125,1204.8703,20731.263671875,72.02380000000001,168,47,40,0,0
DB (centrality),276,47207.00390625,23308.84765625,1284.0118,22614.142578125,65.5738,183,63,42,0,0
DB (centrality),277,35152.140625,21645.490234375,1181.9225,12324.734375,72.2581,155,43,39,0,0
DB (centrality),278,42869.5546875,22835.068359375,1229.7106,18804.779296875,61.0778,167,65,41,0,0
DB (centrality),279,45114.9375,22714.6875,1223.0859,21177.162109375,65.11630000000001,172,60,41,0,0
DB (centrality),28,40355.25,23347.61328125,1318.0328,15689.6083984375,65.77539999999999,187,64,42,0,0
DB (centrality),280,48618.90625,23193.55859375,1329.3059,24096.037109375,65.1685,178,62,42,0,0
DB (centrality),281,43253.25390625,22213.990234375,1210.0658,19829.201171875,62.2642,159,60,40,0,0
DB (centrality),282,34884.5234375,21561.66015625,1177.5107,12145.357421875,67.7852,149,48,39,0,0
DB (centrality),283,39501.2109375,21783.62109375,1207.2328,16510.36328125,72.1519,158,44,39,0,0
DB (centrality),284,33118.02734375,20642.47265625,1014.2815,11461.2763671875,74.6377,138,35,37,0,0
DB (centrality),285,40350.8046875,22820.66015625,1265.005,16265.142578125,67.8161,174,56,41,0,0
DB (centrality),286,32035.517578125,20037.86328125,1034.2503,10963.40234375,66.1017,118,40,36,0,0
DB (centrality),287,38906.6796875,22477.009765625,1199.6535,15230.015625,70.2532,158,47,41,0,0
DB (centrality),288,45174.53515625,22850.86328125,1256.1211,21067.544921875,64.5349,172,61,41,0,0
DB (centrality),289,44061.77734375,23208.388671875,1245.2269,19608.162109375,67.2414,174,57,42,0,0
DB (centrality),29,37955.203125,21705.72265625,1172.5936,15076.896484375,72.9032,155,42,39,0,0
DB (centrality),290,43356.9921875,22567.9765625,1263.6379,19525.375,64.4172,163,58,41,0,0
DB (centrality),291,36792.32421875,21929.158203125,1136.2805,13726.8828125,62.893100000000004,159,59,40,0,0
DB (centrality),292,43386.59765625,22860.818359375,1243.8004,19281.97265625,64.3275,171,61,41,0,0
DB (centrality),293,35287.453125,21397.064453125,1130.0261,12760.3642578125,69.0789,152,47,39,0,0
DB (centrality),294,48983.16796875,23334.119140625,1258.7278,24390.322265625,59.659099999999995,176,71,42,0,0
DB (centrality),295,37061.19921875,21527.970703125,1319.7752,14213.4541015625,69.0141,142,44,39,0,0
DB (centrality),296,53855.0390625,24355.142578125,1435.5955,28064.306640625,62.1212,198,75,44,0,0
DB (centrality),297,39488.36328125,21718.267578125,1212.1306,16557.966796875,66.4474,152,51,39,0,0
DB (centrality),298,31864.015625,19778.85546875,1111.9245,10973.240234375,67.4797,123,40,36,0,0
DB (centrality),299,42747.23828125,23596.412109375,1272.3941,17878.439453125,64.3243,185,66,43,0,0
DB (centrality),3,42919.625,22883.984375,1216.8011,18818.84375,68.78609999999999,173,54,41,0,0
DB (centrality),30,36933.98828125,21079.875,1160.5153,14693.599609375,71.5278,144,41,38,0,0
DB (centrality),300,37334.8828125,21411.306640625,1166.5712,14757.009765625,70.8609,151,44,39,0,0
DB (centrality),301,39566.8671875,22869.6796875,1305.5911,15391.5986328125,68.0723,166,53,41,0,0
DB (centrality),302,38318.34765625,22033.7109375,1152.9512,15131.68359375,72.2222,162,45,40,0,0
DB (centrality),303,39159.0234375,22637.6484375,1210.841,15310.5380859375,70.9302,172,50,41,0,0
DB (centrality),304,40416.2109375,23670.734375,1267.9434,15477.5390625,70.3704,189,56,43,0,0
DB (centrality),305,53801.30078125,24406.78125,1359.1932,28035.32421875,62.0513,195,74,44,0,0
DB (centrality),306,47779.1875,24550.89453125,1397.9235,21830.380859375,64.2857,196,70,44,0,0
DB (centrality),307,47153.04296875,23299.515625,1263.712,22589.810546875,57.526900000000005,186,79,42,0,0
DB (centrality),308,38104.48828125,21245.70703125,1085.7025,15773.0732421875,68.0556,144,46,38,0,0
DB (centrality),309,34361.86328125,20551.69140625,1109.866,12700.302734375,73.8806,134,35,37,0,0
DB (centrality),31,32288.79296875,21669.9765625,1208.9844,9409.837890625,78.4314,153,33,39,0,0
DB (centrality),310,41778.75390625,22873.30078125,1247.4355,17658.02734375,68.82350000000001,170,53,41,0,0
DB (centrality),311,39549.01953125,22277.69140625,1199.4837,16071.8515625,69.87950000000001,166,50,40,0,0
DB (centrality),312,43518.546875,22849.66796875,1251.2664,19417.607421875,63.4831,178,65,41,0,0
DB (centrality),313,36011.5078125,21655.158203125,1234.7683,13121.5830078125,68.0,150,48,39,0,0
DB (centrality),314,37627.01953125,21923.064453125,1185.0476,14518.9140625,63.8158,152,55,40,0,0
DB (centrality),315,39081.2578125,21708.802734375,1228.9035,16143.55859375,64.6667,150,53,39,0,0
DB (centrality),316,36292.72265625,21782.91796875,1199.1809,13310.625,66.4474,152,51,39,0,0
DB (centrality),317,42304.0703125,22855.140625,1266.2216,18182.70703125,70.0565,177,53,41,0,0
DB (centrality),318,38761.53515625,22203.3046875,1220.4127,15337.8193359375,73.4568,162,43,40,0,0
DB (centrality),319,53293.44921875,23444.603515625,1316.4426,28532.40625,62.2857,175,66,42,0,0
DB (centrality),32,47971.24609375,22134.71875,1235.8755,24600.654296875,56.790099999999995,162,70,40,0,0
DB (centrality),320,29976.13671875,19850.4140625,1038.1627,9087.55859375,68.8,125,39,36,0,0
DB (centrality),321,36745.53515625,22305.396484375,1193.7953,13246.3447265625,71.7791,163,46,40,0,0
DB (centrality),322,43383.328125,22067.544921875,1187.2071,20128.587890625,69.0323,155,48,40,0,0
DB (centrality),323,31269.44921875,21177.658203125,1109.919,8981.875,67.6056,142,46,38,0,0
DB (centrality),324,43494.29296875,22222.52734375,1221.6328,20050.126953125,66.6667,162,54,40,0,0
DB (centrality),325,38283.67578125,22650.814453125,1216.9952,14415.857421875,71.0059,169,49,41,0,0
DB (centrality),326,44949.0546875,23684.60546875,1296.7467,19967.703125,67.8947,190,61,43,0,0
DB (centrality),327,40572.01953125,22140.53515625,1321.2033,17110.28125,68.4211,152,48,40,0,0
DB (centrality),328,32317.814453125,20581.802734375,1102.9571,10633.056640625,69.403,134,41,37,0,0
DB (centrality),329,42942.08984375,22653.564453125,1276.5862,19011.935546875,61.5385,169,65,41,0,0
DB (centrality),33,40004.21875,21816.8984375,1152.4719,17034.84375,66.875,160,53,39,0,0
DB (centrality),330,41301.625,22605.26171875,1138.2573,17558.1015625,65.26950000000001,167,58,41,0,0
DB (centrality),331,40557.06640625,22730.400390625,1285.1145,16541.55078125,64.45779999999999,166,59,41,0,0
DB (centrality),332,40480.24609375,22271.619140625,1207.3973,17001.2265625,67.0732,164,54,40,0,0
DB (centrality),333,39225.3359375,22558.376953125,1185.6297,15481.330078125,68.6747,166,52,41,0,0
DB (centrality),334,42515.9609375,23197.609375,1328.9008,17989.4453125,66.092,174,59,42,0,0
DB (centrality),335,40197.55078125,22362.859375,1156.8373,16677.8515625,71.6049,162,46,40,0,0
DB (centrality),336,37190.69921875,22329.94921875,1262.8157,13597.9296875,73.75,160,42,40,0,0
DB (centrality),337,48029.41015625,22889.591796875,1247.6677,23892.15234375,64.9123,171,60,41,0,0
DB (centrality),338,43241.79296875,22742.40625,1217.9931,19281.392578125,67.4286,175,57,41,0,0
DB (centrality),339,33554.87109375,21104.4765625,1140.1355,11310.2666015625,62.8571,140,52,38,0,0
DB (centrality),34,36969.1640625,22443.01953125,1225.5457,13300.5927734375,71.51520000000001,165,47,41,0,0
DB (centrality),340,38315.01953125,21423.19921875,1143.9521,15747.8701171875,68.7075,147,46,39,0,0
DB (centrality),341,34968.015625,21149.51953125,1191.7236,12626.7705078125,74.1007,139,36,38,0,0
DB (centrality),342,41517.41796875,22872.0390625,1252.9703,17392.412109375,70.6897,174,51,41,0,0
DB (centrality),343,42983.546875,22206.94140625,1169.4052,19607.1796875,73.00609999999999,163,44,40,0,0
DB (centrality),344,50429.30078125,25584.734375,1436.7263,23407.837890625,68.6636,217,68,46,0,0
DB (centrality),345,38278.88671875,22488.076171875,1214.9223,14575.8916015625,65.4088,159,55,41,0,0
DB (centrality),346,40815.203125,23411.5546875,1302.1804,16101.4619140625,74.3169,183,47,42,0,0
DB (centrality),347,40731.71484375,21910.533203125,1221.8835,17599.29296875,64.9351,154,54,40,0,0
DB (centrality),348,42566.2265625,23001.353515625,1297.5155,18267.357421875,68.9655,174,54,42,0,0
DB (centrality),349,39436.20703125,23440.537109375,1277.6672,14718.0078125,75.1351,185,46,42,0,0
DB (centrality),35,35363.26953125,21209.69921875,1126.4696,13027.103515625,72.29729999999999,148,41,38,0,0
DB (centrality),350,31867.689453125,20531.0625,1042.4298,10294.197265625,75.3846,130,32,37,0,0
DB (centrality),351,42849.51953125,23441.4921875,1344.3252,18063.701171875,64.2458,179,64,42,0,0
DB (centrality),352,37224.05078125,21575.056640625,1169.8961,14479.103515625,71.0526,152,44,39,0,0
DB (centrality),353,40372.83984375,23264.359375,1244.8277,15863.6572265625,69.4444,180,55,42,0,0
DB (centrality),354,40367.2890625,22499.205078125,1162.0741,16706.015625,68.04729999999999,169,54,41,0,0
DB (centrality),355,43044.21484375,21434.576171875,1175.478,20434.15234375,62.6667,150,56,39,0,0
DB (centrality),356,43000.65234375,22548.5234375,1229.0074,19223.12109375,61.6766,167,64,41,0,0
DB (centrality),357,38353.1953125,21196.494140625,1171.6715,15985.0322265625,70.9459,148,43,38,0,0
DB (centrality),358,41159.8515625,22496.05859375,1203.6231,17460.1640625,70.7602,171,50,41,0,0
DB (centrality),359,41214.20703125,22151.583984375,1256.4181,17806.2109375,65.45450000000001,165,57,40,0,0
DB (centrality),36,40264.05078125,23289.119140625,1342.3052,15632.626953125,72.2222,180,50,42,0,0
DB (centrality),360,40778.95703125,22122.869140625,1211.9451,17444.146484375,70.8075,161,47,40,0,0
DB (centrality),361,36975.94140625,21367.275390625,1128.0055,14480.662109375,68.0272,147,47,39,0,0
DB (centrality),362,44677.3203125,23078.310546875,1177.0083,20422.005859375,59.890100000000004,182,73,42,0,0
DB (centrality),363,46219.9765625,23429.392578125,1273.0212,21517.560546875,63.2432,185,68,42,0,0
DB (centrality),364,50497.953125,25579.96484375,1462.2555,23455.7421875,63.181799999999996,220,81,46,0,0
DB (centrality),365,42048.02734375,23004.193359375,1276.233,17767.6015625,67.64710000000001,170,55,42,0,0
DB (centrality),366,35868.90234375,21605.369140625,1090.9757,13172.5625,67.1141,149,49,39,0,0
DB (centrality),367,40462.84375,22395.529296875,1120.4635,16946.845703125,66.4706,170,57,40,0,0
DB (centrality),368,34943.171875,21156.5546875,1114.2436,12672.373046875,67.8322,143,46,38,0,0
DB (centrality),369,51352.91015625,24509.099609375,1390.8968,25452.91796875,63.4146,205,75,44,0,0
DB (centrality),37,35488.59375,21597.921875,1190.0211,12700.6513671875,74.1722,151,39,39,0,0
DB (centrality),370,42688.23046875,22497.4375,1281.1752,18909.62109375,65.625,160,55,41,0,0
DB (centrality),371,38225.30078125,21924.037109375,1240.8661,15060.3955078125,75.0,144,36,40,0,0
DB (centrality),372,36621.51953125,22629.54296875,1213.753,12778.220703125,69.3642,173,53,41,0,0
DB (centrality),373,51631.48828125,23993.318359375,1385.1192,26253.05859375,54.838699999999996,186,84,43,0,0
DB (centrality),374,39614.70703125,22746.453125,1240.2575,15627.9931640625,70.2381,168,50,41,0,0
DB (centrality),375,39947.62890625,22444.28125,1280.256,16223.0927734375,65.8683,167,57,41,0,0
DB (centrality),376,43877.98046875,22284.8828125,1236.7967,20356.302734375,63.8037,163,59,40,0,0
DB (centrality),377,39709.22265625,22928.541015625,1354.5093,15426.1728515625,70.7602,171,50,41,0,0
DB (centrality),378,46726.890625,23294.580078125,1209.9592,22222.341796875,68.5393,178,56,42,0,0
DB (centrality),379,39438.00390625,22057.802734375,1110.515,16269.6845703125,70.625,160,47,40,0,0
DB (centrality),38,41829.20703125,22761.046875,1284.2779,17783.875,66.2791,172,58,41,0,0
DB (centrality),380,50890.7109375,22591.232421875,1169.1431,27130.33203125,64.3678,174,62,41,0,0
DB (centrality),381,48640.640625,23609.236328125,1357.0162,23674.388671875,54.8913,184,83,43,0,0
DB (centrality),382,35167.33984375,21061.517578125,1196.0263,12909.7900390625,64.2857,140,50,38,0,0
DB (centrality),383,41959.6015625,22099.88671875,1175.4509,18684.263671875,59.627300000000005,161,65,40,0,0
DB (centrality),384,37923.4453125,22227.03515625,1234.2485,14462.1650390625,69.1358,162,50,40,0,0
DB (centrality),385,35445.1875,21404.01171875,1198.6421,12842.5263671875,74.3421,152,39,39,0,0
DB (centrality),386,34871.13671875,21410.443359375,1082.5622,12378.1357421875,68.9655,145,45,39,0,0
DB (centrality),387,39688.89453125,21793.244140625,1124.7025,16770.951171875,67.9487,156,50,39,0,0
DB (centrality),388,41176.89453125,22212.662109375,1250.8285,17713.41015625,70.8861,158,46,40,0,0
DB (centrality),389,39307.35546875,23161.517578125,1291.569,14854.267578125,65.896,173,59,42,0,0
DB (centrality),39,43172.55859375,23255.130859375,1296.5514,18620.873046875,60.0,175,70,42,0,0
DB (centrality),390,41890.52734375,22079.2265625,1209.9836,18601.3125,63.924099999999996,158,57,40,0,0
DB (centrality),391,36444.56640625,23085.236328125,1296.3877,12062.94140625,75.2874,174,43,42,0,0
DB (centrality),392,41636.80859375,22824.861328125,1349.3065,17462.640625,66.474,173,58,41,0,0
DB (centrality),393,34974.30078125,21699.537109375,1224.4095,12050.3525390625,69.5946,148,45,39,0,0
DB (centrality),394,43899.4765625,23253.076171875,1338.9614,19307.42578125,69.1011,178,55,42,0,0
DB (centrality),395,38297.53125,22794.939453125,1239.3314,14263.2607421875,72.67439999999999,172,47,41,0,0
DB (centrality),396,44967.84375,22734.037109375,1176.9494,21056.865234375,63.7427,171,62,41,0,0
DB (centrality),397,44888.6953125,22279.892578125,1185.8473,21422.951171875,63.855399999999996,166,60,40,0,0
DB (centrality),398,34609.0859375,21633.513671875,1225.9674,11749.6064453125,68.4564,149,47,39,0,0
DB (centrality),399,45540.93359375,23164.650390625,1244.3918,21131.884765625,68.3333,180,57,42,0,0
DB (centrality),4,36235.125,22337.12109375,1248.3067,12649.701171875,67.5159,157,51,40,0,0
DB (centrality),40,33738.5078125,20641.830078125,1052.2781,12044.4013671875,69.7842,139,42,37,0,0
DB (centrality),400,46469.06640625,22528.6875,1204.5428,22735.830078125,62.3529,170,64,41,0,0
DB (centrality),401,33430.12890625,20985.173828125,1140.8223,11304.134765625,68.3453,139,44,38,0,0
DB (centrality),402,41453.53515625,22244.7265625,1257.5309,17951.265625,68.4848,165,52,40,0,0
DB (centrality),403,44103.8828125,22251.73828125,1185.6357,20666.505859375,61.3497,163,63,40,0,0
DB (centrality),404,43321.953125,23316.388671875,1274.7203,18730.841796875,61.3636,176,68,42,0,0
DB (centrality),405,44215.578125,23185.130859375,1240.2382,19790.208984375,65.92179999999999,179,61,42,0,0
DB (centrality),406,42501.4609375,21736.447265625,1169.0231,19595.98046875,68.75,160,50,39,0,0
DB (centrality),407,28169.798828125,19843.560546875,1015.1431,7311.091796875,78.2258,124,27,36,0,0
DB (centrality),408,31881.970703125,20432.291015625,1090.7865,10358.8916015625,76.29629999999999,135,32,37,0,0
DB (centrality),409,33203.88671875,20120.078125,1044.8821,12038.9248046875,71.5385,130,37,36,0,0
DB (centrality),41,34034.4765625,21625.763671875,1216.2865,11192.42578125,68.0,150,48,39,0,0
DB (centrality),410,39697.9765625,22359.28515625,1258.3697,16080.3154296875,69.8113,159,48,40,0,0
DB (centrality),411,43426.60546875,22667.271484375,1209.458,19549.875,63.69050000000001,168,61,41,0,0
DB (centrality),412,35950.19140625,20448.87109375,1071.4725,14429.8466796875,61.240300000000005,129,50,37,0,0
DB (centrality),413,47192.73828125,23778.736328125,1413.8714,22000.12890625,67.7778,180,58,43,0,0
DB (centrality),414,42046.7734375,23115.4765625,1249.2011,17682.103515625,76.4368,174,41,42,0,0
DB (centrality),415,39121.484375,21671.5234375,1136.9849,16312.9755859375,69.7368,152,46,39,0,0
DB (centrality),416,34542.71875,21693.48828125,1164.595,11684.630859375,74.3421,152,39,39,0,0
DB (centrality),417,38168.5703125,22152.55078125,1205.8572,14810.1533203125,67.7419,155,50,40,0,0
DB (centrality),418,46527.4296875,23299.08203125,1237.2461,21991.09765625,64.60669999999999,178,63,42,0,0
DB (centrality),419,38090.25,22486.431640625,1229.7526,14374.0673828125,70.90910000000001,165,48,41,0,0
DB (centrality),42,40607.53515625,22525.5078125,1224.6432,16857.376953125,65.0602,166,58,41,0,0
DB (centrality),420,39099.8125,21420.623046875,1174.4821,16504.71484375,70.068,147,44,39,0,0
DB (centrality),421,41092.61328125,21644.677734375,1158.3368,18289.60546875,62.2517,151,57,39,0,0
DB (centrality),422,48866.94140625,22701.740234375,1244.5504,24920.65625,57.22540000000001,173,74,41,0,0
DB (centrality),423,38281.09375,22612.71484375,1260.7958,14407.58203125,65.4088,159,55,41,0,0
DB (centrality),424,37922.234375,22363.138671875,1191.9753,14367.123046875,66.8571,175,58,40,0,0
DB (centrality),425,33192.22265625,19398.75,1073.7781,12719.697265625,73.5043,117,31,35,0,0
DB (centrality),426,43440.38671875,22823.853515625,1210.727,19405.80859375,67.0455,176,58,41,0,0
DB (centrality),427,36991.234375,21785.89453125,1166.4462,14038.892578125,70.0,160,48,39,0,0
DB (centrality),428,35103.44921875,21042.888671875,1115.7586,12944.802734375,71.9178,146,41,38,0,0
DB (centrality),429,40713.6796875,22799.197265625,1204.5624,16709.91796875,63.0682,176,65,41,0,0
DB (centrality),43,36978.8828125,22735.873046875,1196.252,13046.7548828125,68.92660000000001,177,55,41,0,0
DB (centrality),430,39034.26171875,23375.93359375,1254.7025,14403.626953125,65.9341,182,62,42,0,0
DB (centrality),431,31713.46484375,20493.27734375,1182.6495,10037.5361328125,68.75,128,40,37,0,0
DB (centrality),432,35994.77734375,21731.5859375,1237.957,13025.236328125,69.9346,153,46,39,0,0
DB (centrality),433,53117.95703125,23699.474609375,1300.2421,28118.234375,61.0811,185,72,43,0,0
DB (centrality),434,34905.25,21733.380859375,1160.0373,12011.8349609375,70.6667,150,44,39,0,0
DB (centrality),435,44882.40234375,22606.576171875,1242.2904,21033.541015625,68.57140000000001,175,55,41,0,0
DB (centrality),436,33146.15234375,20694.80859375,1154.8231,11296.515625,76.1194,134,32,37,0,0
DB (centrality),437,39524.9296875,21769.06640625,1147.5937,16608.267578125,64.9351,154,54,39,0,0
DB (centrality),438,38665.609375,22281.302734375,1221.5945,15162.7138671875,66.4634,164,55,40,0,0
DB (centrality),439,40713.99609375,22575.96484375,1274.4332,16863.58984375,70.0599,167,50,41,0,0
DB (centrality),44,39413.8671875,22618.890625,1272.2755,15522.7021484375,68.04729999999999,169,54,41,0,0
DB (centrality),440,40601.2421875,21753.5703125,1227.8651,17619.80859375,65.3595,153,53,39,0,0
DB (centrality),441,36874.9609375,21930.611328125,1223.6451,13720.7099609375,71.4286,161,46,40,0,0
DB (centrality),442,29840.455078125,19795.259765625,1008.3784,9036.8154296875,68.03280000000001,122,39,36,0,0
DB (centrality),443,40850.69921875,22144.064453125,1293.8137,17412.818359375,60.8696,161,63,40,0,0
DB (centrality),444,42475.53515625,23306.349609375,1324.0242,17845.166015625,66.8605,172,57,42,0,0
DB (centrality),445,45576.48828125,23435.27734375,1245.9867,20895.22265625,70.7182,181,53,42,0,0
DB (centrality),446,33591.9375,20430.357421875,1097.2977,12064.2783203125,74.0157,127,33,37,0,0
DB (centrality),447,42144.6875,22596.65625,1238.5473,18309.486328125,63.7931,174,63,41,0,0
DB (centrality),448,37078.59765625,21790.1875,1213.4692,14074.939453125,67.7215,158,51,39,0,0
DB (centrality),449,35801.85546875,22111.0234375,1248.0319,12442.802734375,65.8228,158,54,40,0,0
DB (centrality),45,31243.650390625,19934.37890625,1034.4487,10274.8251953125,73.1092,119,32,36,0,0
DB (centrality),450,49194.5625,24486.25390625,1436.4473,23271.849609375,62.814099999999996,199,74,44,0,0
DB (centrality),451,32104.818359375,21067.40234375,1147.2842,9890.1298828125,73.1034,145,39,38,0,0
DB (centrality),452,37633.75,21123.32421875,1155.6686,15354.7470703125,65.2174,138,48,38,0,0
DB (centrality),453,36527.30859375,22257.634765625,1211.5921,13058.078125,69.4268,157,48,40,0,0
DB (centrality),454,39244.89453125,21760.80078125,1142.3427,16341.75390625,72.327,159,44,39,0,0
DB (centrality),455,32541.890625,20968.5390625,1140.7481,10432.6044921875,72.1429,140,39,38,0,0
DB (centrality),456,33604.78125,20980.162109375,1086.5708,11538.044921875,71.3235,136,39,38,0,0
DB (centrality),457,36851.53125,21025.0625,1132.3772,14694.0859375,68.79429999999999,141,44,38,0,0
DB (centrality),458,37216.29296875,21700.318359375,1185.6366,14330.337890625,70.1389,144,43,39,0,0
DB (centrality),459,38760.015625,21971.490234375,1169.0045,15619.5234375,60.2564,156,62,40,0,0
DB (centrality),46,37374.24609375,21316.037109375,1181.071,14877.1357421875,63.88890000000001,144,52,39,0,0
DB (centrality),460,37875.25,21681.9140625,1196.0157,14997.330078125,68.2119,151,48,39,0,0
DB (centrality),461,35013.31640625,21159.15625,1148.5853,12705.5810546875,68.27590000000001,145,46,38,0,0
DB (centrality),462,46045.26953125,24398.724609375,1322.3946,20324.146484375,66.8342,199,66,44,0,0
DB (centrality),463,38178.94140625,22851.134765625,1260.824,14066.9794921875,67.4556,169,55,41,0,0
DB (centrality),464,34027.30078125,20577.03125,1080.0372,12370.2373046875,67.6923,130,42,37,0,0
DB (centrality),465,35943.671875,21105.73828125,1171.6122,13666.31640625,67.58619999999999,145,47,38,0,0
DB (centrality),466,41368.0625,22379.88671875,1199.2897,17788.884765625,64.5963,161,57,40,0,0
DB (centrality),467,40929.85546875,21698.83203125,1161.8093,18069.21484375,65.8065,155,53,39,0,0
DB (centrality),468,44123.9375,23449.35546875,1282.0236,19392.548828125,62.8571,175,65,42,0,0
DB (centrality),469,37036.9921875,21970.37109375,1157.4667,13909.1572265625,62.8205,156,58,40,0,0
DB (centrality),47,44330.1171875,22998.166015625,1294.4835,20037.470703125,69.0476,168,52,42,0,0
DB (centrality),470,39271.30078125,22529.390625,1276.1069,15465.802734375,61.818200000000004,165,63,41,0,0
DB (centrality),471,42969.57421875,23367.90625,1180.7701,18420.8984375,68.68130000000001,182,57,42,0,0
DB (centrality),472,42565.59765625,21996.728515625,1176.1893,19392.677734375,60.248400000000004,161,64,40,0,0
DB (centrality),473,44696.73046875,23348.1171875,1245.9492,20102.66796875,66.8539,178,59,42,0,0
DB (centrality),474,33421.2421875,20332.263671875,1042.5255,12046.455078125,68.2171,129,41,37,0,0
DB (centrality),475,39485.96875,22438.80859375,1238.7246,15808.4365234375,70.90910000000001,165,48,41,0,0
DB (centrality),476,40581.89453125,22134.603515625,1256.6914,17190.6015625,67.0886,158,52,40,0,0
DB (centrality),477,36579.46484375,21163.8828125,1215.041,14200.5419921875,63.503600000000006,137,50,38,0,0
DB (centrality),478,38145.2421875,22335.3515625,1166.2246,14643.666015625,68.8623,167,52,40,0,0
DB (centrality),479,35964.96875,21726.0859375,1147.4338,13091.44921875,71.3333,150,43,39,0,0
DB (centrality),48,36257.19921875,22877.4765625,1272.1167,12107.60546875,74.1379,174,45,41,0,0
DB (centrality),480,39663.05859375,22758.626953125,1248.4624,15655.9716796875,67.8161,174,56,41,0,0
DB (centrality),481,35906.140625,22020.990234375,1185.0658,12700.08984375,73.75,160,42,40,0,0
DB (centrality),482,36465.16796875,21536.087890625,1144.8358,13784.24609375,68.5315,143,45,39,0,0
DB (centrality),483,43655.02734375,22742.5,1259.5648,19652.966796875,65.11630000000001,172,60,41,0,0
DB (centrality),484,43507.921875,23881.65234375,1328.8585,18297.41796875,69.1892,185,57,43,0,0
DB (centrality),485,43325.89453125,22819.845703125,1265.5634,19240.498046875,66.8571,175,58,41,0,0
DB (centrality),486,36195.20703125,21877.38671875,1199.4069,13118.412109375,72.327,159,44,40,0,0
DB (centrality),487,41541.6953125,22789.16015625,1252.3377,17500.193359375,66.1017,177,60,41,0,0
DB (centrality),488,28565.865234375,19367.53515625,1000.3429,8197.9833984375,67.8261,115,37,35,0,0
DB (centrality),489,40485.109375,23614.623046875,1312.2033,15558.28515625,67.20429999999999,186,61,43,0,0
DB (centrality),49,45775.86328125,22494.916015625,1186.3314,22094.6171875,59.1463,164,67,41,0,0
DB (centrality),490,40047.62890625,21447.04296875,1130.7911,17469.7890625,66.2338,154,52,39,0,0
DB (centrality),491,38906.3359375,21670.1015625,1170.722,16065.505859375,63.087199999999996,149,55,39,0,0
DB (centrality),492,41097.0234375,22825.25,1211.2214,17060.5546875,65.1429,175,61,41,0,0
DB (centrality),493,43221.40625,22596.4609375,1235.2806,19389.671875,64.881,168,59,41,0,0
DB (centrality),494,37282.4453125,21660.3671875,1231.0578,14391.0244140625,68.5897,156,49,39,0,0
DB (centrality),495,41260.5234375,22806.505859375,1263.9715,17190.048828125,67.4847,163,53,41,0,0
DB (centrality),496,41879.921875,22712.181640625,1308.2668,17859.466796875,65.45450000000001,165,57,41,0,0
DB (centrality),497,37264.2421875,21272.732421875,1113.2124,14878.30078125,67.3469,147,48,38,0,0
DB (centrality),498,37270.15234375,21741.478515625,1198.6514,14330.0244140625,67.3203,153,50,39,0,0
DB (centrality),499,35978.34765625,22285.330078125,1198.5236,12494.49609375,74.68350000000001,158,40,40,0,0
DB (centrality),5,34324.421875,21038.982421875,1116.3411,12169.09765625,70.0,140,42,38,0,0
DB (centrality),50,36940.18359375,22205.166015625,1218.7686,13516.2451171875,65.8385,161,55,40,0,0
DB (centrality),500,38369.64453125,22193.833984375,1156.5884,15019.22265625,67.83630000000001,171,55,40,0,0
DB (centrality),51,42763.6796875,22227.83203125,1104.9234,19430.916015625,66.0819,171,58,40,0,0
DB (centrality),52,39769.57421875,22502.888671875,1188.5174,16078.1650390625,68.4848,165,52,41,0,0
DB (centrality),53,45128.89453125,23437.287109375,1361.198,20330.396484375,61.11109999999999,180,70,42,0,0
DB (centrality),54,43534.0859375,23317.890625,1244.4072,18971.79296875,69.0217,184,57,42,0,0
DB (centrality),55,39200.0390625,22075.357421875,1165.1104,15959.5732421875,69.5122,164,50,40,0,0
DB (centrality),56,43583.8515625,22998.166015625,1217.5318,19368.1484375,61.6667,180,69,42,0,0
DB (centrality),57,37379.0546875,21146.82421875,1104.6182,15127.611328125,70.8333,144,42,38,0,0
DB (centrality),58,42896.265625,22573.693359375,1279.086,19043.484375,67.4847,163,53,41,0,0
DB (centrality),59,70285.140625,24948.80859375,1339.1658,43997.15234375,49.5327,214,108,45,0,0
DB (centrality),6,44448.9140625,23765.513671875,1309.095,19374.30859375,63.388,183,67,43,0,0
DB (centrality),60,37106.42578125,21090.681640625,1122.7032,14893.0380859375,67.7852,149,48,38,0,0
DB (centrality),61,41817.13671875,22307.123046875,1202.68,18307.328125,67.08070000000001,161,53,40,0,0
DB (centrality),62,40313.9765625,22342.20703125,1234.1195,16737.658203125,67.2727,165,54,40,0,0
DB (centrality),63,39853.46484375,22034.58203125,1246.1987,16572.685546875,65.3846,156,54,40,0,0
DB (centrality),64,51591.01953125,22689.349609375,1259.3549,27642.314453125,49.697,165,83,41,0,0
DB (centrality),65,39954.0703125,22781.197265625,1286.5806,15886.2880859375,65.6442,163,56,41,0,0
DB (centrality),66,40066.50390625,22606.314453125,1259.1746,16201.0107421875,68.6391,169,53,41,0,0
DB (centrality),67,45946.61328125,23736.962890625,1315.6249,20894.02734375,65.1042,192,67,43,0,0
DB (centrality),68,35541.1328125,21234.35546875,1144.7387,13162.03125,69.5035,141,43,38,0,0
DB (centrality),69,34255.18359375,20891.455078125,1096.2204,12267.5087890625,67.6056,142,46,38,0,0
DB (centrality),7,37175.640625,21566.7265625,1182.0191,14426.896484375,68.6667,150,47,39,0,0
DB (centrality),70,50227.671875,25013.306640625,1377.4676,23836.892578125,60.8491,212,83,45,0,0
DB (centrality),71,34432.6640625,21529.384765625,1124.5334,11778.740234375,68.3871,155,49,39,0,0
DB (centrality),72,33310.70703125,20899.619140625,1119.6151,11291.4736328125,70.6294,143,42,38,0,0
DB (centrality),73,44037.5546875,23095.712890625,1263.1132,19678.72265625,70.0,170,51,42,0,0
DB (centrality),74,40026.71875,21318.80859375,1191.0158,17516.892578125,63.8158,152,55,39,0,0
DB (centrality),75,44690.23046875,22799.494140625,1236.1138,20654.6328125,66.2577,163,55,41,0,0
DB (centrality),76,46304.53515625,22998.80859375,1248.7868,22056.92578125,66.1111,180,61,42,0,0
DB (centrality),77,37889.85546875,21707.87109375,1150.5188,15031.4580078125,68.5535,159,50,39,0,0
DB (centrality),78,54658.796875,23193.5,1307.3109,30157.978515625,53.370799999999996,178,83,42,0,0
DB (centrality),79,43251.60546875,22897.517578125,1241.7163,19112.373046875,63.2768,177,65,41,0,0
DB (centrality),8,35302.63671875,22184.400390625,1258.8787,11859.3583984375,67.70190000000001,161,52,40,0,0
DB (centrality),80,44049.640625,23004.486328125,1264.1977,19780.951171875,62.2857,175,66,42,0,0
DB (centrality),81,49648.6484375,22705.001953125,1198.9592,25744.6875,56.647400000000005,173,75,41,0,0
DB (centrality),82,68210.4140625,24380.1640625,1365.904,42464.35546875,51.2195,205,100,44,0,0
DB (centrality),83,38423.83203125,22113.23828125,1190.2178,15120.3828125,77.1605,162,37,40,0,0
DB (centrality),84,42032.546875,22871.1015625,1285.9819,17875.4609375,63.0058,173,64,41,0,0
DB (centrality),85,50648.87109375,23896.2578125,1353.5519,25399.064453125,61.3757,189,73,43,0,0
DB (centrality),86,40100.65625,22028.107421875,1232.3753,16840.173828125,69.4268,157,48,40,0,0
DB (centrality),87,36468.765625,21129.05859375,1166.2051,14173.4931640625,65.2778,144,50,38,0,0
DB (centrality),88,52124.0859375,24480.0234375,1265.746,26378.322265625,61.3861,202,78,44,0,0
DB (centrality),89,46377.5234375,22678.130859375,1239.6004,22459.794921875,63.1579,171,63,41,0,0
DB (centrality),9,39269.5703125,21513.15625,1144.1811,16612.224609375,71.7105,152,43,39,0,0
DB (centrality),90,40336.25,21434.2734375,1162.2554,17739.71875,66.443,149,50,39,0,0
DB (centrality),91,38355.265625,21726.859375,1219.8737,15408.5380859375,71.4286,161,46,39,0,0
DB (centrality),92,39841.390625,22148.787109375,1230.3384,16462.263671875,72.2581,155,43,40,0,0
DB (centrality),93,39190.1640625,22682.931640625,1247.2636,15259.9716796875,70.303,165,49,41,0,0
DB (centrality),94,30967.279296875,20362.890625,1101.2019,9503.185546875,74.4186,129,33,37,0,0
DB (centrality),95,32302.9765625,19956.564453125,1059.5146,11286.8935546875,74.4,125,32,36,0,0
DB (centrality),96,32435.578125,19946.146484375,1104.8271,11384.6015625,67.7165,127,41,36,0,0
DB (centrality),97,39027.38671875,22839.533203125,1231.3195,14956.533203125,67.2316,177,58,41,0,0
DB (centrality),98,30203.162109375,19867.708984375,1048.9778,9286.4765625,75.4098,122,30,36,0,0
DB (centrality),99,32023.720703125,19727.005859375,1012.6351,11284.0849609375,72.03389999999999,118,33,36,0,0
Myopic (value-based),1,34935.3515625,21000.8828125,1201.9024,12732.5625,66.6667,138,46,38,0,0
Myopic (value-based),10,35241.890625,21648.83984375,1177.0168,12416.0322265625,65.3061,147,51,39,0,0
Myopic (value-based),100,33511.03125,20583.75,1139.363,11787.912109375,62.295100000000005,122,46,37,0,0
Myopic (value-based),101,36290.8671875,21252.388671875,1192.6509,13845.82421875,65.035,143,50,38,0,0
Myopic (value-based),102,34048.125,22024.943359375,1149.2656,10873.912109375,72.1519,158,44,40,0,0
Myopic (value-based),103,28661.267578125,18961.78125,1045.2837,8654.2021484375,68.1416,113,36,34,0,0
Myopic (value-based),104,35298.6796875,22579.669921875,1304.4206,11414.58984375,75.3086,162,40,41,0,0
Myopic (value-based),105,32863.94140625,20892.6484375,1088.9962,10882.29296875,66.1765,136,46,38,0,0
Myopic (value-based),106,36322.26953125,22071.193359375,1186.7212,13064.3544921875,74.375,160,41,40,0,0
Myopic (value-based),107,36016.7890625,21691.994140625,1132.5395,13192.255859375,70.1299,154,46,39,0,0
Myopic (value-based),108,29252.41015625,20409.658203125,1117.9433,7724.806640625,72.7273,132,36,37,0,0
Myopic (value-based),109,28271.3671875,20373.73828125,1131.2846,6766.345703125,78.9062,128,27,37,0,0
Myopic (value-based),11,36636.02734375,22003.466796875,1153.1411,13479.4130859375,64.6707,167,59,40,0,0
Myopic (value-based),110,30999.904296875,20943.05859375,1252.8102,8804.037109375,69.1729,133,41,38,0,0
Myopic (value-based),111,42828.6171875,23368.21875,1271.7686,18188.626953125,64.0449,178,64,42,0,0
Myopic (value-based),112,27953.7890625,19921.779296875,1131.4363,6900.5654296875,66.95649999999999,115,38,36,0,0
Myopic (value-based),113,32534.025390625,21987.85546875,1209.4032,9336.765625,69.4805,154,47,40,0,0
Myopic (value-based),114,35064.80859375,22075.537109375,1201.8813,11787.384765625,66.25,160,54,40,0,0
Myopic (value-based),115,39250.859375,23026.71875,1246.4908,14977.6396484375,65.7303,178,61,42,0,0
Myopic (value-based),116,35102.609375,21564.416015625,1195.6748,12342.515625,62.9371,143,53,39,0,0
Myopic (value-based),117,31442.482421875,20644.3984375,1193.0908,9604.99609375,75.3846,130,32,37,0,0
Myopic (value-based),118,33913.48828125,22222.583984375,1243.504,10447.396484375,70.1863,161,48,40,0,0
Myopic (value-based),119,28284.1640625,20084.08984375,1059.2823,7140.79345703125,68.3333,120,38,36,0,0
Myopic (value-based),12,34290.82421875,21538.08203125,1129.0985,11623.642578125,71.6216,148,42,39,0,0
Myopic (value-based),120,36292.89453125,22169.119140625,1182.3246,12941.4541015625,68.7898,157,49,40,0,0
Myopic (value-based),121,25212.236328125,19405.423828125,1029.5882,4777.2236328125,73.63640000000001,110,29,35,0,0
Myopic (value-based),122,30573.57421875,20466.203125,1183.5014,8923.869140625,65.6489,131,45,37,0,0
Myopic (value-based),123,28684.296875,21090.732421875,1107.5714,6485.99755859375,66.6667,141,47,38,0,0
Myopic (value-based),124,35615.94140625,21678.98828125,1244.9015,12692.0556640625,60.8108,148,58,39,0,0
Myopic (value-based),125,35485.0,21984.458984375,1223.2631,12277.2783203125,66.2252,151,51,40,0,0
Myopic (value-based),126,33344.30078125,21728.732421875,1208.2265,10407.3427734375,68.0272,147,47,39,0,0
Myopic (value-based),127,32349.111328125,21438.5703125,1124.7261,9785.81640625,71.4286,147,42,39,0,0
Myopic (value-based),128,39795.66015625,23856.166015625,1337.5128,14601.9892578125,69.1892,185,57,43,0,0
Myopic (value-based),129,34057.3671875,22339.77734375,1249.4202,10468.16796875,64.1509,159,57,40,0,0
Myopic (value-based),13,31552.310546875,21399.92578125,1177.8872,8974.4990234375,63.6364,143,52,39,0,0
Myopic (value-based),130,35942.2109375,22253.8984375,1224.5965,12463.7197265625,67.4847,163,53,40,0,0
Myopic (value-based),131,39823.75,22710.689453125,1242.1758,15870.8916015625,67.8161,174,56,41,0,0
Myopic (value-based),132,32386.55078125,21748.837890625,1282.4316,9355.27734375,75.6944,144,35,39,0,0
Myopic (value-based),133,29801.46484375,21142.07421875,1155.9279,7503.45849609375,70.1389,144,43,38,0,0
Myopic (value-based),134,34037.7578125,21116.177734375,1172.8427,11748.73828125,66.1871,139,47,38,0,0
Myopic (value-based),135,30289.4296875,20787.041015625,1103.5509,8398.83984375,66.9231,130,43,38,0,0
Myopic (value-based),136,45495.12109375,23461.5625,1338.371,20695.189453125,64.8352,182,64,42,0,0
Myopic (value-based),137,35123.75,21687.029296875,1159.2197,12277.49609375,67.5325,154,50,39,0,0
Myopic (value-based),138,27196.951171875,19324.853515625,1039.3267,6832.77685546875,67.3077,104,34,35,0,0
Myopic (value-based),139,36580.078125,21752.814453125,1147.4587,13679.8125,64.42949999999999,149,53,39,0,0
Myopic (value-based),14,29257.39453125,20294.55859375,1139.1634,7823.67822265625,76.8,125,29,37,0,0
Myopic (value-based),140,29322.49609375,20460.140625,1089.3429,7773.009765625,68.70230000000001,131,41,37,0,0
Myopic (value-based),141,39622.0625,22828.859375,1246.9109,15546.2978515625,66.2857,175,59,41,0,0
Myopic (value-based),142,27352.880859375,19830.037109375,1054.0582,6468.78955078125,72.1311,122,34,36,0,0
Myopic (value-based),143,40696.3359375,22085.96875,1243.7764,17366.5859375,63.871,155,56,40,0,0
Myopic (value-based),144,32760.0859375,20605.66015625,1103.7962,11050.63671875,71.9697,132,37,37,0,0
Myopic (value-based),145,43780.55078125,21101.318359375,1174.856,21504.388671875,58.5714,140,58,38,0,0
Myopic (value-based),146,36249.703125,21989.62890625,1188.7054,13071.3642578125,64.81479999999999,162,57,40,0,0
Myopic (value-based),147,30102.12109375,20522.16796875,1162.8682,8417.083984375,70.8661,127,37,37,0,0
Myopic (value-based),148,35158.49609375,21170.470703125,1107.8967,12880.1259765625,67.13289999999999,143,47,38,0,0
Myopic (value-based),149,39920.29296875,22621.06640625,1330.6059,15968.619140625,59.6386,166,67,41,0,0
Myopic (value-based),15,30860.330078125,20618.859375,1095.6378,9145.82421875,71.5328,137,39,37,0,0
Myopic (value-based),150,37557.79296875,23225.57421875,1270.8099,13061.4169921875,68.18180000000001,176,56,42,0,0
Myopic (value-based),151,32223.234375,21246.462890625,1170.5268,9806.2431640625,71.2329,146,42,38,0,0
Myopic (value-based),152,33750.1953125,21734.1640625,1273.969,10742.0595703125,73.2877,146,39,39,0,0
Myopic (value-based),153,27786.8515625,19764.255859375,1119.0658,6903.525390625,78.3333,120,26,36,0,0
Myopic (value-based),154,28495.869140625,19951.3671875,1037.8769,7506.62255859375,64.0,125,45,36,0,0
Myopic (value-based),155,38471.5859375,22639.64453125,1264.8757,14567.064453125,65.6627,166,57,41,0,0
Myopic (value-based),156,32855.61328125,22214.298828125,1287.2782,9354.037109375,72.61149999999999,157,43,40,0,0
Myopic (value-based),157,30407.6796875,19459.271484375,1033.4132,9914.990234375,69.5652,115,35,35,0,0
Myopic (value-based),158,34424.078125,20790.533203125,1111.7078,12521.8388671875,64.4444,135,48,38,0,0
Myopic (value-based),159,32874.03515625,21701.203125,1203.2221,9969.609375,71.1268,142,41,39,0,0
Myopic (value-based),16,32369.18359375,21216.625,1174.0891,9978.474609375,68.3099,142,45,38,0,0
Myopic (value-based),160,34014.44921875,22296.392578125,1308.4613,10409.599609375,72.956,159,43,40,0,0
Myopic (value-based),161,32561.056640625,20419.841796875,1108.3635,11032.8486328125,64.6617,133,47,37,0,0
Myopic (value-based),162,28257.373046875,20418.53125,1107.3324,6731.51220703125,75.7812,128,31,37,0,0
Myopic (value-based),163,31573.314453125,20452.0625,1181.9953,9939.2578125,69.35480000000001,124,38,37,0,0
Myopic (value-based),164,31259.859375,21205.248046875,1134.5561,8920.0537109375,72.2222,144,40,38,0,0
Myopic (value-based),165,37686.140625,22321.53125,1205.8757,14158.736328125,67.08070000000001,161,53,40,0,0
Myopic (value-based),166,32458.287109375,22775.236328125,1316.463,8366.5888671875,71.6867,166,47,41,0,0
Myopic (value-based),167,36971.8671875,21910.533203125,1191.4054,13869.9296875,60.135099999999994,148,59,40,0,0
Myopic (value-based),168,31445.884765625,20899.392578125,1118.2337,9428.2607421875,75.5396,139,34,38,0,0
Myopic (value-based),169,37889.25390625,22317.55078125,1230.3855,14341.31640625,62.4242,165,62,40,0,0
Myopic (value-based),17,33680.40234375,22253.80078125,1224.3649,10202.2333984375,68.09819999999999,163,52,40,0,0
Myopic (value-based),170,29455.916015625,20644.994140625,1083.93,7726.99365234375,66.6667,138,46,37,0,0
Myopic (value-based),171,37572.453125,21910.533203125,1208.44,14453.486328125,66.6667,156,52,40,0,0
Myopic (value-based),172,31489.404296875,22071.51953125,1219.88,8198.0068359375,73.0263,152,41,40,0,0
Myopic (value-based),173,27717.111328125,20466.76953125,1179.3329,6071.01025390625,76.1905,126,30,37,0,0
Myopic (value-based),174,32665.640625,20778.439453125,1163.6189,10723.5849609375,73.6842,133,35,38,0,0
Myopic (value-based),175,35436.484375,20913.228515625,1099.8207,13423.4404296875,69.5652,138,42,38,0,0
Myopic (value-based),176,31821.1484375,21771.03515625,1132.0355,8918.083984375,70.4698,149,44,39,0,0
Myopic (value-based),177,30814.12890625,21111.16015625,1236.5772,8466.396484375,72.18050000000001,133,37,38,0,0
Myopic (value-based),178,39449.96875,22259.42578125,1230.7736,15959.771484375,63.1902,163,60,40,0,0
Myopic (value-based),179,40939.2890625,22547.51171875,1270.2821,17121.50390625,69.2771,166,51,41,0,0
Myopic (value-based),18,37370.29296875,22182.107421875,1272.8773,13915.3134765625,60.897400000000005,156,61,40,0,0
Myopic (value-based),180,41783.16015625,23833.642578125,1371.0725,16578.44140625,70.32969999999999,182,54,43,0,0
Myopic (value-based),181,33980.75390625,21095.541015625,1158.0578,11727.1572265625,61.5385,143,55,38,0,0
Myopic (value-based),182,35521.03515625,22177.37890625,1220.8847,12122.7646484375,71.519,158,45,40,0,0
Myopic (value-based),183,33917.00390625,21164.984375,1119.3298,11632.689453125,65.1007,149,52,38,0,0
Myopic (value-based),184,36133.63671875,21785.38671875,1171.5472,13176.7021484375,66.6667,153,51,39,0,0
Myopic (value-based),185,38506.73046875,22737.955078125,1364.1156,14404.65625,58.53660000000001,164,68,41,0,0
Myopic (value-based),186,41527.6328125,21690.48828125,1194.8872,18642.2578125,63.698600000000006,146,53,39,0,0
Myopic (value-based),187,37792.4453125,20975.65234375,1123.8193,15692.966796875,65.9864,147,50,38,0,0
Myopic (value-based),188,37047.296875,20608.24609375,1098.3924,15340.65625,62.686600000000006,134,50,37,0,0
Myopic (value-based),189,31275.978515625,20343.865234375,1117.4988,9814.6083984375,66.4062,128,43,37,0,0
Myopic (value-based),19,37204.71484375,20940.978515625,1091.855,15171.8818359375,60.402699999999996,149,59,38,0,0
Myopic (value-based),190,34680.58203125,22322.951171875,1222.2107,11135.419921875,72.5,160,44,40,0,0
Myopic (value-based),191,36607.2265625,21473.3515625,1120.4743,14013.4052734375,74.1497,147,38,39,0,0
Myopic (value-based),192,31956.783203125,21039.201171875,1220.5453,9697.0400390625,72.6619,139,38,38,0,0
Myopic (value-based),193,31300.6328125,21110.859375,1176.1954,9013.5810546875,68.79429999999999,141,44,38,0,0
Myopic (value-based),194,33709.69921875,21671.009765625,1202.3105,10836.37890625,72.9167,144,39,39,0,0
Myopic (value-based),195,31783.111328125,21135.306640625,1176.8336,9470.96875,74.0741,135,35,38,0,0
Myopic (value-based),196,39981.0859375,23124.970703125,1328.7729,15527.333984375,67.8161,174,56,42,0,0
Myopic (value-based),197,38202.70703125,22602.6328125,1241.4684,14358.6083984375,69.4611,167,51,41,0,0
Myopic (value-based),198,32730.056640625,21803.4453125,1249.8659,9676.7509765625,70.3947,152,45,39,0,0
Myopic (value-based),199,45087.5703125,23341.244140625,1266.078,20480.244140625,67.9558,181,58,42,0,0
Myopic (value-based),2,35309.0,22342.138671875,1296.9565,11669.9091796875,72.6708,161,44,40,0,0
Myopic (value-based),20,29202.60546875,19944.2265625,1061.9425,8196.43359375,65.2893,121,42,36,0,0
Myopic (value-based),200,33607.515625,21643.376953125,1219.884,10744.2568359375,68.3099,142,45,39,0,0
Myopic (value-based),201,33124.29296875,20681.568359375,1159.6357,11283.0849609375,72.18050000000001,133,37,37,0,0
Myopic (value-based),202,33562.18359375,20790.533203125,1203.5191,11568.1318359375,70.073,137,41,38,0,0
Myopic (value-based),203,32958.390625,20469.109375,1055.1086,11434.1708984375,67.66919999999999,133,43,37,0,0
Myopic (value-based),204,41857.5546875,22130.0625,1258.5998,18468.900390625,64.1026,156,56,40,0,0
Myopic (value-based),205,32063.39453125,20996.37890625,1218.9719,9848.0478515625,60.447799999999994,134,53,38,0,0
Myopic (value-based),206,38487.53125,22616.37109375,1214.9184,14656.23828125,67.5,160,52,41,0,0
Myopic (value-based),207,36290.8515625,22255.708984375,1263.0339,12772.1064453125,63.1902,163,60,40,0,0
Myopic (value-based),208,41771.26953125,22847.572265625,1264.1464,17659.552734375,65.11630000000001,172,60,41,0,0
Myopic (value-based),209,47271.2734375,22608.837890625,1196.9492,23465.494140625,55.0898,167,75,41,0,0
Myopic (value-based),21,35192.1171875,22262.51953125,1270.4619,11659.13671875,67.8788,165,53,40,0,0
Myopic (value-based),210,34838.97265625,20408.26171875,1127.6924,13303.0263671875,71.65350000000001,127,36,37,0,0
Myopic (value-based),211,33673.59375,20334.5546875,1133.676,12205.365234375,70.9677,124,36,37,0,0
Myopic (value-based),212,32147.158203125,21050.4453125,1114.3821,9982.32421875,75.6944,144,35,38,0,0
Myopic (value-based),213,30723.298828125,21099.48828125,1109.8695,8513.9453125,67.8322,143,46,38,0,0
Myopic (value-based),214,39887.93359375,22645.71484375,1256.5672,15985.6435546875,67.4419,172,56,41,0,0
Myopic (value-based),215,26530.72265625,19912.919921875,1082.8876,5534.9208984375,75.0,116,29,36,0,0
Myopic (value-based),216,34974.43359375,22228.091796875,1297.134,11449.2041015625,71.7791,163,46,40,0,0
Myopic (value-based),217,37460.62109375,21937.849609375,1205.7981,14316.9716796875,60.7595,158,62,40,0,0
Myopic (value-based),218,31827.59765625,21124.73828125,1189.1122,9513.7490234375,69.5652,138,42,38,0,0
Myopic (value-based),219,32195.833984375,20652.8671875,1183.5214,10359.4443359375,70.5426,129,38,37,0,0
Myopic (value-based),22,45718.6171875,23789.0859375,1408.0635,20521.46875,61.9048,189,72,43,0,0
Myopic (value-based),220,31477.609375,21007.556640625,1199.9615,9270.09765625,77.8571,140,31,38,0,0
Myopic (value-based),221,33655.625,22344.681640625,1268.1582,10042.783203125,66.2577,163,55,40,0,0
Myopic (value-based),222,33234.34765625,20874.578125,1149.2601,11210.509765625,67.4242,132,43,38,0,0
Myopic (value-based),223,38867.37890625,22351.6015625,1225.949,15289.8349609375,63.4146,164,60,40,0,0
Myopic (value-based),224,37135.4609375,22544.814453125,1258.6191,13332.03515625,63.5802,162,59,41,0,0
Myopic (value-based),225,54291.35546875,23463.01171875,1367.4827,29460.87109375,56.7568,185,80,42,0,0
Myopic (value-based),226,34078.9921875,22284.009765625,1239.4225,10555.5595703125,70.4819,166,49,40,0,0
Myopic (value-based),227,35276.44921875,21692.958984375,1242.1756,12341.3115234375,72.1854,151,42,39,0,0
Myopic (value-based),228,36204.96484375,21656.859375,1202.6028,13345.5078125,62.2517,151,57,39,0,0
Myopic (value-based),229,29745.181640625,19483.04296875,1085.3704,9176.765625,68.4211,114,36,35,0,0
Myopic (value-based),23,36380.50390625,21188.455078125,1130.1669,14061.8828125,65.0685,146,51,38,0,0
Myopic (value-based),230,42331.13671875,22178.146484375,1216.1982,18936.798828125,61.3924,158,61,40,0,0
Myopic (value-based),231,40122.6875,23122.416015625,1240.2197,15760.0478515625,64.8045,179,63,42,0,0
Myopic (value-based),232,42686.46875,23181.501953125,1275.0442,18229.93359375,64.60669999999999,178,63,42,0,0
Myopic (value-based),233,31981.59765625,20593.0625,1104.8518,10283.68359375,67.6259,139,45,37,0,0
Myopic (value-based),234,44540.4453125,23220.994140625,1379.5489,19939.892578125,66.6667,174,58,42,0,0
Myopic (value-based),235,37636.5234375,22153.7265625,1287.446,14195.34765625,64.557,158,56,40,0,0
Myopic (value-based),236,38595.3515625,22170.69921875,1222.6748,15201.9775390625,67.70190000000001,161,52,40,0,0
Myopic (value-based),237,34134.96875,21776.482421875,1187.704,11170.787109375,72.78909999999999,147,40,39,0,0
Myopic (value-based),238,40509.55078125,21419.3125,1180.133,17910.10546875,68.9655,145,45,39,0,0
Myopic (value-based),239,32107.650390625,20618.32421875,1136.6559,10352.669921875,67.4242,132,43,37,0,0
Myopic (value-based),24,34894.16015625,22154.2578125,1159.6391,11580.2646484375,69.5652,161,49,40,0,0
Myopic (value-based),240,28192.119140625,19707.0,1075.5839,7409.5341796875,74.7826,115,29,36,0,0
Myopic (value-based),241,30657.00390625,20920.55078125,1020.1851,8716.2666015625,71.831,142,40,38,0,0
Myopic (value-based),242,32598.90625,21217.32421875,1145.0448,10236.5400390625,68.8406,138,43,38,0,0
Myopic (value-based),243,52488.16015625,25133.4140625,1457.1096,25897.6328125,61.682199999999995,214,82,45,0,0
Myopic (value-based),244,46718.26953125,23452.529296875,1338.4478,21927.287109375,65.7459,181,62,42,0,0
Myopic (value-based),245,28009.5625,20385.716796875,1082.6763,6541.16943359375,71.7557,131,37,37,0,0
Myopic (value-based),246,37689.78125,22722.80859375,1198.5338,13768.4404296875,68.2081,173,55,41,0,0
Myopic (value-based),247,35757.67578125,21576.291015625,1127.1603,13054.2216796875,68.2432,148,47,39,0,0
Myopic (value-based),248,41212.015625,23653.875,1330.7773,16227.3662109375,64.67389999999999,184,65,43,0,0
Myopic (value-based),249,36713.5078125,21906.71875,1221.89,13584.892578125,65.1316,152,53,40,0,0
Myopic (value-based),25,43000.4375,23198.95703125,1292.3308,18509.15625,68.92660000000001,177,55,42,0,0
Myopic (value-based),250,35789.6796875,21055.029296875,1208.8419,13525.8076171875,75.73530000000001,136,33,38,0,0
Myopic (value-based),251,31096.642578125,21216.560546875,1137.2694,8742.814453125,65.493,142,49,38,0,0
Myopic (value-based),252,31550.35546875,22302.5703125,1303.1255,7944.66552734375,71.0692,159,46,40,0,0
Myopic (value-based),253,33059.203125,21401.73828125,1155.8432,10501.62109375,72.5352,142,39,39,0,0
Myopic (value-based),254,35101.23046875,20895.689453125,1162.2617,13043.275390625,67.1533,137,45,38,0,0
Myopic (value-based),255,34841.3828125,21598.30859375,1214.1242,12028.9541015625,65.1007,149,52,39,0,0
Myopic (value-based),256,33583.3984375,21567.96875,1255.1555,10760.2734375,72.7273,143,39,39,0,0
Myopic (value-based),257,31457.287109375,20830.8203125,1120.9566,9505.5068359375,67.3759,141,46,38,0,0
Myopic (value-based),258,35179.5,21691.923828125,1180.6864,12306.8955078125,68.0,150,48,39,0,0
Myopic (value-based),259,37626.80859375,21671.837890625,1261.3984,14693.5732421875,62.5,152,57,39,0,0
Myopic (value-based),26,35692.85546875,21469.529296875,1169.5678,13053.7568359375,66.2162,148,50,39,0,0
Myopic (value-based),260,39182.91796875,22126.7265625,1185.4852,15870.708984375,65.4321,162,56,40,0,0
Myopic (value-based),261,34675.77734375,21600.306640625,1197.7711,11877.6953125,69.1275,149,46,39,0,0
Myopic (value-based),262,33069.3671875,21648.2421875,1190.5947,10230.5341796875,70.5479,146,43,39,0,0
Myopic (value-based),263,35752.859375,22031.40234375,1291.0369,12430.4267578125,70.1299,154,46,40,0,0
Myopic (value-based),264,34549.5859375,20922.564453125,1179.4469,12447.5732421875,69.5035,141,43,38,0,0
Myopic (value-based),265,34554.625,21027.376953125,1187.9784,12339.2783203125,61.2676,142,55,38,0,0
Myopic (value-based),266,30849.91015625,20572.669921875,1143.8281,9133.4091796875,64.0625,128,46,37,0,0
Myopic (value-based),267,39912.25,23675.982421875,1349.8178,14886.4482421875,67.2316,177,58,43,0,0
Myopic (value-based),268,43579.04296875,25050.130859375,1404.4993,17124.416015625,69.7115,208,63,45,0,0
Myopic (value-based),269,30728.279296875,21673.265625,1170.602,7884.40625,78.6667,150,32,39,0,0
Myopic (value-based),27,31059.048828125,20984.728515625,1214.3127,8860.0068359375,62.40599999999999,133,50,38,0,0
Myopic (value-based),270,35217.69140625,22103.0234375,1250.8469,11863.8251953125,69.9387,163,49,40,0,0
Myopic (value-based),271,37135.51953125,22163.783203125,1212.0917,13759.6484375,67.2956,159,52,40,0,0
Myopic (value-based),272,31925.2890625,20349.701171875,1147.0719,10428.5107421875,67.46029999999999,126,41,37,0,0
Myopic (value-based),273,33477.99609375,20946.931640625,1160.832,11370.232421875,68.88889999999999,135,42,38,0,0
Myopic (value-based),274,31622.8515625,20918.203125,1155.5243,9549.123046875,72.4638,138,38,38,0,0
Myopic (value-based),275,44711.765625,21724.46484375,1147.7381,21839.556640625,64.7436,156,55,39,0,0
Myopic (value-based),276,36563.1953125,22611.40625,1203.5813,12748.212890625,65.26950000000001,167,58,41,0,0
Myopic (value-based),277,32284.2265625,22051.955078125,1322.7709,8909.5048828125,68.4211,152,48,40,0,0
Myopic (value-based),278,38017.078125,21833.6875,1153.5033,15029.8916015625,64.557,158,56,39,0,0
Myopic (value-based),279,34564.015625,21203.828125,1196.2126,12163.978515625,69.9248,133,40,38,0,0
Myopic (value-based),28,36572.89453125,23187.228515625,1299.0427,12086.6318359375,67.4033,181,59,42,0,0
Myopic (value-based),280,38464.15625,22542.958984375,1186.5033,14734.69140625,68.0723,166,53,41,0,0
Myopic (value-based),281,35090.59375,21458.93359375,1175.6225,12456.0419921875,64.3357,143,51,39,0,0
Myopic (value-based),282,41951.484375,22848.13671875,1278.1215,17825.224609375,62.7219,169,63,41,0,0
Myopic (value-based),283,39121.13671875,22572.162109375,1285.3105,15263.6748046875,65.47619999999999,168,58,41,0,0
Myopic (value-based),284,31738.466796875,20956.75390625,1166.0581,9615.6552734375,75.5396,139,34,38,0,0
Myopic (value-based),285,32891.12890625,21680.845703125,1178.4058,10031.873046875,71.6129,155,44,39,0,0
Myopic (value-based),286,27938.400390625,19782.064453125,1037.4935,7118.8408203125,68.9076,119,37,36,0,0
Myopic (value-based),287,30891.248046875,21441.48046875,1177.1099,8272.65625,68.0851,141,45,39,0,0
Myopic (value-based),288,41060.26953125,22705.96875,1184.4441,17169.84375,65.0602,166,58,41,0,0
Myopic (value-based),289,37314.34375,22577.736328125,1221.3256,13515.2802734375,67.8571,168,54,41,0,0
Myopic (value-based),29,31505.3671875,21394.21875,1204.6433,8906.5029296875,72.7941,136,37,39,0,0
Myopic (value-based),290,35206.61328125,21771.01171875,1277.1926,12158.4091796875,67.3759,141,46,39,0,0
Myopic (value-based),291,31718.986328125,22146.2265625,1279.4647,8293.291015625,69.4805,154,47,40,0,0
Myopic (value-based),292,37939.3984375,22157.484375,1282.8417,14499.0732421875,65.7895,152,52,40,0,0
Myopic (value-based),293,28670.14453125,20688.048828125,1178.9065,6803.189453125,73.6842,133,35,37,0,0
Myopic (value-based),294,42440.1328125,22637.46484375,1279.3321,18523.33203125,61.7647,170,65,41,0,0
Myopic (value-based),295,30687.296875,20925.537109375,1169.8395,8591.92578125,70.2128,141,42,38,0,0
Myopic (value-based),296,42402.078125,22490.568359375,1247.8724,18663.63671875,55.21470000000001,163,73,41,0,0
Myopic (value-based),297,32139.544921875,22051.19140625,1198.1914,8890.1611328125,72.54899999999999,153,42,40,0,0
Myopic (value-based),298,29606.56640625,19833.025390625,1092.7654,8680.7783203125,70.4348,115,34,36,0,0
Myopic (value-based),299,36578.67578125,21547.412109375,1201.1212,13830.1474609375,66.6667,153,51,39,0,0
Myopic (value-based),3,37253.02734375,22795.458984375,1293.0087,13164.560546875,66.06060000000001,165,56,41,0,0
Myopic (value-based),30,29647.34375,19831.291015625,1015.1793,8800.8779296875,71.1864,118,34,36,0,0
Myopic (value-based),300,33357.046875,21055.732421875,1122.0358,11179.279296875,64.82759999999999,145,51,38,0,0
Myopic (value-based),301,33711.44921875,21530.056640625,1235.1959,10946.1982421875,66.1972,142,48,39,0,0
Myopic (value-based),302,41143.42578125,22054.83203125,1210.4648,17878.13671875,69.1358,162,50,40,0,0
Myopic (value-based),303,33197.51171875,20884.884765625,1157.9859,11154.642578125,69.5652,138,42,38,0,0
Myopic (value-based),304,36861.82421875,22815.09375,1233.9822,12812.748046875,70.5882,170,50,41,0,0
Myopic (value-based),305,41051.5703125,23966.115234375,1338.5528,15746.904296875,66.129,186,63,43,0,0
Myopic (value-based),306,40611.70703125,22749.34375,1275.1569,16587.193359375,64.6707,167,59,41,0,0
Myopic (value-based),307,44501.09375,22590.71484375,1279.8574,20630.509765625,58.0838,167,70,41,0,0
Myopic (value-based),308,30730.6875,19904.576171875,1004.2878,9821.8271484375,61.11109999999999,126,49,36,0,0
Myopic (value-based),309,30413.119140625,20602.591796875,1198.7581,8611.7666015625,69.1176,136,42,37,0,0
Myopic (value-based),31,29012.275390625,21231.53515625,1152.8318,6627.91357421875,72.5352,142,39,38,0,0
Myopic (value-based),310,42613.890625,22691.7265625,1270.5551,18651.603515625,64.2424,165,59,41,0,0
Myopic (value-based),311,36113.76953125,22858.501953125,1299.1921,11956.080078125,65.45450000000001,165,57,41,0,0
Myopic (value-based),312,33079.66796875,21152.453125,1162.4383,10764.775390625,74.4966,149,38,38,0,0
Myopic (value-based),313,31790.0859375,20898.359375,1234.4582,9657.2724609375,72.18050000000001,133,37,38,0,0
Myopic (value-based),314,29595.384765625,20528.35546875,1126.413,7940.61669921875,63.5659,129,47,37,0,0
Myopic (value-based),315,35036.55078125,21781.0859375,1162.0272,12093.4404296875,65.3061,147,51,39,0,0
Myopic (value-based),316,34675.7734375,20924.65625,1128.4767,12622.638671875,70.7143,140,41,38,0,0
Myopic (value-based),317,33391.71875,21255.986328125,1161.0359,10974.6962890625,67.7852,149,48,38,0,0
Myopic (value-based),318,30442.58203125,20836.658203125,1168.8814,8437.0400390625,72.7941,136,37,38,0,0
Myopic (value-based),319,32395.12890625,20407.044921875,1111.8585,10876.2216796875,70.16130000000001,124,37,37,0,0
Myopic (value-based),32,40232.63671875,22470.533203125,1237.8777,16524.220703125,61.6766,167,64,41,0,0
Myopic (value-based),320,32023.916015625,21138.4921875,1172.207,9713.212890625,74.1007,139,36,38,0,0
Myopic (value-based),321,28975.578125,20481.548828125,1088.07,7405.9677734375,74.0741,135,35,37,0,0
Myopic (value-based),322,30470.822265625,20006.8515625,1113.1034,9350.87109375,69.7479,119,36,36,0,0
Myopic (value-based),323,29904.951171875,21653.24609375,1147.42,7104.28662109375,69.3878,147,45,39,0,0
Myopic (value-based),324,40682.35546875,21454.94140625,1236.1351,17991.275390625,63.9456,147,53,39,0,0
Myopic (value-based),325,33198.421875,21232.373046875,1282.3812,10683.669921875,74.2857,140,36,38,0,0
Myopic (value-based),326,48478.87890625,24300.251953125,1437.9186,22740.7109375,65.9459,185,63,44,0,0
Myopic (value-based),327,33335.171875,21127.998046875,1184.8374,11022.3388671875,71.63119999999999,141,40,38,0,0
Myopic (value-based),328,29776.38671875,20293.59375,1094.7142,8388.0771484375,66.6667,126,42,37,0,0
Myopic (value-based),329,28925.349609375,20387.6484375,1103.3906,7434.314453125,66.4,125,42,37,0,0
Myopic (value-based),33,31255.1171875,21614.404296875,1162.1278,8478.583984375,70.1987,151,45,39,0,0
Myopic (value-based),330,30542.0859375,20884.197265625,1204.9091,8452.98046875,62.8788,132,49,38,0,0
Myopic (value-based),331,38885.2265625,22252.125,1161.8676,15471.232421875,68.09819999999999,163,52,40,0,0
Myopic (value-based),332,33131.953125,21687.142578125,1198.1504,10246.662109375,74.66669999999999,150,38,39,0,0
Myopic (value-based),333,37577.74609375,22592.966796875,1277.1056,13707.6787109375,70.0637,157,47,41,0,0
Myopic (value-based),334,31441.59375,20414.6484375,1106.8019,9920.1455078125,65.11630000000001,129,45,37,0,0
Myopic (value-based),335,32839.72265625,22343.837890625,1271.1703,9224.708984375,74.21379999999999,159,41,40,0,0
Myopic (value-based),336,29356.1640625,20485.7734375,1105.6018,7764.791015625,75.37310000000001,134,33,37,0,0
Myopic (value-based),337,35569.88671875,22060.51953125,1246.7089,12262.6611328125,74.21379999999999,159,41,40,0,0
Myopic (value-based),338,30303.66015625,21329.837890625,1169.9179,7803.90576171875,72.6027,146,40,39,0,0
Myopic (value-based),339,29958.3046875,20821.634765625,1154.8043,7981.8662109375,65.1852,135,47,38,0,0
Myopic (value-based),34,36421.90625,22470.533203125,1367.8099,12583.5673828125,69.8113,159,48,41,0,0
Myopic (value-based),340,29534.99609375,19819.515625,1111.9186,8603.564453125,75.2066,121,30,36,0,0
Myopic (value-based),341,27785.021484375,19850.931640625,1147.4038,6786.69140625,71.7949,117,33,36,0,0
Myopic (value-based),342,39314.10546875,22494.16015625,1207.0958,15612.8603515625,65.45450000000001,165,57,41,0,0
Myopic (value-based),343,35666.953125,21151.95703125,1110.422,13404.57421875,69.0647,139,43,38,0,0
Myopic (value-based),344,38451.9765625,22734.169921875,1273.6295,14444.1796875,68.9655,174,54,41,0,0
Myopic (value-based),345,31103.93359375,20479.994140625,1141.9312,9482.009765625,65.625,128,44,37,0,0
Myopic (value-based),346,35267.203125,22654.59375,1241.8946,11370.7109375,71.7647,170,48,41,0,0
Myopic (value-based),347,36192.421875,22490.88671875,1306.9787,12394.552734375,67.9245,159,51,41,0,0
Myopic (value-based),348,36856.015625,22936.041015625,1280.5094,12639.46875,68.6391,169,53,41,0,0
Myopic (value-based),349,41777.0546875,23626.986328125,1379.3883,16770.6796875,65.3846,182,63,43,0,0
Myopic (value-based),35,32083.197265625,21171.146484375,1139.4291,9772.623046875,71.4286,140,40,38,0,0
Myopic (value-based),350,28893.5625,19967.916015625,1151.265,7774.38330078125,73.33330000000001,120,32,36,0,0
Myopic (value-based),351,36565.453125,22615.49609375,1281.2687,12668.6904296875,73.2143,168,45,41,0,0
Myopic (value-based),352,35580.1328125,22125.029296875,1287.9589,12167.14453125,70.0,160,48,40,0,0
Myopic (value-based),353,33371.05859375,21788.611328125,1208.02,10374.4306640625,68.6667,150,47,39,0,0
Myopic (value-based),354,37790.9140625,21472.033203125,1166.6586,15152.21875,63.88890000000001,144,52,39,0,0
Myopic (value-based),355,35463.42578125,21505.8203125,1141.0101,12816.5908203125,68.91890000000001,148,46,39,0,0
Myopic (value-based),356,34429.875,21502.5625,1176.2646,11751.0478515625,68.2432,148,47,39,0,0
Myopic (value-based),357,36740.95703125,20915.21875,1123.7042,14702.037109375,70.80290000000001,137,40,38,0,0
Myopic (value-based),358,36898.421875,22097.228515625,1256.0229,13545.16796875,73.4177,158,42,40,0,0
Myopic (value-based),359,37994.7890625,22122.998046875,1292.1027,14579.6865234375,66.242,157,53,40,0,0
Myopic (value-based),36,39454.890625,22624.345703125,1333.0185,15497.5244140625,67.05879999999999,170,56,41,0,0
Myopic (value-based),360,28938.009765625,21374.19140625,1169.6884,6394.12939453125,76.5957,141,33,39,0,0
Myopic (value-based),361,33711.58984375,21032.671875,1067.8712,11611.0458984375,65.9722,144,49,38,0,0
Myopic (value-based),362,35945.3125,22265.701171875,1193.1064,12486.5,61.818200000000004,165,63,40,0,0
Myopic (value-based),363,39663.06640625,23230.71875,1294.2292,15138.1123046875,67.7778,180,58,42,0,0
Myopic (value-based),364,51840.296875,25095.3515625,1424.2949,25320.646484375,59.905699999999996,212,85,45,0,0
Myopic (value-based),365,37084.8828125,21255.0234375,1211.402,14618.453125,66.6667,135,45,38,0,0
Myopic (value-based),366,32713.916015625,21350.533203125,1142.6604,10220.724609375,69.9301,143,43,39,0,0
Myopic (value-based),367,36112.54296875,22148.48046875,1218.7374,12745.3330078125,67.90119999999999,162,52,40,0,0
Myopic (value-based),368,37889.27734375,22121.486328125,1254.132,14513.662109375,65.3846,156,54,40,0,0
Myopic (value-based),369,45313.53125,22517.92578125,1264.0441,21531.5546875,63.0952,168,62,41,0,0
Myopic (value-based),37,28888.375,19912.09375,1067.7095,7908.5703125,73.9496,119,31,36,0,0
Myopic (value-based),370,37328.06640625,21688.017578125,1243.0714,14396.98046875,65.2778,144,50,39,0,0
Myopic (value-based),371,32321.173828125,21448.8359375,1156.0489,9716.296875,69.3878,147,45,39,0,0
Myopic (value-based),372,32713.021484375,21593.12109375,1136.6535,9983.2451171875,71.6216,148,42,39,0,0
Myopic (value-based),373,42084.91015625,22640.92578125,1254.4241,18189.572265625,60.9756,164,64,41,0,0
Myopic (value-based),374,38636.43359375,21726.080078125,1239.5064,15670.8388671875,63.3333,150,55,39,0,0
Myopic (value-based),375,35235.3828125,21007.564453125,1171.1458,13056.6728515625,65.5172,145,50,38,0,0
Myopic (value-based),376,41881.21484375,23208.40234375,1302.4221,17370.380859375,65.5556,180,62,42,0,0
Myopic (value-based),377,37668.22265625,22176.744140625,1245.9095,14245.568359375,69.9346,153,46,40,0,0
Myopic (value-based),378,34985.03125,21527.134765625,1179.9278,12277.978515625,72.7273,154,42,39,0,0
Myopic (value-based),379,30728.53515625,21144.28125,1096.6218,8487.6357421875,68.57140000000001,140,44,38,0,0
Myopic (value-based),38,35149.11328125,21482.736328125,1127.3961,12538.978515625,62.8205,156,58,39,0,0
Myopic (value-based),380,35389.06640625,21198.205078125,1147.1488,13043.7060546875,66.1871,139,47,38,0,0
Myopic (value-based),381,38111.1484375,23197.677734375,1320.1903,13593.2802734375,63.3333,180,66,42,0,0
Myopic (value-based),382,31025.509765625,20563.748046875,1139.7612,9322.0009765625,65.625,128,44,37,0,0
Myopic (value-based),383,36512.72265625,22252.734375,1253.9225,13006.0693359375,61.7834,157,60,40,0,0
Myopic (value-based),384,30564.33984375,20400.267578125,1062.2333,9101.8369140625,70.9924,131,38,37,0,0
Myopic (value-based),385,32844.015625,20822.05859375,1168.8719,10853.0859375,70.5882,136,40,38,0,0
Myopic (value-based),386,30604.13671875,21132.75,1165.6952,8305.6904296875,67.4074,135,44,38,0,0
Myopic (value-based),387,36898.3671875,21151.322265625,1133.7359,14613.30859375,66.6667,147,49,38,0,0
Myopic (value-based),388,33304.21875,21570.19140625,1205.1984,10528.8251953125,72.6027,146,40,39,0,0
Myopic (value-based),389,34997.39453125,21549.5078125,1144.2502,12303.6328125,67.1233,146,48,39,0,0
Myopic (value-based),39,40787.62890625,22755.08203125,1239.2345,16793.310546875,57.485,167,71,41,0,0
Myopic (value-based),390,30799.48828125,20681.779296875,1148.4497,8969.259765625,65.6716,134,46,37,0,0
Myopic (value-based),391,33830.33984375,22704.564453125,1279.2385,9846.5361328125,71.4286,168,48,41,0,0
Myopic (value-based),392,39730.8359375,22907.25,1258.5995,15564.9921875,63.841800000000006,177,64,41,0,0
Myopic (value-based),393,32212.083984375,21459.091796875,1184.2782,9568.712890625,68.4564,149,47,39,0,0
Myopic (value-based),394,33655.37109375,21553.76171875,1184.0129,10917.595703125,66.8919,148,49,39,0,0
Myopic (value-based),395,32511.1484375,21717.501953125,1207.6166,9586.0263671875,75.33330000000001,150,37,39,0,0
Myopic (value-based),396,35604.19921875,21000.87109375,1169.6408,13433.6845703125,67.9389,131,42,38,0,0
Myopic (value-based),397,35358.83203125,21056.34375,1095.2404,13207.248046875,63.194399999999995,144,53,38,0,0
Myopic (value-based),398,29272.873046875,19984.15234375,1127.031,8161.68896484375,72.9508,122,33,36,0,0
Myopic (value-based),399,39150.21875,22213.7734375,1218.0573,15718.380859375,66.0256,156,53,40,0,0
Myopic (value-based),4,32361.51953125,21599.697265625,1184.669,9577.150390625,67.3469,147,48,39,0,0
Myopic (value-based),40,31397.423828125,21080.27734375,1153.3366,9163.802734375,69.28569999999999,140,43,38,0,0
Myopic (value-based),400,48329.015625,22303.802734375,1234.5332,24790.681640625,55.6213,169,75,40,0,0
Myopic (value-based),401,31088.45703125,19910.767578125,1045.178,10132.513671875,67.2131,122,40,36,0,0
Myopic (value-based),402,33982.57421875,20481.734375,1062.9984,12437.8447265625,68.18180000000001,132,42,37,0,0
Myopic (value-based),403,38066.3046875,23255.90234375,1321.7848,13488.6162109375,62.5698,179,67,42,0,0
Myopic (value-based),404,36936.33203125,21999.4765625,1241.1735,13695.68359375,60.927200000000006,151,59,40,0,0
Myopic (value-based),405,32775.49609375,21659.865234375,1170.1308,9945.4990234375,69.1275,149,46,39,0,0
Myopic (value-based),406,33903.96484375,20971.650390625,1195.2948,11737.0205078125,67.1756,131,43,38,0,0
Myopic (value-based),407,30203.865234375,20901.498046875,1086.0912,8216.2744140625,71.7391,138,39,38,0,0
Myopic (value-based),408,36365.81640625,22470.533203125,1219.6323,12675.654296875,69.2771,166,51,41,0,0
Myopic (value-based),409,30734.572265625,20275.89453125,1072.8947,9385.78125,69.9187,123,37,37,0,0
Myopic (value-based),41,35855.71875,22137.28515625,1285.4643,12432.9658203125,62.1795,156,59,40,0,0
Myopic (value-based),410,36719.0703125,22119.11328125,1188.7253,13411.232421875,60.2564,156,62,40,0,0
Myopic (value-based),411,39206.33203125,22801.501953125,1262.6488,15142.17578125,69.7674,172,52,41,0,0
Myopic (value-based),412,37222.078125,22275.330078125,1223.2985,13723.4443359375,66.25,160,54,40,0,0
Myopic (value-based),413,37440.14453125,22934.564453125,1320.6727,13184.9091796875,70.0599,167,50,41,0,0
Myopic (value-based),414,36534.4765625,22015.79296875,1268.9238,13249.765625,70.9677,155,45,40,0,0
Myopic (value-based),415,32711.419921875,21132.333984375,1125.2663,10453.826171875,64.9635,137,48,38,0,0
Myopic (value-based),416,28390.99609375,20016.5234375,1191.2359,7183.240234375,72.9508,122,33,36,0,0
Myopic (value-based),417,38710.1796875,22182.294921875,1238.8132,15289.072265625,70.0,150,45,40,0,0
Myopic (value-based),418,32985.91796875,21560.943359375,1190.9474,10234.03125,73.9437,142,37,39,0,0
Myopic (value-based),419,36524.73828125,21655.029296875,1210.206,13659.5068359375,66.2338,154,52,39,0,0
Myopic (value-based),42,35925.390625,22318.166015625,1317.5126,12289.7138671875,70.0,160,48,40,0,0
Myopic (value-based),420,32738.671875,20998.71875,1155.1595,10584.7919921875,71.4286,140,40,38,0,0
Myopic (value-based),421,39458.625,22140.466796875,1263.827,16054.333984375,62.5806,155,58,40,0,0
Myopic (value-based),422,33934.37109375,21517.69921875,1196.6763,11219.9970703125,68.79429999999999,141,44,39,0,0
Myopic (value-based),423,31608.8671875,21530.298828125,1175.4241,8903.14453125,67.8322,143,46,39,0,0
Myopic (value-based),424,29911.298828125,21107.689453125,1084.5528,7719.06103515625,73.2877,146,39,38,0,0
Myopic (value-based),425,31505.99609375,20945.185546875,1136.0363,9424.779296875,66.6667,132,44,38,0,0
Myopic (value-based),426,44014.34375,23082.263671875,1316.122,19615.9609375,59.116,181,74,42,0,0
Myopic (value-based),427,29158.294921875,21082.5390625,1115.3822,6960.376953125,75.3521,142,35,38,0,0
Myopic (value-based),428,32233.828125,21986.994140625,1246.9059,8999.927734375,71.6129,155,44,40,0,0
Myopic (value-based),429,33872.25390625,20884.939453125,1072.4674,11914.8447265625,65.2482,141,49,38,0,0
Myopic (value-based),43,29364.119140625,21417.57421875,1222.6195,6723.92138671875,68.5315,143,45,39,0,0
Myopic (value-based),430,35846.1484375,22561.552734375,1255.2858,12029.3115234375,69.697,165,50,41,0,0
Myopic (value-based),431,27577.498046875,19394.91015625,1104.7868,7077.79736328125,67.0,100,33,35,0,0
Myopic (value-based),432,36074.90234375,21602.419921875,1147.8249,13324.65625,67.3469,147,48,39,0,0
Myopic (value-based),433,38797.484375,20896.93359375,1151.9482,16748.607421875,67.1533,137,45,38,0,0
Myopic (value-based),434,33076.25,21156.5,1155.6401,10764.109375,72.5352,142,39,38,0,0
Myopic (value-based),435,35868.96484375,21229.25,1123.3833,13516.330078125,71.7241,145,41,38,0,0
Myopic (value-based),436,34538.8046875,21658.369140625,1225.7629,11654.6689453125,71.3333,150,43,39,0,0
Myopic (value-based),437,38757.07421875,22847.83984375,1302.9751,14606.263671875,67.2619,168,55,41,0,0
Myopic (value-based),438,33156.57421875,21720.08203125,1127.8253,10308.6669921875,69.1824,159,49,39,0,0
Myopic (value-based),439,35820.17578125,22128.98046875,1170.7886,12520.4091796875,68.3871,155,49,40,0,0
Myopic (value-based),44,36899.8359375,21972.03125,1215.13,13712.673828125,65.60510000000001,157,54,40,0,0
Myopic (value-based),440,35714.6875,21226.212890625,1123.9975,13364.48046875,62.328799999999994,146,55,38,0,0
Myopic (value-based),441,32265.720703125,20979.2265625,1168.02,10118.4775390625,75.1724,145,36,38,0,0
Myopic (value-based),442,32847.91015625,21084.75,1158.2719,10604.8935546875,70.922,141,41,38,0,0
Myopic (value-based),443,29434.818359375,20523.5078125,1128.9168,7782.39208984375,66.6667,126,42,37,0,0
Myopic (value-based),444,33072.28125,22003.326171875,1326.2036,9742.7509765625,73.5484,155,41,40,0,0
Myopic (value-based),445,39103.50390625,22506.384765625,1282.9524,15314.1533203125,71.2575,167,48,41,0,0
Myopic (value-based),446,29101.2890625,20022.15625,1054.1797,8024.95458984375,72.7273,121,33,36,0,0
Myopic (value-based),447,35479.75390625,22300.646484375,1227.0456,11952.064453125,67.6829,164,53,40,0,0
Myopic (value-based),448,35812.16796875,21223.00390625,1171.1328,13418.0322265625,63.01369999999999,146,54,38,0,0
Myopic (value-based),449,35685.82421875,21697.09765625,1142.4817,12846.2490234375,67.7852,149,48,39,0,0
Myopic (value-based),45,28344.515625,20211.205078125,1065.9228,7067.388671875,72.7273,121,33,37,0,0
Myopic (value-based),450,41410.19921875,22045.69140625,1200.2469,18164.259765625,63.694300000000005,157,57,40,0,0
Myopic (value-based),451,28265.46875,20849.90625,1145.0755,6270.4912109375,77.0992,131,30,38,0,0
Myopic (value-based),452,35245.94140625,20890.998046875,1158.3959,13196.541015625,64.8855,131,46,38,0,0
Myopic (value-based),453,33024.4140625,22511.923828125,1302.9537,9209.53515625,70.9677,155,45,41,0,0
Myopic (value-based),454,33074.125,20790.533203125,1104.6607,11178.9287109375,68.3824,136,43,38,0,0
Myopic (value-based),455,30222.171875,20496.728515625,1161.2053,8564.2451171875,75.7812,128,31,37,0,0
Myopic (value-based),456,29406.1640625,19783.58203125,1074.7667,8547.810546875,71.0744,121,35,36,0,0
Myopic (value-based),457,29932.080078125,20250.96484375,1143.6511,8537.4638671875,69.6721,122,37,37,0,0
Myopic (value-based),458,34973.16015625,21469.212890625,1192.2391,12311.7138671875,70.7483,147,43,39,0,0
Myopic (value-based),459,40628.59765625,22470.533203125,1253.2606,16904.80078125,55.7576,165,73,41,0,0
Myopic (value-based),46,34194.15234375,21114.765625,1215.5003,11863.8818359375,60.0,140,56,38,0,0
Myopic (value-based),460,30995.673828125,21457.09375,1258.6889,8279.8935546875,69.5652,138,42,39,0,0
Myopic (value-based),461,27321.2265625,19471.494140625,1166.0245,6683.705078125,66.6667,111,37,35,0,0
Myopic (value-based),462,35958.62890625,22116.322265625,1236.1878,12606.1142578125,66.6667,162,54,40,0,0
Myopic (value-based),463,33005.8984375,20353.859375,1036.306,11615.7275390625,67.9389,131,42,37,0,0
Myopic (value-based),464,32055.37890625,20261.94921875,1091.1775,10702.2607421875,69.2913,127,39,37,0,0
Myopic (value-based),465,30853.853515625,21010.869140625,1176.3441,8666.6396484375,69.3431,137,42,38,0,0
Myopic (value-based),466,32086.216796875,20004.6171875,1078.3072,11003.2900390625,69.42150000000001,121,37,36,0,0
Myopic (value-based),467,35140.640625,22077.677734375,1314.5355,11748.4208984375,65.1899,158,55,40,0,0
Myopic (value-based),468,35719.65625,21999.888671875,1260.551,12459.2138671875,67.5159,157,51,40,0,0
Myopic (value-based),469,34747.8125,21194.001953125,1198.6233,12355.18359375,64.2336,137,49,38,0,0
Myopic (value-based),47,30703.66015625,20820.48828125,1082.9227,8800.2490234375,73.5714,140,37,38,0,0
Myopic (value-based),470,38898.578125,22354.0,1188.6736,15355.8974609375,57.05519999999999,163,70,40,0,0
Myopic (value-based),471,33569.19140625,21545.029296875,1192.1895,10831.9716796875,70.1299,154,46,39,0,0
Myopic (value-based),472,37849.03515625,22370.376953125,1271.722,14206.9404296875,65.625,160,55,40,0,0
Myopic (value-based),473,41002.8515625,23409.771484375,1226.8989,16366.1826171875,65.5738,183,63,42,0,0
Myopic (value-based),474,27537.30859375,19110.533203125,1035.3368,7391.4345703125,66.3366,101,34,35,0,0
Myopic (value-based),475,35039.18359375,19952.01171875,1041.9867,14045.18359375,64.8438,128,45,36,0,0
Myopic (value-based),476,31503.3125,21415.86328125,1167.6327,8919.8173828125,75.5245,143,35,39,0,0
Myopic (value-based),477,28776.90625,19110.533203125,1004.0589,8662.3115234375,59.434,106,43,35,0,0
Myopic (value-based),478,31928.771484375,20598.2421875,1156.9097,10173.6181640625,66.6667,138,46,37,0,0
Myopic (value-based),479,37272.546875,22082.48046875,1233.8088,13956.2578125,68.3871,155,49,40,0,0
Myopic (value-based),48,32193.267578125,21729.099609375,1195.6347,9268.5322265625,73.7179,156,41,39,0,0
Myopic (value-based),480,35918.8984375,21746.171875,1246.9072,12925.8115234375,67.5676,148,48,39,0,0
Myopic (value-based),481,32902.078125,21068.087890625,1137.4012,10696.58984375,69.403,134,41,38,0,0
Myopic (value-based),482,29539.046875,21166.677734375,1152.6964,7219.66943359375,70.3704,135,40,38,0,0
Myopic (value-based),483,34705.4453125,22644.453125,1319.54,10741.44921875,61.5854,164,63,41,0,0
Myopic (value-based),484,49723.80859375,23738.494140625,1344.3582,24640.95703125,64.48089999999999,183,65,43,0,0
Myopic (value-based),485,35776.84375,22168.71484375,1214.8491,12393.2841796875,68.32300000000001,161,51,40,0,0
Myopic (value-based),486,28399.828125,19965.24609375,1003.1328,7431.4482421875,76.2295,122,29,36,0,0
Myopic (value-based),487,35114.00390625,22395.1875,1230.0306,11488.787109375,67.5,160,52,40,0,0
Myopic (value-based),488,26839.220703125,19492.453125,995.5565,6351.21044921875,70.6897,116,34,35,0,0
Myopic (value-based),489,37242.69140625,22236.99609375,1131.6258,13874.068359375,63.9752,161,58,40,0,0
Myopic (value-based),49,33586.12890625,21537.02734375,1216.8833,10832.2177734375,62.1622,148,56,39,0,0
Myopic (value-based),490,32073.833984375,20468.376953125,1131.9356,10473.521484375,67.1875,128,42,37,0,0
Myopic (value-based),491,32512.541015625,22102.978515625,1325.436,9084.1328125,63.5135,148,54,40,0,0
Myopic (value-based),492,30476.4296875,20558.951171875,1114.3685,8803.107421875,70.0787,127,38,37,0,0
Myopic (value-based),493,32012.791015625,21055.11328125,1196.968,9760.7099609375,70.0,140,42,38,0,0
Myopic (value-based),494,31958.326171875,21632.1328125,1138.7091,9187.486328125,71.4286,154,44,39,0,0
Myopic (value-based),495,37992.21875,22761.515625,1208.5646,14022.1435546875,65.6805,169,58,41,0,0
Myopic (value-based),496,30348.802734375,20501.236328125,1121.2278,8726.3408203125,73.48479999999999,132,35,37,0,0
Myopic (value-based),497,52491.3203125,23270.02734375,1350.253,27871.04296875,62.427699999999994,173,65,42,0,0
Myopic (value-based),498,30528.720703125,20054.453125,1063.3061,9410.9609375,70.2479,121,36,36,0,0
Myopic (value-based),499,31494.41015625,21373.93359375,1154.3137,8966.1611328125,72.9167,144,39,39,0,0
Myopic (value-based),5,35828.23828125,21531.080078125,1225.3171,13071.837890625,67.58619999999999,145,47,39,0,0
Myopic (value-based),50,37912.54296875,22557.44921875,1261.734,14093.36328125,61.11109999999999,162,63,41,0,0
Myopic (value-based),500,39861.90234375,22316.966796875,1223.3389,16321.603515625,66.2651,166,56,40,0,0
Myopic (value-based),51,40259.60546875,21231.833984375,1199.4431,17828.333984375,63.698600000000006,146,53,38,0,0
Myopic (value-based),52,32115.884765625,20857.25390625,1114.297,10144.3388671875,66.4286,140,47,38,0,0
Myopic (value-based),53,43118.3828125,22243.38671875,1283.1372,19591.857421875,66.4634,164,55,40,0,0
Myopic (value-based),54,30527.4140625,21071.7421875,1152.0225,8303.6513671875,69.7842,139,42,38,0,0
Myopic (value-based),55,33506.296875,21063.7265625,1153.4754,11289.095703125,68.79429999999999,141,44,38,0,0
Myopic (value-based),56,30653.935546875,20664.134765625,1163.3447,8826.4599609375,71.4286,133,38,37,0,0
Myopic (value-based),57,34660.28515625,20910.04296875,1154.3667,12595.873046875,68.6567,134,42,38,0,0
Myopic (value-based),58,38007.84375,22310.751953125,1303.2472,14393.8388671875,61.5385,156,60,40,0,0
Myopic (value-based),59,66368.4921875,24856.98046875,1531.9564,39979.55859375,44.6602,206,114,45,0,0
Myopic (value-based),6,40432.640625,23358.9296875,1350.1203,15723.5908203125,64.2458,179,64,42,0,0
Myopic (value-based),60,32321.27734375,21570.70703125,1206.5565,9544.015625,65.7718,149,51,39,0,0
Myopic (value-based),61,32803.9765625,21197.056640625,1136.452,10470.4716796875,68.4932,146,46,38,0,0
Myopic (value-based),62,31030.591796875,21214.068359375,1178.6041,8637.91796875,71.0145,138,40,38,0,0
Myopic (value-based),63,36998.25,22109.794921875,1251.8117,13636.6396484375,66.6667,159,53,40,0,0
Myopic (value-based),64,42466.6953125,23068.150390625,1300.5332,18097.998046875,56.647400000000005,173,75,42,0,0
Myopic (value-based),65,36264.98828125,21626.3125,1198.627,13440.046875,56.00000000000001,150,66,39,0,0
Myopic (value-based),66,36810.3828125,21682.052734375,1185.4927,13942.8349609375,64.5161,155,55,39,0,0
Myopic (value-based),67,41484.70703125,22470.533203125,1350.1393,17664.0390625,65.26950000000001,167,58,41,0,0
Myopic (value-based),68,29273.564453125,20425.4296875,1044.6893,7803.44482421875,72.51910000000001,131,36,37,0,0
Myopic (value-based),69,31598.7109375,20297.16796875,1121.6372,10179.904296875,72.0,125,35,37,0,0
Myopic (value-based),7,29873.09765625,20923.431640625,1153.7102,7795.95361328125,65.6489,131,45,38,0,0
Myopic (value-based),70,41291.515625,23657.57421875,1372.062,16261.876953125,59.782599999999995,184,74,43,0,0
Myopic (value-based),71,31534.41015625,21431.669921875,1182.5449,8920.193359375,65.035,143,50,39,0,0
Myopic (value-based),72,26702.0234375,20349.79296875,1110.9928,5241.23974609375,76.0,125,30,37,0,0
Myopic (value-based),73,36311.41796875,23167.2734375,1311.8958,11832.244140625,72.09299999999999,172,48,42,0,0
Myopic (value-based),74,36027.4296875,21168.53125,1206.9915,13651.9091796875,67.14290000000001,140,46,38,0,0
Myopic (value-based),75,36974.7265625,21673.85546875,1208.3255,14092.546875,68.4564,149,47,39,0,0
Myopic (value-based),76,35565.98046875,21557.068359375,1245.8331,12763.0810546875,66.4286,140,47,39,0,0
Myopic (value-based),77,27624.6171875,19988.046875,1100.5827,6535.99462890625,72.03389999999999,118,33,36,0,0
Myopic (value-based),78,43202.3515625,21520.28515625,1269.7509,20412.318359375,58.10809999999999,148,62,39,0,0
Myopic (value-based),79,40883.58203125,23471.828125,1404.4566,16007.28515625,67.4286,175,57,42,0,0
Myopic (value-based),8,30859.623046875,20918.203125,1221.905,8719.5126953125,68.0851,141,45,38,0,0
Myopic (value-based),80,30595.875,20982.916015625,1095.9501,8517.01171875,64.7887,142,50,38,0,0
Myopic (value-based),81,40942.1640625,22373.94921875,1240.4956,17327.71484375,57.764,161,68,40,0,0
Myopic (value-based),82,56916.16796875,24374.697265625,1373.867,31167.609375,59.183699999999995,196,80,44,0,0
Myopic (value-based),83,29948.1640625,20703.6171875,1128.9889,8115.56005859375,76.4706,136,32,37,0,0
Myopic (value-based),84,39881.71875,22591.16015625,1291.8871,15998.6748046875,69.3252,163,50,41,0,0
Myopic (value-based),85,36242.33203125,22225.02734375,1280.0688,12737.2275390625,60.897400000000005,156,61,40,0,0
Myopic (value-based),86,30765.20703125,21029.091796875,1167.3678,8568.736328125,68.57140000000001,140,44,38,0,0
Myopic (value-based),87,31520.169921875,20470.029296875,1085.5066,9964.63671875,66.15379999999999,130,44,37,0,0
Myopic (value-based),88,44081.81640625,24575.212890625,1377.6981,18128.916015625,67.0,200,66,44,0,0
Myopic (value-based),89,32200.560546875,20805.9140625,1108.2028,10286.44140625,62.1429,140,53,38,0,0
Myopic (value-based),9,28237.85546875,20304.005859375,1069.9251,6863.92333984375,70.8661,127,37,37,0,0
Myopic (value-based),90,32918.5,21471.703125,1179.9818,10266.8125,69.9301,143,43,39,0,0
Myopic (value-based),91,33440.6953125,20932.029296875,1151.3228,11357.34375,67.8322,143,46,38,0,0
Myopic (value-based),92,37867.078125,22390.294921875,1272.9285,14203.857421875,62.02530000000001,158,60,40,0,0
Myopic (value-based),93,34053.89453125,21760.423828125,1205.3022,11088.1767578125,60.544200000000004,147,58,39,0,0
Myopic (value-based),94,32625.958984375,21144.884765625,1166.9823,10314.0849609375,69.7183,142,43,38,0,0
Myopic (value-based),95,29209.9453125,19942.001953125,1021.456,8246.48828125,70.9402,117,34,36,0,0
Myopic (value-based),96,29892.685546875,20590.48046875,1065.9958,8236.2119140625,68.6567,134,42,37,0,0
Myopic (value-based),97,34586.140625,22071.244140625,1179.36,11335.533203125,64.557,158,56,40,0,0
Myopic (value-based),98,30120.451171875,20404.205078125,1126.6811,8589.564453125,75.969,129,31,37,0,0
Myopic (value-based),99,30414.94140625,19528.37890625,1029.1792,9857.376953125,70.4348,115,34,35,0,0
Myopic+ (value-based),1,29947.302734375,20860.947265625,1174.9176,7911.43701171875,70.229,131,39,38,0,0
Myopic+ (value-based),10,35261.0625,21935.576171875,1254.628,12070.8623046875,69.5364,151,46,40,0,0
Myopic+ (value-based),100,33676.19921875,20516.337890625,1116.8075,12043.0537109375,65.873,126,43,37,0,0
Myopic+ (value-based),101,36211.4375,22073.705078125,1156.9849,12980.744140625,67.0732,164,54,40,0,0
Myopic+ (value-based),102,34189.9765625,21760.68359375,1155.8558,11273.44140625,68.2432,148,47,39,0,0
Myopic+ (value-based),103,29381.021484375,20305.859375,1106.6313,7968.53369140625,70.6349,126,37,37,0,0
Myopic+ (value-based),104,33765.4140625,22532.966796875,1270.3093,9962.1376953125,70.0,160,48,41,0,0
Myopic+ (value-based),105,30045.08203125,21075.552734375,1183.6606,7785.8662109375,71.7557,131,37,38,0,0
Myopic+ (value-based),106,31641.625,21147.822265625,1203.9161,9289.8876953125,75.6944,144,35,38,0,0
Myopic+ (value-based),107,37086.640625,21968.24609375,1212.1524,13906.2412109375,69.8113,159,48,40,0,0
Myopic+ (value-based),108,28372.576171875,20295.005859375,1178.3515,6899.21826171875,67.2,125,41,37,0,0
Myopic+ (value-based),109,29592.857421875,20471.775390625,1110.5091,8010.576171875,76.3359,131,31,37,0,0
Myopic+ (value-based),11,35252.23828125,22656.5625,1270.4677,11325.2158203125,66.2722,169,57,41,0,0
Myopic+ (value-based),110,31460.9609375,20572.978515625,1187.9204,9700.0576171875,71.5385,130,37,37,0,0
Myopic+ (value-based),111,40220.953125,22590.580078125,1288.1714,16342.2001953125,67.9245,159,51,41,0,0
Myopic+ (value-based),112,26383.625,19832.66796875,1096.439,5454.52197265625,68.9076,119,37,36,0,0
Myopic+ (value-based),113,30112.66796875,20972.958984375,1105.2035,8034.50634765625,67.6259,139,45,38,0,0
Myopic+ (value-based),114,34418.98828125,22171.84765625,1196.1005,11051.033203125,63.4615,156,57,40,0,0
Myopic+ (value-based),115,37504.1484375,23043.892578125,1251.7218,13208.5263671875,65.7459,181,62,42,0,0
Myopic+ (value-based),116,34073.8046875,21605.744140625,1222.1474,11245.9150390625,66.4336,143,48,39,0,0
Myopic+ (value-based),117,34427.1328125,21586.2890625,1247.2995,11593.544921875,67.5676,148,48,39,0,0
Myopic+ (value-based),118,32465.21875,21662.77734375,1171.7308,9630.71484375,68.83120000000001,154,48,39,0,0
Myopic+ (value-based),119,29161.54296875,20614.078125,1076.9513,7470.5185546875,74.8148,135,34,37,0,0
Myopic+ (value-based),12,34692.7890625,21541.359375,1234.3348,11917.099609375,70.068,147,44,39,0,0
Myopic+ (value-based),120,34319.5078125,21509.4765625,1121.1948,11688.833984375,71.4286,147,42,39,0,0
Myopic+ (value-based),121,25366.091796875,19277.81640625,1025.3744,5062.9013671875,74.5098,102,26,35,0,0
Myopic+ (value-based),122,29495.708984375,19405.341796875,1038.8633,9051.5029296875,69.9115,113,34,35,0,0
Myopic+ (value-based),123,34776.2265625,22106.73828125,1170.1884,11499.3046875,64.3312,157,56,40,0,0
Myopic+ (value-based),124,31587.119140625,20903.013671875,1246.7308,9437.3720703125,67.9389,131,42,38,0,0
Myopic+ (value-based),125,35463.05859375,22034.4921875,1225.6689,12202.9013671875,70.9677,155,45,40,0,0
Myopic+ (value-based),126,30697.203125,19927.2265625,1146.1472,9623.830078125,69.1667,120,37,36,0,0
Myopic+ (value-based),127,32752.125,21222.494140625,1227.3544,10302.267578125,72.1429,140,39,38,0,0
Myopic+ (value-based),128,36468.5390625,22335.748046875,1277.844,12854.9443359375,69.0909,165,51,40,0,0
Myopic+ (value-based),129,34746.69921875,22543.73046875,1198.1952,11004.77734375,66.8639,169,56,41,0,0
Myopic+ (value-based),13,32016.240234375,21700.001953125,1232.9325,9083.3056640625,63.57620000000001,151,55,39,0,0
Myopic+ (value-based),130,31903.482421875,22069.49609375,1158.4752,8675.51171875,68.5897,156,49,40,0,0
Myopic+ (value-based),131,46988.28125,23209.392578125,1322.702,22456.1953125,59.7765,179,72,42,0,0
Myopic+ (value-based),132,31912.6875,21890.4296875,1230.0307,8792.2314453125,73.50989999999999,151,40,40,0,0
Myopic+ (value-based),133,30076.892578125,21109.3359375,1168.7833,7798.77587890625,68.0851,141,45,38,0,0
Myopic+ (value-based),134,32930.05078125,20714.302734375,1133.624,11082.1259765625,67.8832,137,44,37,0,0
Myopic+ (value-based),135,33949.1171875,20985.373046875,1105.0715,11858.669921875,67.1642,134,44,38,0,0
Myopic+ (value-based),136,42437.6875,22222.3984375,1248.2324,18967.05859375,66.879,157,52,40,0,0
Myopic+ (value-based),137,31159.216796875,21034.17578125,1206.6244,8918.419921875,67.4074,135,44,38,0,0
Myopic+ (value-based),138,29296.796875,20708.42578125,1204.7276,7383.642578125,70.229,131,39,37,0,0
Myopic+ (value-based),139,37407.01953125,22849.3046875,1313.9725,13243.73828125,64.7059,170,60,41,0,0
Myopic+ (value-based),14,41702.765625,22275.052734375,1211.2477,18216.47265625,69.7531,162,49,40,0,0
Myopic+ (value-based),140,29320.05078125,20938.9765625,1177.9718,7203.10400390625,68.4211,133,42,38,0,0
Myopic+ (value-based),141,39603.01953125,22927.16796875,1272.2425,15403.609375,68.6047,172,54,41,0,0
Myopic+ (value-based),142,29737.1015625,19979.26953125,1074.9677,8682.8662109375,67.2131,122,40,36,0,0
Myopic+ (value-based),143,39297.8203125,22120.802734375,1276.6384,15900.3779296875,65.2174,161,56,40,0,0
Myopic+ (value-based),144,28742.96875,20791.03515625,1142.7154,6809.220703125,74.26469999999999,136,35,38,0,0
Myopic+ (value-based),145,46802.36328125,22815.232421875,1276.0095,22711.123046875,55.3571,168,75,41,0,0
Myopic+ (value-based),146,34978.44140625,22041.818359375,1162.4657,11774.15234375,70.3704,162,48,40,0,0
Myopic+ (value-based),147,27244.39453125,19857.7109375,1137.0226,6249.65771484375,71.7949,117,33,36,0,0
Myopic+ (value-based),148,34674.859375,21164.244140625,1172.8513,12337.7626953125,60.8696,138,54,38,0,0
Myopic+ (value-based),149,37492.78125,22360.69921875,1362.1323,13769.9521484375,59.8726,157,63,40,0,0
Myopic+ (value-based),15,35206.3359375,21778.68359375,1252.407,12175.240234375,68.4211,152,48,39,0,0
Myopic+ (value-based),150,32146.6328125,21647.6640625,1248.2887,9250.6884765625,67.1141,149,49,39,0,0
Myopic+ (value-based),151,32214.1015625,21460.23046875,1172.9724,9580.90234375,72.3684,152,42,39,0,0
Myopic+ (value-based),152,32875.125,22259.619140625,1286.8774,9328.630859375,69.6203,158,48,40,0,0
Myopic+ (value-based),153,30913.578125,21495.5390625,1251.1904,8166.84423828125,76.2238,143,34,39,0,0
Myopic+ (value-based),154,31570.732421875,21123.763671875,1160.5054,9286.4619140625,63.309400000000004,139,51,38,0,0
Myopic+ (value-based),155,36744.4765625,22549.10546875,1305.3652,12890.00390625,67.7215,158,51,41,0,0
Myopic+ (value-based),156,39031.53515625,22564.275390625,1257.7808,15209.4716796875,69.4611,167,51,41,0,0
Myopic+ (value-based),157,29866.748046875,19875.517578125,1178.2199,8813.0126953125,68.4685,111,35,36,0,0
Myopic+ (value-based),158,34107.71875,21200.185546875,1253.2334,11654.2958984375,67.14290000000001,140,46,38,0,0
Myopic+ (value-based),159,36086.3984375,21735.126953125,1278.8955,13072.373046875,73.4694,147,39,39,0,0
Myopic+ (value-based),16,36490.953125,22304.888671875,1212.4225,12973.642578125,68.75,160,50,40,0,0
Myopic+ (value-based),160,30680.5859375,20994.71484375,1172.8826,8512.98828125,71.11110000000001,135,39,38,0,0
Myopic+ (value-based),161,29475.640625,20054.580078125,1088.6384,8332.4228515625,67.4797,123,40,36,0,0
Myopic+ (value-based),162,30150.55078125,20531.498046875,1088.7826,8530.265625,71.5385,130,37,37,0,0
Myopic+ (value-based),163,27801.017578125,20397.24609375,1159.1547,6244.61962890625,73.1707,123,33,37,0,0
Myopic+ (value-based),164,30418.67578125,20915.638671875,1156.1462,8346.892578125,71.0145,138,40,38,0,0
Myopic+ (value-based),165,35576.5703125,22004.869140625,1196.7515,12374.951171875,65.60510000000001,157,54,40,0,0
Myopic+ (value-based),166,35640.75390625,22333.322265625,1207.3282,12100.1103515625,66.06060000000001,165,56,40,0,0
Myopic+ (value-based),167,35709.8828125,21970.921875,1252.3866,12486.5751953125,62.585,147,55,40,0,0
Myopic+ (value-based),168,29594.986328125,20620.26953125,1147.2399,7827.4775390625,73.8462,130,34,37,0,0
Myopic+ (value-based),169,39092.484375,22998.859375,1332.0227,14761.609375,63.7427,171,62,42,0,0
Myopic+ (value-based),17,29380.1640625,21419.220703125,1236.5061,6724.44091796875,68.57140000000001,140,44,39,0,0
Myopic+ (value-based),170,32205.228515625,21508.84375,1149.6579,9546.7275390625,66.4474,152,51,39,0,0
Myopic+ (value-based),171,34386.7578125,22056.35546875,1144.9427,11185.4599609375,67.70190000000001,161,52,40,0,0
Myopic+ (value-based),172,29688.109375,21005.6171875,1185.3033,7497.189453125,74.62689999999999,134,34,38,0,0
Myopic+ (value-based),173,29390.15625,20721.33203125,1110.6416,7558.18310546875,69.9248,133,40,37,0,0
Myopic+ (value-based),174,34590.08203125,21947.546875,1229.2816,11413.2548828125,70.5882,153,45,40,0,0
Myopic+ (value-based),175,34760.21875,21769.255859375,1216.5847,11774.3701171875,64.5161,155,55,39,0,0
Myopic+ (value-based),176,33064.80859375,21628.734375,1142.2582,10293.81640625,64.539,141,50,39,0,0
Myopic+ (value-based),177,36072.6796875,22053.634765625,1270.8628,12748.1748046875,67.7419,155,50,40,0,0
Myopic+ (value-based),178,39077.5234375,23315.24609375,1285.8838,14476.3916015625,67.2414,174,57,42,0,0
Myopic+ (value-based),179,39113.3828125,22128.26171875,1274.1068,15711.009765625,68.18180000000001,154,49,40,0,0
Myopic+ (value-based),18,36013.1015625,21945.216796875,1260.7339,12807.146484375,65.3595,153,53,40,0,0
Myopic+ (value-based),180,37700.32421875,23324.064453125,1378.4627,12997.7919921875,66.2791,172,58,42,0,0
Myopic+ (value-based),181,32653.5,20460.841796875,1059.7732,11132.88671875,67.1642,134,44,37,0,0
Myopic+ (value-based),182,34973.1640625,20973.984375,1182.7087,12816.4658203125,69.4444,144,44,38,0,0
Myopic+ (value-based),183,32158.470703125,21747.87890625,1188.2619,9222.3271484375,71.4286,154,44,39,0,0
Myopic+ (value-based),184,36803.9921875,21696.4765625,1285.442,13822.072265625,63.698600000000006,146,53,39,0,0
Myopic+ (value-based),185,37489.17578125,23001.923828125,1332.8347,13154.419921875,62.7219,169,63,42,0,0
Myopic+ (value-based),186,38527.21484375,21979.76953125,1220.8765,15326.568359375,67.5159,157,51,40,0,0
Myopic+ (value-based),187,38188.62890625,22216.201171875,1294.505,14677.9228515625,62.1795,156,59,40,0,0
Myopic+ (value-based),188,33487.41796875,20545.494140625,1162.7429,11779.1865234375,64.5669,127,45,37,0,0
Myopic+ (value-based),189,31380.1015625,21346.482421875,1220.9745,8812.6416015625,61.9718,142,54,39,0,0
Myopic+ (value-based),19,40087.68359375,22362.146484375,1252.1041,16473.43359375,63.354,161,59,40,0,0
Myopic+ (value-based),190,32498.6875,21783.033203125,1192.9637,9522.693359375,74.3243,148,38,39,0,0
Myopic+ (value-based),191,34201.12109375,21644.068359375,1260.8356,11296.21875,67.6056,142,46,39,0,0
Myopic+ (value-based),192,31295.462890625,20478.93359375,1182.6044,9633.9228515625,68.9922,129,40,37,0,0
Myopic+ (value-based),193,33888.8046875,21518.5859375,1219.2654,11150.9560546875,69.3878,147,45,39,0,0
Myopic+ (value-based),194,34603.921875,21749.890625,1231.8949,11622.138671875,69.1275,149,46,39,0,0
Myopic+ (value-based),195,31072.48046875,20893.462890625,1143.4658,9035.5537109375,73.8806,134,35,38,0,0
Myopic+ (value-based),196,40818.5859375,22758.1875,1287.7398,16772.650390625,66.4671,167,56,41,0,0
Myopic+ (value-based),197,40656.3125,23909.515625,1373.2055,15373.5869140625,66.1202,183,62,43,0,0
Myopic+ (value-based),198,32705.447265625,22203.904296875,1285.6915,9215.8505859375,64.1509,159,57,40,0,0
Myopic+ (value-based),199,39379.0859375,22886.84375,1260.8519,15231.3916015625,66.6667,171,57,41,0,0
Myopic+ (value-based),2,38044.73828125,22725.474609375,1294.2026,14025.0595703125,69.87950000000001,166,50,41,0,0
Myopic+ (value-based),20,29598.0546875,20577.87890625,1129.7509,7890.42626953125,67.46029999999999,126,41,37,0,0
Myopic+ (value-based),200,33110.36328125,21452.890625,1219.0599,10438.4150390625,65.71430000000001,140,48,39,0,0
Myopic+ (value-based),201,33401.671875,21539.642578125,1260.7564,10601.271484375,69.2308,143,44,39,0,0
Myopic+ (value-based),202,34386.6484375,21010.35546875,1202.5397,12173.7568359375,68.1481,135,43,38,0,0
Myopic+ (value-based),203,33932.015625,21123.482421875,1149.6791,11658.8564453125,59.854,137,55,38,0,0
Myopic+ (value-based),204,32484.876953125,20995.474609375,1189.878,10299.5205078125,70.6767,133,39,38,0,0
Myopic+ (value-based),205,34394.34375,21985.275390625,1269.6864,11139.380859375,66.6667,150,50,40,0,0
Myopic+ (value-based),206,30686.19921875,20534.650390625,1127.8645,9023.681640625,74.0458,131,34,37,0,0
Myopic+ (value-based),207,36348.90625,22064.857421875,1268.1171,13015.9345703125,69.9346,153,46,40,0,0
Myopic+ (value-based),208,39517.17578125,22493.162109375,1296.0864,15727.9267578125,68.125,160,51,41,0,0
Myopic+ (value-based),209,34378.328125,20987.65625,1098.0974,12292.5732421875,66.1871,139,47,38,0,0
Myopic+ (value-based),21,31479.734375,20981.77734375,1203.9468,9294.0029296875,70.922,141,41,38,0,0
Myopic+ (value-based),210,35078.8515625,21818.65234375,1241.6259,12018.576171875,70.1389,144,43,39,0,0
Myopic+ (value-based),211,31244.6015625,19341.4375,1074.5101,10828.65234375,65.0943,106,37,35,0,0
Myopic+ (value-based),212,28079.720703125,20765.345703125,1151.4376,6162.94140625,74.0157,127,33,38,0,0
Myopic+ (value-based),213,30328.953125,21790.716796875,1245.211,7293.02490234375,69.5946,148,45,39,0,0
Myopic+ (value-based),214,37132.7265625,20941.220703125,1197.8472,14993.6572265625,70.34479999999999,145,43,38,0,0
Myopic+ (value-based),215,26974.59765625,19738.578125,1050.8577,6185.16064453125,69.6721,122,37,36,0,0
Myopic+ (value-based),216,33939.21484375,21221.3984375,1204.5026,11513.30859375,73.4694,147,39,38,0,0
Myopic+ (value-based),217,32835.140625,21077.994140625,1117.6308,10639.517578125,64.2857,140,50,38,0,0
Myopic+ (value-based),218,34580.15234375,21574.541015625,1225.6128,11780.0009765625,67.3469,147,48,39,0,0
Myopic+ (value-based),219,31836.109375,21012.18359375,1156.5513,9667.375,72.9927,137,37,38,0,0
Myopic+ (value-based),22,38084.47265625,22863.19921875,1322.809,13898.4609375,63.372099999999996,172,63,41,0,0
Myopic+ (value-based),220,30603.50390625,21137.2578125,1232.9645,8233.283203125,82.7338,139,24,38,0,0
Myopic+ (value-based),221,33361.6796875,22203.544921875,1279.1792,9878.9482421875,64.5161,155,55,40,0,0
Myopic+ (value-based),222,28623.173828125,19952.279296875,1151.998,7518.90478515625,69.6721,122,37,36,0,0
Myopic+ (value-based),223,36297.2265625,22123.1875,1288.5712,12885.4677734375,65.60510000000001,157,54,40,0,0
Myopic+ (value-based),224,39257.68359375,22236.98046875,1216.4965,15804.2001953125,62.3457,162,61,40,0,0
Myopic+ (value-based),225,50050.74609375,22639.158203125,1266.8243,26144.767578125,56.0241,166,73,41,0,0
Myopic+ (value-based),226,31945.69921875,21543.3203125,1250.6535,9151.73046875,73.4694,147,39,39,0,0
Myopic+ (value-based),227,37888.52734375,22179.869140625,1319.283,14389.369140625,68.5897,156,49,40,0,0
Myopic+ (value-based),228,34163.54296875,22058.060546875,1284.5034,10820.9765625,66.0,150,51,40,0,0
Myopic+ (value-based),229,28502.720703125,19416.765625,1085.8086,8000.14306640625,64.1509,106,38,35,0,0
Myopic+ (value-based),23,34255.14453125,21215.517578125,1193.6265,11846.0,70.8333,144,42,38,0,0
Myopic+ (value-based),230,46569.53125,22813.384765625,1332.2529,22423.876953125,58.53660000000001,164,68,41,0,0
Myopic+ (value-based),231,40015.03125,23001.923828125,1331.9396,15681.169921875,68.2081,173,55,42,0,0
Myopic+ (value-based),232,36706.3984375,21817.16015625,1219.1958,13670.0380859375,70.70060000000001,157,46,39,0,0
Myopic+ (value-based),233,30065.85546875,20399.009765625,1128.6445,8538.201171875,72.4409,127,35,37,0,0
Myopic+ (value-based),234,49343.8984375,22752.517578125,1294.6808,25296.693359375,60.0,170,68,41,0,0
Myopic+ (value-based),235,51143.7265625,23420.296875,1370.7007,26352.732421875,56.2842,183,80,42,0,0
Myopic+ (value-based),236,43465.63671875,22450.88671875,1222.7724,19791.986328125,64.497,169,60,41,0,0
Myopic+ (value-based),237,30367.943359375,21595.224609375,1239.9704,7532.7509765625,72.0,150,42,39,0,0
Myopic+ (value-based),238,37078.51171875,21413.806640625,1161.8274,14502.876953125,67.3469,147,48,39,0,0
Myopic+ (value-based),239,30256.876953125,20525.576171875,1195.1957,8536.1064453125,65.8537,123,42,37,0,0
Myopic+ (value-based),24,35968.63671875,22882.76953125,1311.0112,11774.8564453125,67.83630000000001,171,55,41,0,0
Myopic+ (value-based),240,26545.61328125,19218.1875,1050.0313,6277.39208984375,69.9115,113,34,35,0,0
Myopic+ (value-based),241,30719.994140625,21074.400390625,1243.3077,8402.2822265625,75.37310000000001,134,33,38,0,0
Myopic+ (value-based),242,34281.015625,21041.931640625,1109.4786,12129.6103515625,66.2069,145,49,38,0,0
Myopic+ (value-based),243,44548.31640625,23142.330078125,1292.4814,20113.49609375,62.22220000000001,180,68,42,0,0
Myopic+ (value-based),244,38869.734375,23010.88671875,1306.2737,14552.576171875,66.6667,174,58,42,0,0
Myopic+ (value-based),245,24858.53515625,19128.7265625,1051.4919,4678.3173828125,71.8182,110,31,35,0,0
Myopic+ (value-based),246,38646.99609375,22799.958984375,1281.9579,14565.080078125,69.7674,172,52,41,0,0
Myopic+ (value-based),247,32758.1015625,21269.564453125,1187.0303,10301.5068359375,65.493,142,49,38,0,0
Myopic+ (value-based),248,38109.5390625,23010.4296875,1330.2476,13768.8603515625,65.71430000000001,175,60,42,0,0
Myopic+ (value-based),249,40738.24609375,21815.35546875,1249.082,17673.8046875,61.1842,152,59,39,0,0
Myopic+ (value-based),25,35362.578125,23141.2421875,1412.4647,10808.8662109375,69.4611,167,51,42,0,0
Myopic+ (value-based),250,34884.9140625,21492.890625,1267.5757,12124.453125,68.91890000000001,148,46,39,0,0
Myopic+ (value-based),251,30803.734375,20857.060546875,1097.6784,8848.9970703125,62.5899,139,52,38,0,0
Myopic+ (value-based),252,32696.595703125,21583.0,1245.9004,9867.7021484375,67.7852,149,48,39,0,0
Myopic+ (value-based),253,31149.96875,21796.146484375,1252.4124,8101.41015625,72.4832,149,41,39,0,0
Myopic+ (value-based),254,30038.384765625,21199.12109375,1211.8191,7627.44384765625,72.028,143,40,38,0,0
Myopic+ (value-based),255,35127.01171875,21703.87890625,1247.763,12175.3671875,70.27029999999999,148,44,39,0,0
Myopic+ (value-based),256,32691.359375,20887.40625,1169.5131,10634.4375,65.9259,135,46,38,0,0
Myopic+ (value-based),257,33076.28515625,21372.353515625,1162.72,10541.2099609375,65.7718,149,51,39,0,0
Myopic+ (value-based),258,37873.7265625,22928.87890625,1295.3376,13649.5166015625,66.8675,166,55,41,0,0
Myopic+ (value-based),259,34373.75390625,22283.55078125,1312.455,10777.7509765625,65.3846,156,54,40,0,0
Myopic+ (value-based),26,33688.5546875,21449.88671875,1155.69,11082.982421875,63.8158,152,55,39,0,0
Myopic+ (value-based),260,31547.2734375,20668.8984375,1103.9042,9774.4716796875,70.8955,134,39,37,0,0
Myopic+ (value-based),261,34639.91796875,21585.875,1160.6735,11893.3671875,67.3333,150,49,39,0,0
Myopic+ (value-based),262,36260.53515625,22550.72265625,1280.2677,12429.5478515625,69.3252,163,50,41,0,0
Myopic+ (value-based),263,36619.390625,21758.21484375,1249.51,13611.6669921875,68.18180000000001,154,49,39,0,0
Myopic+ (value-based),264,36598.3359375,22029.66796875,1288.1617,13280.5048828125,71.875,160,45,40,0,0
Myopic+ (value-based),265,32614.166015625,21443.4921875,1214.2593,9956.4169921875,68.9655,145,45,39,0,0
Myopic+ (value-based),266,32217.916015625,20883.5859375,1185.2914,10149.041015625,69.2308,130,40,38,0,0
Myopic+ (value-based),267,39063.85546875,23088.083984375,1320.3784,14655.4052734375,68.78609999999999,173,54,42,0,0
Myopic+ (value-based),268,39966.578125,23725.02734375,1304.6671,14936.8916015625,68.10810000000001,185,59,43,0,0
Myopic+ (value-based),269,31938.7578125,21723.294921875,1216.9465,8998.5166015625,75.974,154,37,39,0,0
Myopic+ (value-based),27,38004.01171875,22815.615234375,1350.5692,13837.8251953125,65.2174,161,56,41,0,0
Myopic+ (value-based),270,30536.39453125,20558.390625,1093.0868,8884.9189453125,71.9697,132,37,37,0,0
Myopic+ (value-based),271,30712.19921875,21590.484375,1248.7274,7872.986328125,71.1409,149,43,39,0,0
Myopic+ (value-based),272,36792.0234375,21159.8203125,1186.8575,14445.34375,66.4234,137,46,38,0,0
Myopic+ (value-based),273,33099.64453125,20541.80078125,1101.7125,11456.12890625,71.94239999999999,139,39,37,0,0
Myopic+ (value-based),274,33590.91015625,19951.724609375,1064.0511,12575.1337890625,67.2131,122,40,36,0,0
Myopic+ (value-based),275,35457.5546875,20918.5859375,1113.6211,13425.3515625,69.5035,141,43,38,0,0
Myopic+ (value-based),276,42282.91796875,22730.73828125,1273.3513,18278.830078125,68.04729999999999,169,54,41,0,0
Myopic+ (value-based),277,33394.7578125,22359.0703125,1235.9121,9799.7685546875,70.0599,167,50,40,0,0
Myopic+ (value-based),278,32754.66796875,21627.2734375,1174.5717,9952.8203125,67.7632,152,49,39,0,0
Myopic+ (value-based),279,35184.98046875,20597.884765625,1130.4271,13456.666015625,68.6567,134,42,37,0,0
Myopic+ (value-based),28,38894.58203125,23221.423828125,1377.6575,14295.494140625,63.2432,185,68,42,0,0
Myopic+ (value-based),280,36532.44921875,22283.33203125,1205.6502,13043.46875,70.4819,166,49,40,0,0
Myopic+ (value-based),281,34446.41015625,21232.0390625,1142.2896,12072.0908203125,66.443,149,50,38,0,0
Myopic+ (value-based),282,30639.654296875,21222.119140625,1193.9349,8223.59765625,67.3759,141,46,38,0,0
Myopic+ (value-based),283,36850.1796875,22780.46875,1326.5239,12743.1875,67.9245,159,51,41,0,0
Myopic+ (value-based),284,31277.90625,20475.041015625,1184.0276,9618.837890625,75.3968,126,31,37,0,0
Myopic+ (value-based),285,37450.22265625,22106.947265625,1242.1851,14101.09765625,70.0,160,48,40,0,0
Myopic+ (value-based),286,27395.845703125,19426.615234375,1089.4886,6879.744140625,62.7273,110,41,35,0,0
Myopic+ (value-based),287,30673.1640625,20596.232421875,1101.4857,8975.44140625,71.9697,132,37,37,0,0
Myopic+ (value-based),288,37318.94140625,22580.40234375,1223.6606,13514.884765625,60.8696,161,63,41,0,0
Myopic+ (value-based),289,39019.87890625,23087.65234375,1274.3571,14657.8671875,66.4706,170,57,42,0,0
Myopic+ (value-based),29,36962.28515625,22549.189453125,1284.0727,13129.021484375,65.1613,155,54,41,0,0
Myopic+ (value-based),290,30097.32421875,20993.98828125,1229.8428,7873.48876953125,69.9248,133,40,38,0,0
Myopic+ (value-based),291,31809.865234375,22232.29296875,1199.9204,8377.6513671875,65.8537,164,56,40,0,0
Myopic+ (value-based),292,32608.166015625,21115.326171875,1211.335,10281.5029296875,68.0556,144,46,38,0,0
Myopic+ (value-based),293,32685.80859375,20918.15234375,1155.7749,10611.8818359375,66.9118,136,45,38,0,0
Myopic+ (value-based),294,40504.7109375,23278.193359375,1348.6131,15877.9091796875,60.9467,169,66,42,0,0
Myopic+ (value-based),295,26315.630859375,19995.669921875,1129.9358,5190.02734375,71.6667,120,34,36,0,0
Myopic+ (value-based),296,38289.44921875,22669.63671875,1304.1608,14315.64453125,62.3529,170,64,41,0,0
Myopic+ (value-based),297,30551.9609375,20810.21875,1173.4575,8568.283203125,72.3881,134,37,38,0,0
Myopic+ (value-based),298,28752.662109375,20290.6328125,1183.4462,7278.58251953125,73.9837,123,32,37,0,0
Myopic+ (value-based),299,42659.07421875,23726.646484375,1450.8419,17481.5859375,65.3846,182,63,43,0,0
Myopic+ (value-based),3,35160.33984375,22305.375,1258.1242,11596.8359375,69.6203,158,48,40,0,0
Myopic+ (value-based),30,29199.763671875,19782.630859375,1029.9166,8387.216796875,71.5517,116,33,36,0,0
Myopic+ (value-based),300,35872.8359375,21507.009765625,1222.101,13143.7236328125,67.3469,147,48,39,0,0
Myopic+ (value-based),301,31765.279296875,21586.9765625,1244.1069,8934.193359375,69.9301,143,43,39,0,0
Myopic+ (value-based),302,44113.49609375,22190.66015625,1149.7752,20773.056640625,66.06060000000001,165,56,40,0,0
Myopic+ (value-based),303,35447.62109375,22260.416015625,1257.6308,11929.5771484375,67.9487,156,50,40,0,0
Myopic+ (value-based),304,34681.37890625,22745.537109375,1238.4181,10697.423828125,74.5665,173,44,41,0,0
Myopic+ (value-based),305,44112.01953125,23439.826171875,1350.409,19321.791015625,63.2768,177,65,42,0,0
Myopic+ (value-based),306,38607.8046875,22774.701171875,1274.5409,14558.5595703125,64.0244,164,59,41,0,0
Myopic+ (value-based),307,43142.64453125,21711.44921875,1221.8359,20209.36328125,59.090900000000005,154,63,39,0,0
Myopic+ (value-based),308,31025.693359375,20103.0390625,1081.9379,9840.716796875,62.903200000000005,124,46,36,0,0
Myopic+ (value-based),309,28892.640625,20398.341796875,1140.0398,7354.26171875,72.09299999999999,129,36,37,0,0
Myopic+ (value-based),31,31324.234375,21536.701171875,1181.4342,8606.095703125,70.5479,146,43,39,0,0
Myopic+ (value-based),310,39079.4921875,22575.828125,1259.2593,15244.408203125,70.0599,167,50,41,0,0
Myopic+ (value-based),311,31311.6953125,21170.513671875,1190.6622,8950.517578125,69.0647,139,43,38,0,0
Myopic+ (value-based),312,33360.890625,21517.3125,1236.5096,10607.0654296875,70.34479999999999,145,43,39,0,0
Myopic+ (value-based),313,28048.146484375,20149.087890625,1107.419,6791.64306640625,71.9008,121,34,36,0,0
Myopic+ (value-based),314,31917.181640625,20284.58984375,1142.9745,10489.6181640625,62.096799999999995,124,47,37,0,0
Myopic+ (value-based),315,38570.37890625,20846.419921875,1208.5084,16515.447265625,60.0,130,52,38,0,0
Myopic+ (value-based),316,36293.7578125,23347.69921875,1343.1722,11602.880859375,64.5714,175,62,42,0,0
Myopic+ (value-based),317,34171.7421875,22068.8359375,1217.4079,10885.494140625,67.46990000000001,166,54,40,0,0
Myopic+ (value-based),318,29225.048828125,21098.89453125,1182.1304,6944.0263671875,72.9927,137,37,38,0,0
Myopic+ (value-based),319,30262.431640625,20605.23828125,1119.6479,8537.5498046875,66.9231,130,43,37,0,0
Myopic+ (value-based),32,42516.05078125,22035.986328125,1295.789,19184.27734375,63.4615,156,57,40,0,0
Myopic+ (value-based),320,33489.1484375,21399.267578125,1220.4563,10869.4287109375,69.7183,142,43,39,0,0
Myopic+ (value-based),321,29741.888671875,20645.126953125,1165.3651,7931.392578125,70.0787,127,38,37,0,0
Myopic+ (value-based),322,33963.6796875,21223.783203125,1172.9853,11566.9130859375,69.28569999999999,140,43,38,0,0
Myopic+ (value-based),323,29341.83984375,21481.6484375,1128.3902,6731.79833984375,69.7183,142,43,39,0,0
Myopic+ (value-based),324,35069.43359375,20688.802734375,1175.7717,13204.853515625,70.1493,134,40,37,0,0
Myopic+ (value-based),325,36646.59375,22747.3125,1266.5066,12632.7705078125,67.6647,167,54,41,0,0
Myopic+ (value-based),326,37295.7890625,23053.734375,1299.1403,12942.9052734375,70.122,164,49,42,0,0
Myopic+ (value-based),327,36538.50390625,22194.890625,1274.4422,13069.1708984375,65.1613,155,54,40,0,0
Myopic+ (value-based),328,28428.630859375,20020.517578125,1121.7482,7286.36572265625,70.8333,120,35,36,0,0
Myopic+ (value-based),329,31017.990234375,21494.916015625,1282.6345,8240.4375,65.7343,143,49,39,0,0
Myopic+ (value-based),33,30897.533203125,20990.34765625,1212.8505,8694.3349609375,68.3824,136,43,38,0,0
Myopic+ (value-based),330,32612.15625,21381.634765625,1176.3961,10054.123046875,66.6667,144,48,39,0,0
Myopic+ (value-based),331,35253.66015625,22041.884765625,1164.6029,12047.169921875,76.6871,163,38,40,0,0
Myopic+ (value-based),332,29001.1640625,20090.84375,1115.5698,7794.75048828125,72.4409,127,35,36,0,0
Myopic+ (value-based),333,36540.4609375,22801.845703125,1316.7659,12421.84765625,70.90910000000001,165,48,41,0,0
Myopic+ (value-based),334,30989.369140625,21066.751953125,1189.6825,8732.9326171875,68.57140000000001,140,44,38,0,0
Myopic+ (value-based),335,35686.68359375,21731.24609375,1234.653,12720.7841796875,65.1316,152,53,39,0,0
Myopic+ (value-based),336,29457.51953125,21211.943359375,1160.3832,7085.19775390625,72.9927,137,37,38,0,0
Myopic+ (value-based),337,33356.87890625,22629.435546875,1280.6311,9446.8154296875,69.9387,163,49,41,0,0
Myopic+ (value-based),338,37562.85546875,22121.875,1276.0832,14164.8994140625,65.60510000000001,157,54,40,0,0
Myopic+ (value-based),339,32625.5625,21204.619140625,1211.1246,10209.818359375,61.7021,141,54,38,0,0
Myopic+ (value-based),34,34206.3671875,21488.30859375,1274.9609,11443.091796875,70.1987,151,45,39,0,0
Myopic+ (value-based),340,30649.9140625,19931.666015625,1090.1964,9628.052734375,68.6441,118,37,36,0,0
Myopic+ (value-based),341,28972.720703125,20640.1015625,1200.8207,7131.80224609375,70.8661,127,37,37,0,0
Myopic+ (value-based),342,37338.02734375,22042.078125,1167.7703,14128.17578125,65.4321,162,56,40,0,0
Myopic+ (value-based),343,31618.240234375,20212.380859375,1142.6209,10263.2353515625,70.7317,123,36,37,0,0
Myopic+ (value-based),344,37115.34375,23706.806640625,1331.0446,12077.4951171875,65.9459,185,63,43,0,0
Myopic+ (value-based),345,36250.84765625,21777.802734375,1244.9001,13228.150390625,65.7534,146,50,39,0,0
Myopic+ (value-based),346,31460.41015625,22001.708984375,1214.8068,8243.8935546875,68.6667,150,47,40,0,0
Myopic+ (value-based),347,35996.5390625,21906.482421875,1208.3241,12881.728515625,69.0789,152,47,40,0,0
Myopic+ (value-based),348,30585.580078125,20598.234375,1164.6413,8822.705078125,73.1343,134,36,37,0,0
Myopic+ (value-based),349,39077.296875,23273.732421875,1367.9023,14435.6611328125,72.5714,175,48,42,0,0
Myopic+ (value-based),35,29969.6328125,20472.720703125,1133.419,8363.4921875,70.4545,132,39,37,0,0
Myopic+ (value-based),350,31247.68359375,20872.7890625,1144.4514,9230.4375,72.93230000000001,133,36,38,0,0
Myopic+ (value-based),351,37336.2890625,22626.228515625,1346.8741,13363.18359375,69.87950000000001,166,50,41,0,0
Myopic+ (value-based),352,32210.65234375,21373.162109375,1255.3728,9582.109375,73.913,138,36,39,0,0
Myopic+ (value-based),353,31374.05078125,21692.982421875,1251.3776,8429.6904296875,60.139900000000004,143,57,39,0,0
Myopic+ (value-based),354,39642.6015625,22048.064453125,1226.4769,16368.060546875,64.9351,154,54,40,0,0
Myopic+ (value-based),355,35042.16796875,21161.56640625,1171.6656,12708.931640625,66.90650000000001,139,46,38,0,0
Myopic+ (value-based),356,35776.77734375,22189.890625,1242.1874,12344.7041015625,63.871,155,56,40,0,0
Myopic+ (value-based),357,35265.90625,22176.51171875,1233.9324,11855.4580078125,75.4601,163,40,40,0,0
Myopic+ (value-based),358,39510.9765625,23829.96875,1366.3242,14314.6865234375,71.2707,181,52,43,0,0
Myopic+ (value-based),359,37961.93359375,21089.736328125,1248.7769,15623.4228515625,63.3803,142,52,38,0,0
Myopic+ (value-based),36,34208.5234375,21776.71484375,1292.9771,11138.833984375,69.0789,152,47,39,0,0
Myopic+ (value-based),360,25948.650390625,19498.6015625,1040.5981,5409.44775390625,76.3158,114,27,35,0,0
Myopic+ (value-based),361,31904.91796875,20977.609375,1171.594,9755.720703125,71.0145,138,40,38,0,0
Myopic+ (value-based),362,37484.046875,21747.484375,1252.2122,14484.35546875,66.8831,154,51,39,0,0
Myopic+ (value-based),363,41810.328125,23562.974609375,1363.3599,16883.99609375,64.7059,187,66,43,0,0
Myopic+ (value-based),364,43358.1796875,25039.00390625,1448.2649,16870.912109375,60.7656,209,82,45,0,0
Myopic+ (value-based),365,35475.12890625,21697.529296875,1210.2309,12567.3623046875,66.2162,148,50,39,0,0
Myopic+ (value-based),366,29451.1484375,20386.619140625,1114.8621,7949.66943359375,67.1875,128,42,37,0,0
Myopic+ (value-based),367,36055.46875,21785.07421875,1237.4802,13032.9130859375,64.0,150,54,39,0,0
Myopic+ (value-based),368,33339.046875,20378.84765625,1187.3635,11772.833984375,66.9231,130,43,37,0,0
Myopic+ (value-based),369,43201.24609375,22593.005859375,1259.5489,19348.685546875,58.9595,173,71,41,0,0
Myopic+ (value-based),37,26751.515625,19379.318359375,1114.1092,6258.08544921875,78.6408,103,22,35,0,0
Myopic+ (value-based),370,34493.2890625,21082.787109375,1156.3595,12254.1416015625,68.1159,138,44,38,0,0
Myopic+ (value-based),371,33754.3359375,22210.41015625,1267.8718,10276.0556640625,68.8742,151,47,40,0,0
Myopic+ (value-based),372,33822.5,22651.634765625,1293.0894,9877.779296875,67.4847,163,53,41,0,0
Myopic+ (value-based),373,41922.1796875,23711.828125,1405.2205,16805.123046875,55.618,178,79,43,0,0
Myopic+ (value-based),374,31963.251953125,21513.990234375,1227.3696,9221.890625,66.6667,144,48,39,0,0
Myopic+ (value-based),375,35826.78125,22764.328125,1311.5558,11750.892578125,63.583800000000004,173,63,41,0,0
Myopic+ (value-based),376,41673.38671875,21959.240234375,1197.4298,18516.712890625,64.2857,154,55,40,0,0
Myopic+ (value-based),377,33581.84375,21501.8671875,1269.4762,10810.4931640625,67.6056,142,46,39,0,0
Myopic+ (value-based),378,29536.93359375,21104.6796875,1136.3542,7295.90478515625,79.4326,141,29,38,0,0
Myopic+ (value-based),379,31806.5,21390.76171875,1159.4493,9256.2880859375,69.2308,143,44,39,0,0
Myopic+ (value-based),38,38792.16796875,22081.77734375,1289.5824,15420.806640625,60.7843,153,60,40,0,0
Myopic+ (value-based),380,37818.65625,21706.4765625,1245.8798,14866.3056640625,64.8649,148,52,39,0,0
Myopic+ (value-based),381,40518.5078125,23467.78125,1365.8245,15684.900390625,57.2222,180,77,42,0,0
Myopic+ (value-based),382,33349.39453125,20894.61328125,1269.0295,11185.75390625,62.686600000000006,134,50,38,0,0
Myopic+ (value-based),383,34157.765625,22342.322265625,1253.8738,10561.572265625,66.6667,162,54,40,0,0
Myopic+ (value-based),384,28538.015625,19916.0390625,1091.2723,7530.70556640625,70.5882,119,35,36,0,0
Myopic+ (value-based),385,30711.06640625,21067.556640625,1188.7287,8454.779296875,71.3235,136,39,38,0,0
Myopic+ (value-based),386,35041.73046875,21505.75,1217.1639,12318.814453125,67.13289999999999,143,47,39,0,0
Myopic+ (value-based),387,35008.953125,21439.658203125,1163.4271,12405.8662109375,67.9739,153,49,39,0,0
Myopic+ (value-based),388,32257.48828125,20799.740234375,1173.1089,10284.6376953125,71.5328,137,39,38,0,0
Myopic+ (value-based),389,34931.46875,21738.162109375,1232.0292,11961.2783203125,68.0272,147,47,39,0,0
Myopic+ (value-based),39,37640.8125,22531.822265625,1276.7197,13832.2626953125,65.0307,163,57,41,0,0
Myopic+ (value-based),390,32750.4765625,21107.81640625,1126.5275,10516.1357421875,65.95739999999999,141,48,38,0,0
Myopic+ (value-based),391,32389.513671875,23044.33203125,1329.6077,8015.5712890625,75.59519999999999,168,41,42,0,0
Myopic+ (value-based),392,38606.25390625,22621.419921875,1325.5825,14659.248046875,64.9123,171,60,41,0,0
Myopic+ (value-based),393,32693.462890625,21470.935546875,1254.978,9967.5458984375,70.073,137,41,39,0,0
Myopic+ (value-based),394,30341.177734375,21150.71484375,1191.8152,7998.64501953125,68.1159,138,44,38,0,0
Myopic+ (value-based),395,33943.734375,21957.470703125,1263.1601,10723.1123046875,73.0263,152,41,40,0,0
Myopic+ (value-based),396,29126.220703125,20374.59765625,1155.8233,7595.8017578125,67.5,120,39,37,0,0
Myopic+ (value-based),397,32650.119140625,21200.822265625,1173.421,10275.8818359375,68.7075,147,46,38,0,0
Myopic+ (value-based),398,28165.818359375,19373.443359375,1068.1281,7724.244140625,75.8929,112,27,35,0,0
Myopic+ (value-based),399,39074.39453125,22563.193359375,1247.678,15263.5234375,68.0723,166,53,41,0,0
Myopic+ (value-based),4,32761.904296875,21019.150390625,1168.3538,10574.40234375,72.9927,137,37,38,0,0
Myopic+ (value-based),40,31962.630859375,21205.51171875,1184.547,9572.5654296875,74.1259,143,37,38,0,0
Myopic+ (value-based),400,48664.73046875,22858.548828125,1326.6291,24479.552734375,58.479499999999994,171,71,41,0,0
Myopic+ (value-based),401,31263.3046875,20846.037109375,1200.0617,9217.2099609375,67.1642,134,44,38,0,0
Myopic+ (value-based),402,38514.7734375,21728.66015625,1170.4484,15615.6669921875,66.443,149,50,39,0,0
Myopic+ (value-based),403,36564.41015625,21256.77734375,1170.1934,14137.4365234375,63.5135,148,54,38,0,0
Myopic+ (value-based),404,36034.3515625,22141.513671875,1278.7844,12614.0595703125,60.3896,154,61,40,0,0
Myopic+ (value-based),405,33571.56640625,21440.8984375,1183.292,10947.3779296875,62.585,147,55,39,0,0
Myopic+ (value-based),406,36030.46875,21179.59375,1205.0318,13645.8466796875,67.6056,142,46,38,0,0
Myopic+ (value-based),407,29014.888671875,20632.728515625,1120.8365,7261.32861328125,72.3077,130,36,37,0,0
Myopic+ (value-based),408,32346.251953125,21229.39453125,1131.6647,9985.19140625,67.6056,142,46,38,0,0
Myopic+ (value-based),409,28439.322265625,19453.654296875,1036.0807,7949.59521484375,69.6429,112,34,35,0,0
Myopic+ (value-based),41,32195.71484375,21517.794921875,1198.5807,9479.345703125,64.7887,142,50,39,0,0
Myopic+ (value-based),410,35416.8671875,21707.30078125,1247.8767,12461.685546875,60.6452,155,61,39,0,0
Myopic+ (value-based),411,37973.2734375,22763.8359375,1280.8416,13928.599609375,68.4848,165,52,41,0,0
Myopic+ (value-based),412,34331.25390625,21143.55078125,1139.6508,12048.05078125,64.2857,140,50,38,0,0
Myopic+ (value-based),413,39425.73046875,23438.30859375,1368.6631,14618.7587890625,66.2722,169,57,42,0,0
Myopic+ (value-based),414,31389.5234375,20693.5859375,1131.5477,9564.3935546875,71.94239999999999,139,39,37,0,0
Myopic+ (value-based),415,29829.765625,20109.294921875,1070.2196,8650.25390625,65.625,128,44,36,0,0
Myopic+ (value-based),416,29277.474609375,20337.970703125,1149.7043,7789.79833984375,71.65350000000001,127,36,37,0,0
Myopic+ (value-based),417,33974.2109375,22046.40234375,1183.9657,10743.8447265625,72.956,159,43,40,0,0
Myopic+ (value-based),418,37763.15625,21747.81640625,1204.0703,14811.2685546875,66.2338,154,52,39,0,0
Myopic+ (value-based),419,31583.609375,21483.181640625,1263.8117,8836.6162109375,66.4336,143,48,39,0,0
Myopic+ (value-based),42,36465.68359375,22342.349609375,1305.9828,12817.3505859375,69.0323,155,48,40,0,0
Myopic+ (value-based),420,32791.60546875,21046.58984375,1235.3969,10509.619140625,70.2899,138,41,38,0,0
Myopic+ (value-based),421,37942.96875,21520.49609375,1156.4493,15266.0146484375,60.139900000000004,143,57,39,0,0
Myopic+ (value-based),422,31013.587890625,21372.759765625,1161.5442,8479.2861328125,73.9437,142,37,39,0,0
Myopic+ (value-based),423,30173.96875,21074.60546875,1151.3526,7948.01416015625,70.3704,135,40,38,0,0
Myopic+ (value-based),424,29834.21484375,21791.9765625,1139.7854,6902.44873046875,70.068,147,44,39,0,0
Myopic+ (value-based),425,28440.013671875,19892.1015625,1035.524,7512.38818359375,72.6496,117,32,36,0,0
Myopic+ (value-based),426,39254.2734375,22394.748046875,1276.8787,15582.6435546875,65.26950000000001,167,58,40,0,0
Myopic+ (value-based),427,30328.951171875,20965.873046875,1195.3197,8167.7607421875,70.8955,134,39,38,0,0
Myopic+ (value-based),428,28955.6953125,21091.1171875,1239.9355,6624.64208984375,68.79429999999999,141,44,38,0,0
Myopic+ (value-based),429,36405.046875,21764.533203125,1196.1241,13444.38671875,60.927200000000006,151,59,39,0,0
Myopic+ (value-based),43,30075.056640625,21498.6640625,1170.8752,7405.51416015625,68.4932,146,46,39,0,0
Myopic+ (value-based),430,38545.9921875,22298.705078125,1186.5688,15060.7216796875,65.0602,166,58,40,0,0
Myopic+ (value-based),431,28664.98828125,19544.0625,1137.5391,7983.39501953125,65.7658,111,38,35,0,0
Myopic+ (value-based),432,31484.236328125,21725.189453125,1198.5103,8560.5322265625,72.1854,151,42,39,0,0
Myopic+ (value-based),433,42851.859375,21987.787109375,1197.585,19666.486328125,64.3312,157,56,40,0,0
Myopic+ (value-based),434,31997.33984375,21489.501953125,1152.2337,9355.603515625,72.4138,145,40,39,0,0
Myopic+ (value-based),435,37429.77734375,21941.990234375,1232.1811,14255.6083984375,70.5128,156,46,40,0,0
Myopic+ (value-based),436,29557.333984375,20436.158203125,1173.4217,7947.75830078125,73.1343,134,36,37,0,0
Myopic+ (value-based),437,37394.78515625,22146.423828125,1267.6332,13980.732421875,65.2174,161,56,40,0,0
Myopic+ (value-based),438,31580.7578125,20988.228515625,1183.6457,9408.8896484375,72.3404,141,39,38,0,0
Myopic+ (value-based),439,36928.83203125,21983.8203125,1266.7504,13678.255859375,68.5535,159,50,40,0,0
Myopic+ (value-based),44,41757.8203125,23064.962890625,1357.1735,17335.68359375,63.5359,181,66,42,0,0
Myopic+ (value-based),440,29669.810546875,20852.66015625,1089.8902,7727.26416015625,72.6619,139,38,38,0,0
Myopic+ (value-based),441,28652.640625,20403.96484375,1175.2492,7073.42578125,78.4615,130,28,37,0,0
Myopic+ (value-based),442,28773.50390625,20443.73828125,1148.9876,7180.7822265625,69.5312,128,39,37,0,0
Myopic+ (value-based),443,33853.0703125,21212.537109375,1171.6698,11468.865234375,64.6259,147,52,38,0,0
Myopic+ (value-based),444,37285.21875,22399.978515625,1263.2165,13622.0302734375,73.00609999999999,163,44,40,0,0
Myopic+ (value-based),445,39071.34375,21693.3359375,1215.6069,16162.40625,73.50989999999999,151,40,39,0,0
Myopic+ (value-based),446,26330.90234375,19558.076171875,1093.4061,5679.427734375,74.1071,112,29,35,0,0
Myopic+ (value-based),447,35413.1015625,21465.431640625,1152.2715,12795.3955078125,60.8108,148,58,39,0,0
Myopic+ (value-based),448,32055.46484375,20531.13671875,1149.7113,10374.615234375,66.6667,129,43,37,0,0
Myopic+ (value-based),449,37649.98046875,22667.328125,1262.0043,13720.6484375,69.697,165,50,41,0,0
Myopic+ (value-based),45,31052.630859375,20978.50390625,1150.2741,8923.8544921875,71.0145,138,40,38,0,0
Myopic+ (value-based),450,36720.2421875,21703.91015625,1249.954,13766.3828125,62.091499999999996,153,58,39,0,0
Myopic+ (value-based),451,28236.53515625,21467.193359375,1220.8396,5548.50146484375,72.9167,144,39,39,0,0
Myopic+ (value-based),452,30759.333984375,20648.591796875,1153.9833,8956.759765625,65.1515,132,46,37,0,0
Myopic+ (value-based),453,28689.798828125,20368.267578125,1114.4089,7207.12548828125,63.846199999999996,130,47,37,0,0
Myopic+ (value-based),454,34534.171875,21537.83203125,1164.2474,11832.087890625,69.4805,154,47,39,0,0
Myopic+ (value-based),455,28694.154296875,20012.384765625,1177.9883,7503.78173828125,72.8814,118,32,36,0,0
Myopic+ (value-based),456,28661.775390625,19969.568359375,1118.6665,7573.54150390625,70.6897,116,34,36,0,0
Myopic+ (value-based),457,27244.4453125,19793.6953125,1102.4348,6348.310546875,75.4545,110,27,36,0,0
Myopic+ (value-based),458,33774.109375,21087.384765625,1252.5536,11434.1650390625,67.1533,137,45,38,0,0
Myopic+ (value-based),459,36131.5703125,21556.8125,1242.1054,13332.6533203125,64.1379,145,52,39,0,0
Myopic+ (value-based),46,33020.09375,21332.380859375,1253.3637,10434.3515625,66.4234,137,46,39,0,0
Myopic+ (value-based),460,37539.46484375,21942.283203125,1257.652,14339.529296875,62.9139,151,56,40,0,0
Myopic+ (value-based),461,28622.87109375,19842.203125,1119.0312,7661.64404296875,66.3793,116,39,36,0,0
Myopic+ (value-based),462,35683.390625,22259.802734375,1253.8616,12169.728515625,67.0732,164,54,40,0,0
Myopic+ (value-based),463,28365.669921875,20244.3515625,1077.7229,7043.5966796875,72.8,125,34,37,0,0
Myopic+ (value-based),464,33113.28515625,20982.087890625,1147.3262,10983.8681640625,69.7842,139,42,38,0,0
Myopic+ (value-based),465,30693.8359375,21177.14453125,1133.4914,8383.20703125,74.6479,142,36,38,0,0
Myopic+ (value-based),466,31356.72265625,20031.041015625,1198.2604,10127.42578125,67.2414,116,38,36,0,0
Myopic+ (value-based),467,33532.26171875,21586.140625,1270.7863,10675.337890625,67.1053,152,50,39,0,0
Myopic+ (value-based),468,33310.8671875,22281.841796875,1215.8153,9813.216796875,66.8712,163,54,40,0,0
Myopic+ (value-based),469,30154.28515625,20683.724609375,1166.2531,8304.30859375,66.1765,136,46,37,0,0
Myopic+ (value-based),47,35330.515625,22243.720703125,1278.5592,11808.2412109375,62.4204,157,59,40,0,0
Myopic+ (value-based),470,38745.52734375,21672.736328125,1222.1468,15850.6435546875,55.1948,154,69,39,0,0
Myopic+ (value-based),471,36392.41015625,22295.759765625,1248.0766,12848.5712890625,68.5185,162,51,40,0,0
Myopic+ (value-based),472,32137.955078125,21035.7578125,1212.9316,9889.263671875,66.6667,141,47,38,0,0
Myopic+ (value-based),473,47523.921875,24316.814453125,1454.6573,21752.458984375,66.6667,195,65,44,0,0
Myopic+ (value-based),474,28223.19921875,19907.939453125,1136.185,7179.07177734375,73.7288,118,31,36,0,0
Myopic+ (value-based),475,35771.828125,20997.03515625,1139.7558,13635.037109375,66.6667,141,47,38,0,0
Myopic+ (value-based),476,28308.015625,20421.58203125,1103.6244,6782.81103515625,76.378,127,30,37,0,0
Myopic+ (value-based),477,33346.51953125,20526.8515625,1161.1048,11658.564453125,62.2047,127,48,37,0,0
Myopic+ (value-based),478,39411.6328125,22616.529296875,1259.2266,15535.8818359375,62.573100000000004,171,64,41,0,0
Myopic+ (value-based),479,31580.73828125,20853.3125,1158.5534,9568.875,70.229,131,39,38,0,0
Myopic+ (value-based),48,32037.34765625,21946.33203125,1199.5766,8891.439453125,73.6842,152,40,40,0,0
Myopic+ (value-based),480,35440.8671875,22145.765625,1281.9783,12013.123046875,65.8385,161,55,40,0,0
Myopic+ (value-based),481,31561.638671875,21178.14453125,1178.5589,9204.9384765625,70.922,141,41,38,0,0
Myopic+ (value-based),482,32425.263671875,21186.787109375,1188.7409,10049.73828125,67.6259,139,45,38,0,0
Myopic+ (value-based),483,35342.78515625,21890.4296875,1228.3818,12223.97265625,62.2517,151,57,40,0,0
Myopic+ (value-based),484,34982.37890625,22592.720703125,1243.4691,11146.1904296875,72.3926,163,45,41,0,0
Myopic+ (value-based),485,35197.2734375,22664.494140625,1287.0347,11245.744140625,67.8788,165,53,41,0,0
Myopic+ (value-based),486,29941.26171875,21065.154296875,1192.0388,7684.0703125,73.5294,136,36,38,0,0
Myopic+ (value-based),487,34182.0390625,22779.322265625,1320.7632,10081.9501953125,69.2771,166,51,41,0,0
Myopic+ (value-based),488,28722.9765625,19879.673828125,1054.5145,7788.77978515625,69.7479,119,36,36,0,0
Myopic+ (value-based),489,34982.99609375,23126.96875,1324.4051,10531.6201171875,68.04729999999999,169,54,42,0,0
Myopic+ (value-based),49,41038.3046875,22252.67578125,1289.1657,17496.46484375,60.6452,155,61,40,0,0
Myopic+ (value-based),490,31240.81640625,20457.150390625,1120.467,9663.1953125,70.6349,126,37,37,0,0
Myopic+ (value-based),491,31252.455078125,21060.494140625,1212.0811,8979.8779296875,61.240300000000005,129,50,38,0,0
Myopic+ (value-based),492,34804.6796875,21207.5,1216.8032,12380.380859375,69.85289999999999,136,41,38,0,0
Myopic+ (value-based),493,29471.5078125,20592.61328125,1167.6731,7711.21826171875,72.8,125,34,37,0,0
Myopic+ (value-based),494,31894.361328125,21183.05859375,1160.1876,9551.11328125,74.82520000000001,143,36,38,0,0
Myopic+ (value-based),495,31423.82421875,21627.294921875,1156.0523,8640.4794921875,69.4805,154,47,39,0,0
Myopic+ (value-based),496,30297.474609375,20830.900390625,1137.6944,8328.8837890625,67.1533,137,45,38,0,0
Myopic+ (value-based),497,50615.06640625,23239.1171875,1347.2705,26028.6796875,58.046,174,73,42,0,0
Myopic+ (value-based),498,29062.42578125,19455.24609375,1047.0689,8560.1142578125,63.063100000000006,111,41,35,0,0
Myopic+ (value-based),499,27221.068359375,20060.0234375,1070.4034,6090.6396484375,81.6667,120,22,36,0,0
Myopic+ (value-based),5,35884.67578125,20928.359375,1220.9522,13735.35546875,65.4412,136,47,38,0,0
Myopic+ (value-based),50,37642.78515625,22588.1015625,1260.8634,13793.8203125,66.6667,165,55,41,0,0
Myopic+ (value-based),500,48731.38671875,23854.70703125,1385.9018,23490.7734375,56.613800000000005,189,82,43,0,0
Myopic+ (value-based),51,44274.05859375,23026.482421875,1321.2266,19926.353515625,66.4706,170,57,42,0,0
Myopic+ (value-based),52,32363.869140625,21083.505859375,1129.4607,10150.8994140625,68.8406,138,43,38,0,0
Myopic+ (value-based),53,42050.921875,22207.220703125,1275.1124,18568.5859375,63.4146,164,60,40,0,0
Myopic+ (value-based),54,31291.828125,20605.02734375,1098.3935,9588.40625,74.0458,131,34,37,0,0
Myopic+ (value-based),55,32377.3671875,21399.541015625,1181.9537,9795.876953125,67.5676,148,48,39,0,0
Myopic+ (value-based),56,34341.3203125,22274.154296875,1238.6501,10828.51953125,67.70190000000001,161,52,40,0,0
Myopic+ (value-based),57,30125.61328125,19927.884765625,1037.994,9159.736328125,70.7317,123,36,36,0,0
Myopic+ (value-based),58,34658.67578125,21059.53515625,1211.358,12387.7802734375,64.49279999999999,138,49,38,0,0
Myopic+ (value-based),59,63830.31640625,24925.470703125,1479.1991,37425.64453125,50.0,206,103,45,0,0
Myopic+ (value-based),6,44769.19921875,24756.005859375,1388.9948,18624.19921875,57.767,206,87,45,0,0
Myopic+ (value-based),60,33018.51171875,21346.482421875,1256.2976,10415.7294921875,62.328799999999994,146,55,39,0,0
Myopic+ (value-based),61,30060.064453125,20932.689453125,1132.3437,7995.03369140625,76.1194,134,32,38,0,0
Myopic+ (value-based),62,33183.2265625,21591.8359375,1240.6243,10350.7666015625,63.4483,145,53,39,0,0
Myopic+ (value-based),63,32918.04296875,21064.5625,1203.1838,10650.296875,65.0,140,49,38,0,0
Myopic+ (value-based),64,36746.078125,21479.052734375,1204.5278,14062.4990234375,56.25,144,63,39,0,0
Myopic+ (value-based),65,34255.34765625,20532.89453125,1178.9376,12543.5263671875,57.3643,129,55,37,0,0
Myopic+ (value-based),66,33284.4609375,20641.28125,1193.4008,11449.7802734375,69.3431,137,42,37,0,0
Myopic+ (value-based),67,44370.65234375,22761.466796875,1317.5773,20291.615234375,60.0,170,68,41,0,0
Myopic+ (value-based),68,28945.51953125,20369.228515625,1137.0648,7439.23583984375,68.9076,119,37,37,0,0
Myopic+ (value-based),69,29025.333984375,19579.322265625,1035.158,8410.859375,66.3793,116,39,35,0,0
Myopic+ (value-based),7,36494.65234375,21770.5390625,1251.1172,13472.9921875,65.33330000000001,150,52,39,0,0
Myopic+ (value-based),70,36161.9765625,22826.9296875,1289.6918,12045.3564453125,64.7059,170,60,41,0,0
Myopic+ (value-based),71,30746.236328125,20882.900390625,1229.3382,8633.994140625,64.3411,129,46,38,0,0
Myopic+ (value-based),72,27825.54296875,19333.1484375,1089.5292,7402.86376953125,73.1481,108,29,35,0,0
Myopic+ (value-based),73,38368.05078125,23051.2109375,1282.0935,14034.7421875,69.186,172,53,42,0,0
Myopic+ (value-based),74,35273.9921875,20843.982421875,1157.069,13272.9384765625,63.309400000000004,139,51,38,0,0
Myopic+ (value-based),75,38751.12109375,22306.083984375,1256.1594,15188.88671875,65.1899,158,55,40,0,0
Myopic+ (value-based),76,34615.9140625,21129.099609375,1241.8353,12244.9814453125,70.6767,133,39,38,0,0
Myopic+ (value-based),77,27630.099609375,20374.400390625,1164.2047,6091.4912109375,71.65350000000001,127,36,37,0,0
Myopic+ (value-based),78,44875.921875,22174.60546875,1285.1147,21416.201171875,61.3924,158,61,40,0,0
Myopic+ (value-based),79,40729.05078125,22822.5625,1298.3987,16608.08984375,58.928599999999996,168,69,41,0,0
Myopic+ (value-based),8,29722.69140625,20307.6328125,1117.9006,8297.1572265625,65.873,126,43,37,0,0
Myopic+ (value-based),80,32311.263671875,21706.498046875,1215.6419,9389.1220703125,67.3469,147,48,39,0,0
Myopic+ (value-based),81,44378.3515625,22894.005859375,1333.6189,20150.720703125,56.213,169,74,41,0,0
Myopic+ (value-based),82,53300.47265625,23903.1171875,1337.9134,28059.4375,58.510600000000004,188,78,43,0,0
Myopic+ (value-based),83,31569.04296875,21038.248046875,1157.846,9372.94921875,79.1667,144,30,38,0,0
Myopic+ (value-based),84,39231.30859375,22257.40625,1198.445,15775.44921875,67.4847,163,53,40,0,0
Myopic+ (value-based),85,34912.0625,22058.9765625,1241.3626,11611.7265625,62.3377,154,58,40,0,0
Myopic+ (value-based),86,29366.51171875,20972.08984375,1226.5682,7167.849609375,72.0588,136,38,38,0,0
Myopic+ (value-based),87,30431.46484375,21413.724609375,1150.9314,7866.80224609375,67.1533,137,45,39,0,0
Myopic+ (value-based),88,45664.33203125,23895.900390625,1407.9723,20360.462890625,59.5628,183,74,43,0,0
Myopic+ (value-based),89,28228.111328125,20555.83984375,1122.8205,6549.455078125,68.0851,141,45,37,0,0
Myopic+ (value-based),9,28893.552734375,20200.78125,1141.9626,7550.810546875,70.5426,129,38,37,0,0
Myopic+ (value-based),90,34110.234375,21510.53125,1200.1448,11399.5537109375,68.0,150,48,39,0,0
Myopic+ (value-based),91,40933.06640625,22590.189453125,1280.0243,17062.8515625,59.2593,162,66,41,0,0
Myopic+ (value-based),92,36875.55859375,22241.541015625,1259.6388,13374.373046875,66.2162,148,50,40,0,0
Myopic+ (value-based),93,34737.7890625,22558.1953125,1354.8395,10824.7529296875,67.70190000000001,161,52,41,0,0
Myopic+ (value-based),94,35360.78515625,20553.771484375,1171.5522,13635.4638671875,65.6716,134,46,37,0,0
Myopic+ (value-based),95,29314.748046875,19782.626953125,1091.2079,8440.9140625,76.66669999999999,120,28,36,0,0
Myopic+ (value-based),96,28302.134765625,20065.34765625,1045.0755,7191.71826171875,71.65350000000001,127,36,36,0,0
Myopic+ (value-based),97,38200.953125,22477.240234375,1188.2934,14535.41796875,67.70190000000001,161,52,41,0,0
Myopic+ (value-based),98,30871.978515625,20770.4296875,1177.4059,8924.146484375,72.0588,136,38,38,0,0
Myopic+ (value-based),99,31991.60546875,20648.451171875,1112.3447,10230.8095703125,71.2121,132,38,37,0,0
CFA (value-based),1,32751.509765625,21564.337890625,1154.6189,10032.5517578125,68.9655,145,45,39,0,0
CFA (value-based),10,36521.5703125,22080.3984375,1204.5887,13236.5771484375,65.3846,156,54,40,0,0
CFA (value-based),100,31749.75,21156.974609375,1109.7335,9483.03515625,66.1972,142,48,38,0,0
CFA (value-based),101,32640.4609375,21075.845703125,1124.8403,10439.7744140625,71.5328,137,39,38,0,0
CFA (value-based),102,33307.5625,22693.13671875,1212.9781,9401.4462890625,69.7531,162,49,41,0,0
CFA (value-based),103,29387.30859375,20389.53125,1090.6557,7907.119140625,72.7273,132,36,37,0,0
CFA (value-based),104,36612.6171875,23213.01953125,1189.6819,12209.9111328125,68.2081,173,55,42,0,0
CFA (value-based),105,32604.6171875,22205.708984375,1214.463,9184.447265625,69.1824,159,49,40,0,0
CFA (value-based),106,33910.7109375,21964.93359375,1163.9372,10781.837890625,75.31649999999999,158,39,40,0,0
CFA (value-based),107,40003.6171875,22929.732421875,1263.4135,15810.4716796875,65.896,173,59,41,0,0
CFA (value-based),108,31650.525390625,20476.8125,1120.2758,10053.4326171875,63.49209999999999,126,46,37,0,0
CFA (value-based),109,30469.287109375,20840.376953125,1039.4971,8589.4140625,74.4681,141,36,38,0,0
CFA (value-based),11,34764.39453125,22662.416015625,1238.4468,10863.52734375,58.1395,172,72,41,0,0
CFA (value-based),110,32406.341796875,20235.7265625,1093.0821,11077.5361328125,64.0625,128,46,37,0,0
CFA (value-based),111,38741.4609375,22061.953125,1191.19,15488.31640625,60.5882,170,67,40,0,0
CFA (value-based),112,30303.740234375,20615.263671875,1082.8407,8605.6357421875,73.8462,130,34,37,0,0
CFA (value-based),113,32010.70703125,21606.517578125,1180.6542,9223.5400390625,69.7368,152,46,39,0,0
CFA (value-based),114,32900.625,21048.232421875,1095.1664,10757.2265625,68.4932,146,46,38,0,0
CFA (value-based),115,42980.203125,23959.75390625,1301.3887,17719.064453125,65.1042,192,67,43,0,0
CFA (value-based),116,36332.5078125,21323.107421875,1183.8953,13825.505859375,62.2378,143,54,39,0,0
CFA (value-based),117,35206.16015625,22145.361328125,1173.939,11886.8603515625,65.8385,161,55,40,0,0
CFA (value-based),118,28441.73828125,20956.3828125,1103.4237,6381.9345703125,74.1007,139,36,38,0,0
CFA (value-based),119,29014.828125,20013.232421875,1078.8971,7922.70166015625,75.0,124,31,36,0,0
CFA (value-based),12,31475.96484375,21445.6640625,1147.0824,8883.2197265625,68.9655,145,45,39,0,0
CFA (value-based),120,34899.59765625,21917.185546875,1161.4252,11820.9892578125,69.8718,156,47,40,0,0
CFA (value-based),121,30095.916015625,20901.787109375,1100.1471,8093.98095703125,71.7391,138,39,38,0,0
CFA (value-based),122,28656.998046875,20293.732421875,1094.4575,7268.8095703125,71.875,128,36,37,0,0
CFA (value-based),123,31496.376953125,21504.103515625,1187.044,8805.2255859375,68.9655,145,45,39,0,0
CFA (value-based),124,31446.7109375,21503.9296875,1182.7886,8759.9912109375,65.9864,147,50,39,0,0
CFA (value-based),125,32262.2265625,21525.837890625,1160.6457,9575.7421875,72.9032,155,42,39,0,0
CFA (value-based),126,31899.5390625,20233.6796875,1063.2549,10602.603515625,69.2913,127,39,37,0,0
CFA (value-based),127,33039.484375,22110.41796875,1206.4361,9722.6298828125,69.4268,157,48,40,0,0
CFA (value-based),128,36862.37890625,22686.853515625,1291.7425,12883.7724609375,67.8161,174,56,41,0,0
CFA (value-based),129,34876.6484375,22218.44921875,1206.0552,11452.1435546875,64.2424,165,59,40,0,0
CFA (value-based),13,34805.75,21664.53125,1164.6237,11976.59765625,65.7895,152,52,39,0,0
CFA (value-based),130,32345.830078125,22285.140625,1209.2343,8851.4580078125,72.2222,162,45,40,0,0
CFA (value-based),131,41930.52734375,22820.306640625,1310.1416,17800.076171875,64.5714,175,62,41,0,0
CFA (value-based),132,30690.326171875,20964.822265625,1100.3102,8625.2001953125,70.6294,143,42,38,0,0
CFA (value-based),133,32512.703125,22348.908203125,1269.534,8894.255859375,69.4268,157,48,40,0,0
CFA (value-based),134,30638.912109375,21098.740234375,1133.531,8406.6376953125,77.551,147,33,38,0,0
CFA (value-based),135,37710.50390625,21884.193359375,1134.2,14692.107421875,61.0738,149,58,40,0,0
CFA (value-based),136,47500.37890625,23925.44140625,1343.9011,22231.048828125,64.89359999999999,188,66,43,0,0
CFA (value-based),137,31132.509765625,21066.642578125,1082.3224,8983.546875,67.1053,152,50,38,0,0
CFA (value-based),138,27448.064453125,20339.22265625,1049.2267,6059.61474609375,69.2913,127,39,37,0,0
CFA (value-based),139,36593.28515625,22125.5625,1215.5799,13252.1416015625,65.8065,155,53,40,0,0
CFA (value-based),14,29241.3125,20411.431640625,1061.0055,7768.87109375,72.7273,132,36,37,0,0
CFA (value-based),140,28380.412109375,20543.75,1042.2295,6794.4287109375,71.4286,133,38,37,0,0
CFA (value-based),141,39245.22265625,22587.615234375,1288.8411,15368.759765625,69.2771,166,51,41,0,0
CFA (value-based),142,28522.86328125,21068.748046875,1139.6047,6314.51171875,72.8571,140,38,38,0,0
CFA (value-based),143,31990.314453125,20802.65234375,1103.0804,10084.580078125,68.0851,141,45,38,0,0
CFA (value-based),144,30436.70703125,21061.603515625,1115.8955,8259.2080078125,75.1724,145,36,38,0,0
CFA (value-based),145,46099.30859375,24057.115234375,1321.7788,20720.41796875,58.70649999999999,201,83,43,0,0
CFA (value-based),146,36641.84375,21662.537109375,1119.5423,13859.7568359375,66.0377,159,54,39,0,0
CFA (value-based),147,27402.1640625,19942.390625,1153.7872,6305.98876953125,71.1864,118,34,36,0,0
CFA (value-based),148,33268.19921875,21468.533203125,1078.0446,10721.6259765625,63.1579,152,56,39,0,0
CFA (value-based),149,40340.84765625,22285.630859375,1261.2136,16793.998046875,67.0886,158,52,40,0,0
CFA (value-based),15,31156.587890625,19986.943359375,1096.7396,10072.9033203125,66.94210000000001,121,40,36,0,0
CFA (value-based),150,30743.439453125,21945.7890625,1201.5661,7596.08056640625,65.3846,156,54,40,0,0
CFA (value-based),151,31132.59765625,21036.859375,1141.3745,8954.3603515625,69.28569999999999,140,43,38,0,0
CFA (value-based),152,30515.36328125,21171.126953125,1143.582,8200.654296875,71.831,142,40,38,0,0
CFA (value-based),153,28800.67578125,20269.626953125,1111.0726,7419.97265625,71.65350000000001,127,36,37,0,0
CFA (value-based),154,30617.349609375,20958.875,1146.8157,8511.6611328125,67.1642,134,44,38,0,0
CFA (value-based),155,36357.77734375,21487.361328125,1067.176,13803.2412109375,69.7987,149,45,39,0,0
CFA (value-based),156,42120.19921875,24418.830078125,1321.1798,16380.193359375,66.0099,203,69,44,0,0
CFA (value-based),157,28460.67578125,19311.91796875,1032.6739,8116.08154296875,69.0265,113,35,35,0,0
CFA (value-based),158,34601.33984375,21232.5234375,1158.7975,12210.01171875,62.1622,148,56,38,0,0
CFA (value-based),159,35670.00390625,22034.056640625,1290.7164,12345.2373046875,70.7792,154,45,40,0,0
CFA (value-based),16,33315.8046875,21223.18359375,1151.1085,10941.5126953125,67.58619999999999,145,47,38,0,0
CFA (value-based),160,26777.26953125,19872.966796875,1073.0262,5831.2783203125,66.3866,119,40,36,0,0
CFA (value-based),161,29294.447265625,21246.43359375,1181.5847,6866.42822265625,68.6131,137,43,38,0,0
CFA (value-based),162,29384.005859375,20550.71484375,1039.5058,7793.78466796875,73.4375,128,34,37,0,0
CFA (value-based),163,28648.166015625,20985.720703125,1125.4675,6536.98876953125,75.0,140,35,38,0,0
CFA (value-based),164,30287.001953125,20990.02734375,1146.4328,8150.54150390625,74.8148,135,34,38,0,0
CFA (value-based),165,35727.60546875,21191.17578125,1096.8055,13439.6220703125,67.8082,146,47,38,0,0
CFA (value-based),166,38487.07421875,22883.99609375,1326.8854,14276.197265625,65.5172,174,60,41,0,0
CFA (value-based),167,41021.5546875,23637.568359375,1395.3472,15988.6396484375,64.9718,177,62,43,0,0
CFA (value-based),168,31319.720703125,20292.189453125,1042.1899,9985.341796875,72.35770000000001,123,34,37,0,0
CFA (value-based),169,35093.21875,22270.908203125,1169.0649,11653.234375,61.72840000000001,162,62,40,0,0
CFA (value-based),17,33231.5703125,22243.4921875,1190.6063,9797.47265625,65.625,160,55,40,0,0
CFA (value-based),170,35080.12890625,23334.02734375,1263.3037,10482.794921875,69.0608,181,56,42,0,0
CFA (value-based),171,32816.12890625,21784.994140625,1130.559,9900.5751953125,66.6667,162,54,39,0,0
CFA (value-based),172,30057.728515625,20968.28515625,1157.1294,7932.314453125,76.087,138,33,38,0,0
CFA (value-based),173,30436.87109375,21647.54296875,1180.6855,7608.63818359375,74.4828,145,37,39,0,0
CFA (value-based),174,28875.359375,19907.45703125,1045.7357,7922.17138671875,75.5906,127,31,36,0,0
CFA (value-based),175,34066.27734375,21994.015625,1202.5891,10869.6748046875,67.08070000000001,161,53,40,0,0
CFA (value-based),176,31698.77734375,21452.595703125,1136.8697,9109.310546875,66.9014,142,47,39,0,0
CFA (value-based),177,36167.453125,21571.96484375,1164.1999,13431.2939453125,71.8121,149,42,39,0,0
CFA (value-based),178,38919.2890625,22653.630859375,1241.0323,15024.626953125,65.0888,169,59,41,0,0
CFA (value-based),179,38808.69921875,22330.3828125,1223.7347,15254.591796875,68.9024,164,51,40,0,0
CFA (value-based),18,37821.71875,22299.185546875,1196.1046,14326.42578125,66.0494,162,55,40,0,0
CFA (value-based),180,35486.43359375,21994.2421875,1211.1353,12281.056640625,63.4615,156,57,40,0,0
CFA (value-based),181,33548.1328125,21568.5234375,1118.4253,10861.185546875,63.2258,155,57,39,0,0
CFA (value-based),182,33116.09765625,21761.341796875,1194.6635,10160.0908203125,71.0692,159,46,39,0,0
CFA (value-based),183,34017.7734375,21726.783203125,1126.2239,11164.765625,66.6667,156,52,39,0,0
CFA (value-based),184,34628.29296875,21604.462890625,1218.5503,11805.2822265625,65.5629,151,52,39,0,0
CFA (value-based),185,34856.078125,22163.548828125,1206.3301,11486.2001953125,60.6452,155,61,40,0,0
CFA (value-based),186,38342.578125,22775.4453125,1288.3426,14278.7900390625,66.4634,164,55,41,0,0
CFA (value-based),187,38086.8828125,22559.923828125,1277.4982,14249.4658203125,64.2857,168,60,41,0,0
CFA (value-based),188,27392.419921875,19705.4921875,1038.8161,6648.11181640625,68.3333,120,38,36,0,0
CFA (value-based),189,37116.703125,21106.568359375,1145.9522,14864.18359375,64.49279999999999,138,49,38,0,0
CFA (value-based),19,39249.7109375,21999.208984375,1205.4,16045.09765625,62.091499999999996,153,58,40,0,0
CFA (value-based),190,29645.484375,20642.73046875,1049.227,7953.52880859375,74.4526,137,35,37,0,0
CFA (value-based),191,32969.94921875,22117.84375,1174.8026,9677.30078125,75.625,160,39,40,0,0
CFA (value-based),192,31513.740234375,21511.890625,1097.0917,8904.759765625,72.66669999999999,150,41,39,0,0
CFA (value-based),193,31676.185546875,20886.31640625,1040.328,9749.5458984375,69.3431,137,42,38,0,0
CFA (value-based),194,33156.91015625,21470.5234375,1131.4745,10554.9013671875,70.9459,148,43,39,0,0
CFA (value-based),195,29863.734375,20950.90625,1149.9649,7762.86181640625,70.3704,135,40,38,0,0
CFA (value-based),196,34836.91796875,21574.515625,1076.2348,12186.16796875,67.5159,157,51,39,0,0
CFA (value-based),197,34076.72265625,22528.19921875,1257.8739,10290.6435546875,72.6708,161,44,41,0,0
CFA (value-based),198,31201.478515625,21097.16796875,1091.676,9012.6328125,68.7075,147,46,38,0,0
CFA (value-based),199,36842.91796875,22930.5859375,1212.1351,12700.2001953125,66.8571,175,58,41,0,0
CFA (value-based),2,34248.75390625,21775.001953125,1240.6166,11233.1328125,73.8562,153,40,39,0,0
CFA (value-based),20,31388.853515625,20944.94921875,1108.4327,9335.4765625,69.2308,143,44,38,0,0
CFA (value-based),200,33902.796875,21111.888671875,1141.1997,11649.7138671875,64.49279999999999,138,49,38,0,0
CFA (value-based),201,35250.06640625,21472.33203125,1221.1398,12556.58984375,68.9655,145,45,39,0,0
CFA (value-based),202,34110.14453125,21437.763671875,1186.404,11485.9716796875,70.8333,144,42,39,0,0
CFA (value-based),203,33890.46875,20825.294921875,1022.6842,12042.4912109375,64.7482,139,49,38,0,0
CFA (value-based),204,38837.66015625,21983.541015625,1164.2089,15689.9052734375,59.748400000000004,159,64,40,0,0
CFA (value-based),205,34406.74609375,21923.13671875,1194.3473,11289.2529296875,68.2927,164,52,40,0,0
CFA (value-based),206,32011.408203125,21728.828125,1124.0686,9158.51171875,72.1854,151,42,39,0,0
CFA (value-based),207,30742.005859375,20669.904296875,1066.5815,9005.5224609375,69.0647,139,43,37,0,0
CFA (value-based),208,38146.72265625,22197.640625,1209.7661,14739.3154296875,66.0494,162,55,40,0,0
CFA (value-based),209,40763.109375,22652.77734375,1232.3479,16877.982421875,60.46510000000001,172,68,41,0,0
CFA (value-based),21,36387.47265625,22770.646484375,1293.4723,12323.3486328125,66.8571,175,58,41,0,0
CFA (value-based),210,35167.87890625,21091.349609375,1127.4032,12949.1240234375,71.0345,145,42,38,0,0
CFA (value-based),211,32377.849609375,20606.81640625,1055.4969,10715.5341796875,67.7165,127,41,37,0,0
CFA (value-based),212,32766.59765625,21162.80078125,1101.7292,10502.06640625,72.4138,145,40,38,0,0
CFA (value-based),213,30464.63671875,22072.00390625,1207.4382,7185.193359375,65.7895,152,52,40,0,0
CFA (value-based),214,33009.97265625,21038.34375,1124.4185,10847.20703125,72.1429,140,39,38,0,0
CFA (value-based),215,31183.9609375,20895.228515625,1081.7403,9206.9921875,69.4444,144,44,38,0,0
CFA (value-based),216,36783.21484375,22518.1171875,1269.8771,12995.2197265625,69.8225,169,51,41,0,0
CFA (value-based),217,30713.52734375,20054.677734375,1029.1313,9629.7119140625,65.60000000000001,125,43,36,0,0
CFA (value-based),218,29141.26171875,21141.8203125,1175.9173,6823.5234375,68.9655,145,45,38,0,0
CFA (value-based),219,36527.84375,22796.86328125,1275.1415,12455.841796875,71.1765,170,49,41,0,0
CFA (value-based),22,37814.23828125,22780.40625,1246.2082,13787.62890625,62.8571,175,65,41,0,0
CFA (value-based),220,31145.369140625,21509.740234375,1118.5939,8517.0322265625,75.8389,149,36,39,0,0
CFA (value-based),221,35224.6484375,22349.83203125,1267.5097,11607.3046875,65.4088,159,55,40,0,0
CFA (value-based),222,28641.20703125,20522.345703125,1080.934,7037.93212890625,70.4545,132,39,37,0,0
CFA (value-based),223,31771.96875,20758.80859375,1158.8196,9854.3388671875,64.2857,140,50,38,0,0
CFA (value-based),224,33698.73046875,22099.166015625,1189.5239,10410.0380859375,66.0494,162,55,40,0,0
CFA (value-based),225,45509.58984375,22661.025390625,1260.7268,21587.833984375,56.395300000000006,172,75,41,0,0
CFA (value-based),226,31097.462890625,21715.515625,1177.6068,8204.3369140625,72.0,150,42,39,0,0
CFA (value-based),227,35435.1171875,23234.625,1271.1764,10929.31640625,71.7514,177,50,42,0,0
CFA (value-based),228,34290.56640625,22256.982421875,1190.6199,10842.9638671875,63.522,159,58,40,0,0
CFA (value-based),229,27061.810546875,18757.0546875,971.3481,7333.41015625,66.3366,101,34,34,0,0
CFA (value-based),23,34375.7734375,21080.736328125,1111.1003,12183.94140625,68.4932,146,46,38,0,0
CFA (value-based),230,43865.19921875,23322.0078125,1370.1593,19173.037109375,62.427699999999994,173,65,42,0,0
CFA (value-based),231,34985.01953125,22531.99609375,1224.3882,11228.630859375,71.6763,173,49,41,0,0
CFA (value-based),232,42335.24609375,21796.578125,1210.6908,19327.978515625,61.1465,157,61,39,0,0
CFA (value-based),233,32167.203125,20891.248046875,1144.095,10131.859375,70.5036,139,41,38,0,0
CFA (value-based),234,44009.2578125,22083.83203125,1289.6324,20635.7890625,61.290299999999995,155,60,40,0,0
CFA (value-based),235,41588.5625,23131.69921875,1259.8565,17197.015625,65.7609,184,63,42,0,0
CFA (value-based),236,32668.7578125,20795.7265625,1096.0819,10776.947265625,66.1765,136,46,38,0,0
CFA (value-based),237,30820.978515625,21368.931640625,1143.557,8308.4892578125,68.2432,148,47,39,0,0
CFA (value-based),238,35617.76171875,21033.63671875,1119.9668,13464.16015625,68.3453,139,44,38,0,0
CFA (value-based),239,26770.353515625,19827.775390625,1033.5387,5909.0380859375,68.10340000000001,116,37,36,0,0
CFA (value-based),24,33566.359375,22243.76953125,1224.067,10098.5224609375,67.08070000000001,161,53,40,0,0
CFA (value-based),240,28374.271484375,20101.0703125,1048.1886,7225.013671875,69.35480000000001,124,38,36,0,0
CFA (value-based),241,29366.134765625,20099.79296875,1030.5735,8235.767578125,75.969,129,31,36,0,0
CFA (value-based),242,32585.162109375,21608.859375,1187.5602,9788.7373046875,70.0,150,45,39,0,0
CFA (value-based),243,44924.9375,23746.787109375,1292.1423,19886.009765625,63.684200000000004,190,69,43,0,0
CFA (value-based),244,41080.79296875,24017.537109375,1344.5298,15718.7294921875,65.6085,189,65,43,0,0
CFA (value-based),245,26920.169921875,19172.115234375,971.7167,6776.341796875,70.4348,115,34,35,0,0
CFA (value-based),246,37509.20703125,23191.83984375,1210.2739,13107.09375,67.0455,176,58,42,0,0
CFA (value-based),247,34275.23828125,21374.435546875,1074.4859,11826.314453125,68.2432,148,47,39,0,0
CFA (value-based),248,40596.50390625,23145.904296875,1297.8206,16152.76953125,63.7931,174,63,42,0,0
CFA (value-based),249,38590.16015625,21964.1328125,1287.5724,15338.4580078125,65.60510000000001,157,54,40,0,0
CFA (value-based),25,35644.4921875,23400.302734375,1289.3954,10954.7939453125,71.4286,175,50,42,0,0
CFA (value-based),250,33562.64453125,21140.47265625,1135.292,11286.8857421875,71.3287,143,41,38,0,0
CFA (value-based),251,31409.79296875,21168.244140625,1134.4946,9107.048828125,66.9014,142,47,38,0,0
CFA (value-based),252,32094.330078125,21742.15625,1152.2239,9199.9482421875,68.7898,157,49,39,0,0
CFA (value-based),253,28968.72265625,20912.373046875,1142.5115,6913.8369140625,74.4526,137,35,38,0,0
CFA (value-based),254,31599.853515625,21739.396484375,1257.9173,8602.5390625,72.2581,155,43,39,0,0
CFA (value-based),255,37724.08203125,22850.392578125,1261.3654,13612.3251953125,69.8225,169,51,41,0,0
CFA (value-based),256,32447.490234375,21139.669921875,1117.2986,10190.5283203125,72.9167,144,39,38,0,0
CFA (value-based),257,32288.39453125,21395.115234375,1152.4418,9740.837890625,67.7632,152,49,39,0,0
CFA (value-based),258,37257.2578125,22707.705078125,1273.5215,13276.0224609375,62.4242,165,62,41,0,0
CFA (value-based),259,34959.015625,21324.193359375,1207.4064,12427.4130859375,64.5833,144,51,39,0,0
CFA (value-based),26,30473.20703125,21207.494140625,1108.9495,8156.76220703125,64.1892,148,53,38,0,0
CFA (value-based),260,39808.56640625,22301.021484375,1137.911,16369.634765625,66.6667,168,56,40,0,0
CFA (value-based),261,34390.48046875,21627.712890625,1179.7305,11583.04296875,67.5497,151,49,39,0,0
CFA (value-based),262,30820.91796875,21734.982421875,1168.6466,7917.29052734375,68.5897,156,49,39,0,0
CFA (value-based),263,35185.5078125,20873.87890625,1134.5076,13177.1201171875,69.1176,136,42,38,0,0
CFA (value-based),264,36350.30078125,21214.216796875,1188.6472,13947.4365234375,67.3469,147,48,38,0,0
CFA (value-based),265,32036.525390625,21779.279296875,1217.6392,9039.6044921875,73.3766,154,41,39,0,0
CFA (value-based),266,27727.076171875,19332.697265625,1010.595,7383.7841796875,70.1754,114,34,35,0,0
CFA (value-based),267,33854.12109375,21605.90625,1196.1546,11052.0634765625,65.7895,152,52,39,0,0
CFA (value-based),268,35884.73828125,22793.7890625,1160.7367,11930.2109375,67.0455,176,58,41,0,0
CFA (value-based),269,30739.283203125,21463.041015625,1148.1473,8128.1005859375,73.8255,149,39,39,0,0
CFA (value-based),27,30495.46875,20596.28515625,1202.9162,8696.2724609375,70.229,131,39,37,0,0
CFA (value-based),270,35284.4765625,22274.021484375,1222.7404,11787.7109375,70.0599,167,50,40,0,0
CFA (value-based),271,34856.76953125,22745.052734375,1294.9631,10816.7529296875,67.0659,167,55,41,0,0
CFA (value-based),272,30664.26953125,20640.845703125,1097.544,8925.8759765625,71.7391,138,39,37,0,0
CFA (value-based),273,32950.36328125,20895.361328125,1111.4568,10943.5419921875,70.7143,140,41,38,0,0
CFA (value-based),274,31961.970703125,20525.37890625,1060.741,10375.849609375,64.4444,135,48,37,0,0
CFA (value-based),275,35636.8046875,21672.943359375,1125.1264,12838.732421875,71.8121,149,42,39,0,0
CFA (value-based),276,41551.24609375,21923.75390625,1228.3981,18399.10546875,63.354,161,59,40,0,0
CFA (value-based),277,31885.33203125,21743.3671875,1188.3419,8953.6220703125,69.9346,153,46,39,0,0
CFA (value-based),278,34340.21875,21776.875,1136.9453,11426.3974609375,67.7215,158,51,39,0,0
CFA (value-based),279,35193.70703125,22538.337890625,1299.6213,11355.7529296875,66.6667,162,54,41,0,0
CFA (value-based),28,35335.76171875,23363.20703125,1256.8832,10715.6748046875,67.7419,186,60,42,0,0
CFA (value-based),280,34029.5703125,21073.19140625,1077.3778,11879.00390625,69.3333,150,46,38,0,0
CFA (value-based),281,33533.3359375,21576.98046875,1196.1425,10760.2138671875,62.1622,148,56,39,0,0
CFA (value-based),282,30480.9375,21085.53515625,1153.7553,8241.6484375,70.0,140,42,38,0,0
CFA (value-based),283,38097.3828125,22696.880859375,1228.0805,14172.4208984375,70.2381,168,50,41,0,0
CFA (value-based),284,34119.3046875,20758.80859375,1087.5606,12272.93359375,75.37310000000001,134,33,38,0,0
CFA (value-based),285,31767.447265625,21659.998046875,1192.7946,8914.6533203125,71.1409,149,43,39,0,0
CFA (value-based),286,27317.9140625,19551.107421875,1093.2057,6673.6044921875,63.71679999999999,113,41,35,0,0
CFA (value-based),287,34309.88671875,21620.193359375,1181.404,11508.283203125,65.5629,151,52,39,0,0
CFA (value-based),288,36266.8671875,22756.822265625,1249.0861,12260.9619140625,64.1176,170,61,41,0,0
CFA (value-based),289,32821.89453125,22183.04296875,1160.573,9478.283203125,72.3926,163,45,40,0,0
CFA (value-based),29,35434.11328125,22186.330078125,1225.7324,12022.0537109375,66.879,157,52,40,0,0
CFA (value-based),290,31414.9609375,21169.89453125,1143.5034,9101.5625,67.8322,143,46,38,0,0
CFA (value-based),291,33539.78515625,22476.515625,1210.9118,9852.36328125,70.0599,167,50,41,0,0
CFA (value-based),292,29736.87109375,20921.0234375,1124.0113,7691.841796875,69.3431,137,42,38,0,0
CFA (value-based),293,28835.818359375,20445.8671875,1117.3855,7272.5712890625,71.2121,132,38,37,0,0
CFA (value-based),294,46562.0,23291.53125,1237.2129,22033.26171875,62.22220000000001,180,68,42,0,0
CFA (value-based),295,28608.3046875,21185.0546875,1153.0825,6270.16796875,68.6567,134,42,38,0,0
CFA (value-based),296,46584.53125,23144.66015625,1215.2813,22224.595703125,59.090900000000005,176,72,42,0,0
CFA (value-based),297,30071.513671875,20920.15234375,1096.497,8054.86962890625,72.9927,137,37,38,0,0
CFA (value-based),298,34381.90625,21140.93359375,1213.5527,12027.4208984375,62.5,136,51,38,0,0
CFA (value-based),299,35016.78515625,21980.833984375,1220.4033,11815.552734375,68.7898,157,49,40,0,0
CFA (value-based),3,32519.5078125,21440.28125,1161.2249,9918.0,71.3333,150,43,39,0,0
CFA (value-based),30,31717.25390625,20548.587890625,1050.087,10118.580078125,68.93939999999999,132,41,37,0,0
CFA (value-based),300,37273.953125,22041.8984375,1150.234,14081.822265625,66.0494,162,55,40,0,0
CFA (value-based),301,36302.6171875,22625.38671875,1280.3609,12396.8740234375,69.2308,169,52,41,0,0
CFA (value-based),302,43507.64453125,22838.10546875,1166.9949,19502.544921875,69.2737,179,55,41,0,0
CFA (value-based),303,33911.28125,21145.767578125,1127.2101,11638.3115234375,73.6842,152,40,38,0,0
CFA (value-based),304,32255.119140625,21672.857421875,1077.9071,9504.3564453125,73.7179,156,41,39,0,0
CFA (value-based),305,40604.0703125,23213.12890625,1343.3602,16047.5693359375,62.4309,181,68,42,0,0
CFA (value-based),306,36541.16796875,21359.48828125,1110.7504,14070.931640625,67.5325,154,50,39,0,0
CFA (value-based),307,45702.8515625,22041.390625,1231.8799,22429.5859375,54.140100000000004,157,72,40,0,0
CFA (value-based),308,32002.109375,20129.9609375,1079.7311,10792.4189453125,65.873,126,43,36,0,0
CFA (value-based),309,26760.501953125,19972.521484375,1036.0536,5751.92822265625,72.58059999999999,124,34,36,0,0
CFA (value-based),31,27039.384765625,20362.01953125,1033.8808,5643.48388671875,73.0159,126,34,37,0,0
CFA (value-based),310,40256.21875,22263.353515625,1232.275,16760.587890625,68.4524,168,53,40,0,0
CFA (value-based),311,33797.4921875,21737.28125,1181.3185,10878.892578125,68.83120000000001,154,48,39,0,0
CFA (value-based),312,35341.55859375,23271.611328125,1347.3102,10722.640625,73.25580000000001,172,46,42,0,0
CFA (value-based),313,29505.775390625,20060.34375,1016.5672,8428.8720703125,70.8661,127,37,36,0,0
CFA (value-based),314,37089.0625,21010.109375,1122.0005,14956.955078125,61.4286,140,54,38,0,0
CFA (value-based),315,36212.7890625,20887.23046875,1108.1771,14217.3837890625,60.447799999999994,134,53,38,0,0
CFA (value-based),316,30695.111328125,20805.404296875,1104.0755,8785.640625,66.4179,134,45,38,0,0
CFA (value-based),317,33432.80078125,21174.01953125,1174.3992,11084.37890625,66.89659999999999,145,48,38,0,0
CFA (value-based),318,32159.392578125,21556.322265625,1248.428,9354.6455078125,71.8954,153,43,39,0,0
CFA (value-based),319,29254.97265625,20468.580078125,1042.5955,7743.7998046875,75.3968,126,31,37,0,0
CFA (value-based),32,40273.62109375,22122.79296875,1185.1176,16965.70703125,60.365899999999996,164,65,40,0,0
CFA (value-based),320,30493.734375,20285.3203125,1046.1847,9162.2333984375,70.229,131,39,37,0,0
CFA (value-based),321,29735.80078125,21099.013671875,1148.6691,7488.11767578125,71.831,142,40,38,0,0
CFA (value-based),322,27843.84375,19479.8359375,981.1149,7382.89697265625,72.1739,115,32,35,0,0
CFA (value-based),323,31093.55859375,21583.701171875,1132.9205,8376.935546875,68.18180000000001,154,49,39,0,0
CFA (value-based),324,31689.783203125,20832.552734375,1166.1567,9691.072265625,75.18249999999999,137,34,38,0,0
CFA (value-based),325,32675.544921875,21548.5859375,1134.8297,9992.130859375,71.0526,152,44,39,0,0
CFA (value-based),326,41050.53125,23128.59375,1376.9246,16545.017578125,69.8225,169,51,42,0,0
CFA (value-based),327,33431.96484375,21584.240234375,1248.9982,10598.7275390625,66.443,149,50,39,0,0
CFA (value-based),328,31670.60546875,20650.28515625,1144.1172,9876.201171875,66.6667,126,42,37,0,0
CFA (value-based),329,32310.787109375,21445.2109375,1160.5102,9705.0654296875,62.068999999999996,145,55,39,0,0
CFA (value-based),33,37695.04296875,22998.650390625,1209.4859,13486.896484375,64.5714,175,62,42,0,0
CFA (value-based),330,33296.296875,22518.453125,1189.07,9588.7744140625,70.7317,164,48,41,0,0
CFA (value-based),331,34807.2421875,21744.640625,1176.6637,11885.9306640625,68.83120000000001,154,48,39,0,0
CFA (value-based),332,31784.31640625,20969.1796875,1131.9993,9683.138671875,75.1724,145,36,38,0,0
CFA (value-based),333,35395.015625,21791.6640625,1130.6011,12472.751953125,72.4359,156,43,39,0,0
CFA (value-based),334,30724.640625,21041.091796875,1097.8134,8585.734375,66.4336,143,48,38,0,0
CFA (value-based),335,28296.421875,20574.83984375,1083.0412,6638.54150390625,72.7941,136,37,37,0,0
CFA (value-based),336,34702.97265625,22223.59375,1190.9483,11288.4267578125,71.97449999999999,157,44,40,0,0
CFA (value-based),337,36788.9609375,22120.220703125,1279.6553,13389.091796875,73.5484,155,41,40,0,0
CFA (value-based),338,33053.9375,21999.212890625,1153.2105,9901.5087890625,73.7179,156,41,40,0,0
CFA (value-based),339,30455.59375,21533.224609375,1163.6231,7758.74462890625,68.0272,147,47,39,0,0
CFA (value-based),34,34694.3828125,22181.423828125,1211.6424,11301.3251953125,69.7531,162,49,40,0,0
CFA (value-based),340,33705.671875,20962.72265625,1139.7605,11603.189453125,73.913,138,36,38,0,0
CFA (value-based),341,33381.1171875,20550.1015625,1100.2651,11730.7529296875,68.75,128,40,37,0,0
CFA (value-based),342,33553.78125,21136.91015625,1086.8114,11330.060546875,66.8919,148,49,38,0,0
CFA (value-based),343,32970.16796875,21356.1953125,1148.4367,10465.54296875,76.9231,143,33,39,0,0
CFA (value-based),344,36126.10546875,23183.6328125,1243.1473,11699.333984375,69.9454,183,55,42,0,0
CFA (value-based),345,32757.833984375,20872.36328125,1085.5342,10799.9345703125,63.5714,140,51,38,0,0
CFA (value-based),346,33601.2578125,22541.97265625,1282.4265,9776.85546875,68.4848,165,52,41,0,0
CFA (value-based),347,31921.623046875,21761.9140625,1232.6491,8927.0537109375,72.4138,145,40,39,0,0
CFA (value-based),348,32516.236328125,21730.673828125,1201.2028,9584.3603515625,70.9677,155,45,39,0,0
CFA (value-based),349,35906.21484375,23194.53515625,1307.9885,11403.6982421875,70.28569999999999,175,52,42,0,0
CFA (value-based),35,32635.4375,20696.654296875,1136.2675,10802.5166015625,65.6716,134,46,37,0,0
CFA (value-based),350,31857.59765625,21359.515625,1145.0556,9353.0263671875,71.1268,142,41,39,0,0
CFA (value-based),351,38047.9765625,22740.439453125,1285.3996,14022.130859375,69.2308,169,52,41,0,0
CFA (value-based),352,29957.779296875,20838.099609375,1184.5681,7935.111328125,73.38130000000001,139,37,38,0,0
CFA (value-based),353,33475.66015625,21533.224609375,1206.0133,10736.427734375,66.4474,152,51,39,0,0
CFA (value-based),354,35409.55078125,21790.81640625,1105.4928,12513.2412109375,69.2771,166,51,39,0,0
CFA (value-based),355,38026.515625,21570.97265625,1169.8696,15285.6748046875,68.4564,149,47,39,0,0
CFA (value-based),356,31872.7265625,22251.947265625,1162.8525,8457.92578125,67.2619,168,55,40,0,0
CFA (value-based),357,34828.3125,20555.404296875,1097.2857,13175.615234375,76.29629999999999,135,32,37,0,0
CFA (value-based),358,36891.73828125,23247.12890625,1276.6972,12367.9111328125,74.17580000000001,182,47,42,0,0
CFA (value-based),359,35946.265625,21576.87109375,1228.6414,13140.7490234375,64.9007,151,53,39,0,0
CFA (value-based),36,34355.6953125,21523.123046875,1194.9047,11637.662109375,73.913,161,42,39,0,0
CFA (value-based),360,27339.8984375,20056.607421875,1030.3196,6252.970703125,73.8462,130,34,36,0,0
CFA (value-based),361,32175.048828125,20606.38671875,1099.2001,10469.4580078125,65.2482,141,49,37,0,0
CFA (value-based),362,37324.6328125,22322.00390625,1193.9274,13808.708984375,63.5802,162,59,40,0,0
CFA (value-based),363,35414.96484375,22712.53515625,1191.8393,11510.58984375,66.4706,170,57,41,0,0
CFA (value-based),364,45085.10546875,24948.66796875,1447.5716,18688.84765625,64.4231,208,74,45,0,0
CFA (value-based),365,30916.365234375,22072.33984375,1161.3136,7682.708984375,65.1899,158,55,40,0,0
CFA (value-based),366,27728.544921875,20395.22265625,1061.4216,6271.900390625,71.4286,133,38,37,0,0
CFA (value-based),367,37053.73046875,21957.7109375,1125.0956,13970.9228515625,67.7215,158,51,40,0,0
CFA (value-based),368,31914.880859375,20829.95703125,1106.3912,9978.5302734375,70.34479999999999,145,43,38,0,0
CFA (value-based),369,47304.40234375,23886.482421875,1262.8443,22155.0859375,62.827200000000005,191,71,43,0,0
CFA (value-based),37,27648.7265625,20474.23828125,1032.1651,6142.3203125,77.41940000000001,124,28,37,0,0
CFA (value-based),370,36405.96484375,21371.259765625,1169.7203,13864.9794921875,66.6667,141,47,39,0,0
CFA (value-based),371,32504.67578125,20500.166015625,1066.3842,10938.126953125,74.6154,130,33,37,0,0
CFA (value-based),372,30633.1875,21742.619140625,1128.2558,7762.310546875,69.4805,154,47,39,0,0
CFA (value-based),373,33553.1875,21362.931640625,1144.3997,11045.8564453125,60.8108,148,58,39,0,0
CFA (value-based),374,29698.09375,20898.4453125,1085.484,7714.16552734375,66.9014,142,47,38,0,0
CFA (value-based),375,36106.390625,23472.669921875,1327.7099,11306.009765625,66.48349999999999,182,61,42,0,0
CFA (value-based),376,42235.578125,22169.61328125,1228.8591,18837.111328125,64.6341,164,58,40,0,0
CFA (value-based),377,31608.171875,20763.01953125,1112.3535,9732.8046875,70.8955,134,39,38,0,0
CFA (value-based),378,33436.04296875,21174.7578125,1110.7718,11150.5146484375,68.7075,147,46,38,0,0
CFA (value-based),379,27106.03125,20853.478515625,1111.1282,5141.42822265625,73.8806,134,35,38,0,0
CFA (value-based),38,40132.0078125,21770.580078125,1147.5507,17213.8828125,63.2911,158,58,39,0,0
CFA (value-based),380,42641.296875,22740.962890625,1178.6703,18721.66796875,64.1618,173,62,41,0,0
CFA (value-based),381,42921.41015625,24003.74609375,1265.8103,17651.85546875,57.513000000000005,193,82,43,0,0
CFA (value-based),382,35428.00390625,21089.546875,1178.7983,13159.6630859375,66.90650000000001,139,46,38,0,0
CFA (value-based),383,35348.9609375,22871.587890625,1341.2375,11136.1396484375,62.5,168,63,41,0,0
CFA (value-based),384,30368.666015625,19684.296875,1045.7873,9638.5791015625,68.3761,117,37,36,0,0
CFA (value-based),385,30449.208984375,20418.419921875,1083.2084,8947.578125,72.6562,128,35,37,0,0
CFA (value-based),386,30627.2421875,19848.193359375,1017.8126,9761.240234375,61.9835,121,46,36,0,0
CFA (value-based),387,33237.390625,21362.76953125,1205.7402,10668.8798828125,67.3469,147,48,39,0,0
CFA (value-based),388,36043.4765625,21840.63671875,1198.0762,13004.7724609375,71.6129,155,44,39,0,0
CFA (value-based),389,29250.841796875,20124.529296875,1064.6674,8061.64697265625,70.7317,123,36,36,0,0
CFA (value-based),39,30546.853515625,21781.03515625,1171.9121,7593.912109375,60.927200000000006,151,59,39,0,0
CFA (value-based),390,36170.9921875,21317.38671875,1192.928,13660.6689453125,62.9371,143,53,39,0,0
CFA (value-based),391,33008.17578125,22566.740234375,1193.0342,9248.3974609375,75.1515,165,41,41,0,0
CFA (value-based),392,50984.58203125,24745.025390625,1354.2983,24885.259765625,57.56099999999999,205,87,45,0,0
CFA (value-based),393,35625.9765625,22189.390625,1274.8412,12161.7421875,66.6667,159,53,40,0,0
CFA (value-based),394,33015.3515625,21707.748046875,1150.8076,10156.80078125,67.1141,149,49,39,0,0
CFA (value-based),395,31646.1640625,20531.912109375,1225.0805,9889.1728515625,73.8095,126,33,37,0,0
CFA (value-based),396,31018.279296875,21000.578125,1228.1278,8789.56640625,64.4444,135,48,38,0,0
CFA (value-based),397,32186.447265625,19867.517578125,1047.5401,11271.390625,63.0769,130,48,36,0,0
CFA (value-based),398,27756.2109375,19840.775390625,1022.7233,6892.71337890625,72.8,125,34,36,0,0
CFA (value-based),399,36203.39453125,21772.89453125,1202.1433,13228.35546875,68.83120000000001,154,48,39,0,0
CFA (value-based),4,27897.57421875,20048.04296875,1040.5741,6808.955078125,70.4918,122,36,36,0,0
CFA (value-based),40,30706.55078125,20629.509765625,1105.8089,8971.2353515625,72.9927,137,37,37,0,0
CFA (value-based),400,41797.44140625,21500.5,1198.3965,19098.54296875,58.5526,152,63,39,0,0
CFA (value-based),401,28297.017578125,19188.728515625,1079.0863,8029.1982421875,72.8155,103,28,35,0,0
CFA (value-based),402,36273.17578125,22181.001953125,1112.9464,12979.2275390625,65.8065,155,53,40,0,0
CFA (value-based),403,33479.66015625,20982.935546875,1118.7491,11377.97265625,66.90650000000001,139,46,38,0,0
CFA (value-based),404,37394.08203125,23183.47265625,1269.9034,12940.70703125,67.7966,177,57,42,0,0
CFA (value-based),405,33756.703125,22017.53515625,1164.304,10574.8642578125,66.875,160,53,40,0,0
CFA (value-based),406,34830.62890625,21359.556640625,1058.1936,12412.873046875,66.89659999999999,145,48,39,0,0
CFA (value-based),407,28664.83203125,20238.28125,1115.9163,7310.63427734375,76.2295,122,29,37,0,0
CFA (value-based),408,30977.263671875,21502.513671875,1113.3662,8361.3837890625,73.4177,158,42,39,0,0
CFA (value-based),409,29452.08984375,20983.2578125,1146.807,7322.025390625,71.223,139,40,38,0,0
CFA (value-based),41,35399.05078125,21656.1796875,1213.0049,12529.873046875,63.57620000000001,151,55,39,0,0
CFA (value-based),410,36555.59765625,21939.625,1118.7681,13497.205078125,65.5844,154,53,40,0,0
CFA (value-based),411,38232.0625,22182.2578125,1259.9581,14789.841796875,71.6981,159,45,40,0,0
CFA (value-based),412,30436.701171875,20657.984375,1037.7949,8740.9189453125,64.02879999999999,139,50,37,0,0
CFA (value-based),413,36713.75390625,23287.404296875,1233.3594,12192.9892578125,66.48039999999999,179,60,42,0,0
CFA (value-based),414,32395.568359375,22039.873046875,1185.6978,9170.0029296875,73.5849,159,42,40,0,0
CFA (value-based),415,30937.353515625,20838.40234375,1173.6728,8925.2763671875,68.4615,130,41,38,0,0
CFA (value-based),416,32842.41796875,20624.984375,1128.7062,11088.7265625,70.5882,136,40,37,0,0
CFA (value-based),417,32647.529296875,22564.365234375,1224.7097,8858.45703125,71.875,160,45,41,0,0
CFA (value-based),418,35111.90625,22061.158203125,1170.9988,11879.748046875,67.9487,156,50,40,0,0
CFA (value-based),419,28455.154296875,20367.359375,1067.6445,7020.15283203125,73.8806,134,35,37,0,0
CFA (value-based),42,35214.125,22559.58984375,1252.7675,11401.7626953125,67.6647,167,54,41,0,0
CFA (value-based),420,27160.390625,19908.064453125,1067.2153,6185.1083984375,71.65350000000001,127,36,36,0,0
CFA (value-based),421,32655.75,20559.2890625,1116.4026,10980.0625,62.6984,126,47,37,0,0
CFA (value-based),422,34950.83203125,22102.2890625,1178.2027,11670.3310546875,67.0732,164,54,40,0,0
CFA (value-based),423,29698.08984375,20351.576171875,1068.5298,8277.9765625,67.46029999999999,126,41,37,0,0
CFA (value-based),424,33296.9921875,22044.525390625,1194.663,10057.806640625,69.2308,156,48,40,0,0
CFA (value-based),425,28674.013671875,20287.431640625,1098.714,7287.8662109375,69.2913,127,39,37,0,0
CFA (value-based),426,43541.25390625,23399.525390625,1281.9298,18859.80859375,61.2022,183,71,42,0,0
CFA (value-based),427,28582.99609375,20954.90625,1087.5643,6540.5244140625,76.9231,143,33,38,0,0
CFA (value-based),428,29722.5,21360.923828125,1100.5797,7260.99462890625,67.3333,150,49,39,0,0
CFA (value-based),429,30945.1015625,20371.17578125,1070.2684,9503.6494140625,64.2857,126,45,37,0,0
CFA (value-based),43,33357.265625,21779.27734375,1148.5598,10429.427734375,67.9487,156,50,39,0,0
CFA (value-based),430,36775.57421875,22128.484375,1175.7168,13471.3740234375,70.5521,163,48,40,0,0
CFA (value-based),431,26878.94140625,19212.58984375,1051.9058,6614.44091796875,68.57140000000001,105,33,35,0,0
CFA (value-based),432,33449.58203125,22307.419921875,1235.3759,9906.78125,70.625,160,47,40,0,0
CFA (value-based),433,40224.5234375,21772.673828125,1132.1602,17319.68359375,65.3846,156,54,39,0,0
CFA (value-based),434,34060.73046875,22296.49609375,1174.2945,10589.9384765625,76.3314,169,40,40,0,0
CFA (value-based),435,29793.474609375,20797.458984375,1096.9144,7899.0966796875,73.33330000000001,135,36,38,0,0
CFA (value-based),436,32935.70703125,20963.96875,1180.8405,10790.900390625,69.0647,139,43,38,0,0
CFA (value-based),437,36782.8828125,22259.26953125,1172.9116,13350.705078125,67.4847,163,53,40,0,0
CFA (value-based),438,31568.4453125,21038.330078125,1072.7941,9457.3212890625,74.1497,147,38,38,0,0
CFA (value-based),439,33991.45703125,21778.876953125,1203.0443,11009.5283203125,75.1592,157,39,39,0,0
CFA (value-based),44,34812.01171875,21921.7578125,1142.9368,11747.31640625,67.2727,165,54,40,0,0
CFA (value-based),440,30372.916015625,20443.71875,1045.8998,8883.2978515625,66.1871,139,47,37,0,0
CFA (value-based),441,31839.615234375,21214.775390625,1171.7371,9453.0986328125,77.7778,144,32,38,0,0
CFA (value-based),442,29443.8359375,20403.19921875,1078.7865,7961.8505859375,63.846199999999996,130,47,37,0,0
CFA (value-based),443,39461.90234375,22242.087890625,1180.9397,16038.8818359375,59.6386,166,67,40,0,0
CFA (value-based),444,33568.08203125,21513.3359375,1155.0843,10899.66015625,71.5232,151,43,39,0,0
CFA (value-based),445,41822.23828125,23052.501953125,1277.929,17491.791015625,70.5202,173,51,42,0,0
CFA (value-based),446,27355.4296875,19458.59375,1048.3751,6848.4638671875,71.6814,113,32,35,0,0
CFA (value-based),447,31203.775390625,21203.6953125,1178.1519,8821.927734375,66.8919,148,49,38,0,0
CFA (value-based),448,34090.33203125,20620.681640625,1145.1328,12324.515625,65.6716,134,46,37,0,0
CFA (value-based),449,37094.88671875,22648.84375,1180.7666,13265.2763671875,71.5976,169,48,41,0,0
CFA (value-based),45,28366.681640625,19956.75390625,1036.3442,7373.583984375,73.7288,118,31,36,0,0
CFA (value-based),450,39360.66796875,22184.18359375,1262.6756,15913.8203125,63.522,159,58,40,0,0
CFA (value-based),451,30471.337890625,21108.4375,1088.1857,8274.712890625,78.6207,145,31,38,0,0
CFA (value-based),452,31433.83984375,20977.96875,1127.3289,9328.5419921875,67.66919999999999,133,43,38,0,0
CFA (value-based),453,31253.587890625,20952.44921875,1112.9197,9188.21484375,67.3759,141,46,38,0,0
CFA (value-based),454,34754.39453125,22193.916015625,1194.6133,11365.8662109375,71.5976,169,48,40,0,0
CFA (value-based),455,28065.46484375,19968.76171875,1039.5698,7057.13525390625,70.0,120,36,36,0,0
CFA (value-based),456,28611.728515625,19900.75390625,1048.0727,7662.89990234375,70.8333,120,35,36,0,0
CFA (value-based),457,28187.6328125,20380.212890625,1092.2023,6715.21923828125,68.75,128,40,37,0,0
CFA (value-based),458,31740.509765625,21377.853515625,1240.6541,9121.9990234375,67.8571,140,45,39,0,0
CFA (value-based),459,40915.375,22148.296875,1252.9956,17514.080078125,63.9053,169,61,40,0,0
CFA (value-based),46,31907.154296875,20525.185546875,1135.8337,10246.140625,63.909800000000004,133,48,37,0,0
CFA (value-based),460,32647.80078125,21679.271484375,1258.0559,9710.46875,70.068,147,44,39,0,0
CFA (value-based),461,27551.490234375,19682.38671875,1052.4769,6816.62890625,69.5652,115,35,36,0,0
CFA (value-based),462,40929.35546875,23709.439453125,1278.1754,15941.7421875,63.4409,186,68,43,0,0
CFA (value-based),463,31038.154296875,20937.193359375,1087.4577,9013.5009765625,67.3759,141,46,38,0,0
CFA (value-based),464,29580.84765625,20047.771484375,1048.1292,8484.943359375,75.8065,124,30,36,0,0
CFA (value-based),465,36445.6640625,22482.267578125,1204.2872,12759.111328125,70.122,164,49,41,0,0
CFA (value-based),466,30367.580078125,19944.7734375,1045.5547,9377.2548828125,70.2479,121,36,36,0,0
CFA (value-based),467,31451.498046875,20826.171875,1077.1629,9548.162109375,66.9118,136,45,38,0,0
CFA (value-based),468,36789.8046875,22930.30078125,1296.8586,12562.6455078125,65.88239999999999,170,58,41,0,0
CFA (value-based),469,31253.84375,20238.189453125,1083.3502,9932.3017578125,66.9231,130,43,37,0,0
CFA (value-based),47,33907.7578125,22100.564453125,1276.9898,10530.2099609375,71.97449999999999,157,44,40,0,0
CFA (value-based),470,36640.09765625,21371.982421875,1127.1927,14140.9228515625,57.419399999999996,155,66,39,0,0
CFA (value-based),471,32183.0625,22514.208984375,1179.0931,8489.7626953125,71.4286,168,48,41,0,0
CFA (value-based),472,33176.7265625,21679.345703125,1156.9027,10340.47265625,70.4698,149,44,39,0,0
CFA (value-based),473,43199.28515625,23313.841796875,1270.1896,18615.255859375,65.2174,184,64,42,0,0
CFA (value-based),474,28252.662109375,20100.703125,1019.7647,7132.19287109375,71.2,125,36,36,0,0
CFA (value-based),475,33488.4765625,20123.662109375,1090.0703,12274.744140625,68.1481,135,43,36,0,0
CFA (value-based),476,32124.134765625,21226.091796875,1096.3333,9801.70703125,70.6294,143,42,38,0,0
CFA (value-based),477,27591.970703125,19326.072265625,982.6611,7283.240234375,64.2202,109,39,35,0,0
CFA (value-based),478,32892.01171875,21649.892578125,1214.0329,10028.0869140625,69.6774,155,47,39,0,0
CFA (value-based),479,27443.279296875,20878.388671875,1161.9687,5402.91748046875,73.6842,133,35,38,0,0
CFA (value-based),48,31909.046875,21554.578125,1119.0577,9235.416015625,74.1935,155,40,39,0,0
CFA (value-based),480,32510.587890625,21254.2109375,1210.6977,10045.6787109375,67.8571,140,45,38,0,0
CFA (value-based),481,27924.26953125,20501.423828125,1023.8173,6399.02392578125,69.9248,133,40,37,0,0
CFA (value-based),482,34113.26953125,21714.7421875,1243.884,11154.6484375,69.8718,156,47,39,0,0
CFA (value-based),483,40339.7421875,22745.44140625,1283.3603,16310.9375,56.470600000000005,170,74,41,0,0
CFA (value-based),484,35437.99609375,22040.421875,1195.8951,12201.673828125,71.25,160,46,40,0,0
CFA (value-based),485,40845.92578125,22066.453125,1179.9744,17599.498046875,60.3774,159,63,40,0,0
CFA (value-based),486,28097.248046875,19505.349609375,989.2282,7602.671875,71.1864,118,34,35,0,0
CFA (value-based),487,31757.5546875,21532.875,1203.0757,9021.6083984375,72.29729999999999,148,41,39,0,0
CFA (value-based),488,26236.763671875,19461.875,978.722,5796.16259765625,67.5214,117,38,35,0,0
CFA (value-based),489,37298.3125,22834.28125,1278.3484,13185.685546875,63.583800000000004,173,63,41,0,0
CFA (value-based),49,32607.4375,21678.75390625,1159.6309,9769.0439453125,65.5844,154,53,39,0,0
CFA (value-based),490,29831.474609375,19900.94140625,1058.2769,8872.2607421875,67.46029999999999,126,41,36,0,0
CFA (value-based),491,33306.59765625,20620.654296875,1181.5014,11504.4423828125,64.6154,130,46,37,0,0
CFA (value-based),492,33398.71484375,21577.341796875,1205.3387,10616.0390625,68.9655,145,45,39,0,0
CFA (value-based),493,35409.234375,20934.0390625,1154.7558,13320.44140625,67.14290000000001,140,46,38,0,0
CFA (value-based),494,33041.609375,21046.396484375,1105.3969,10889.814453125,72.7273,143,39,38,0,0
CFA (value-based),495,33620.73828125,21702.5390625,1172.7041,10745.494140625,68.6275,153,48,39,0,0
CFA (value-based),496,32489.5,20764.193359375,1107.5854,10617.7265625,64.49279999999999,138,49,38,0,0
CFA (value-based),497,37190.9296875,22251.576171875,1163.99,13775.369140625,64.7799,159,56,40,0,0
CFA (value-based),498,29885.27734375,20696.671875,1157.2006,8031.4111328125,72.09299999999999,129,36,37,0,0
CFA (value-based),499,28125.66796875,21058.322265625,1100.927,5966.41552734375,82.6087,138,24,38,0,0
CFA (value-based),5,32008.166015625,20366.330078125,1105.953,10535.8876953125,71.0938,128,37,37,0,0
CFA (value-based),50,32078.755859375,21954.96484375,1173.1141,8950.6728515625,67.5159,157,51,40,0,0
CFA (value-based),500,40032.34375,22342.1953125,1207.4181,16482.732421875,62.804899999999996,164,61,40,0,0
CFA (value-based),51,42139.93359375,22766.224609375,1301.2042,18072.50390625,64.2424,165,59,41,0,0
CFA (value-based),52,30412.349609375,20690.462890625,1068.2079,8653.6748046875,70.5036,139,41,37,0,0
CFA (value-based),53,33935.546875,21476.51171875,1134.4792,11324.5546875,66.2069,145,49,39,0,0
CFA (value-based),54,31608.552734375,21506.927734375,1122.6164,8979.0107421875,74.026,154,40,39,0,0
CFA (value-based),55,33104.515625,21414.970703125,1160.9937,10528.5537109375,71.3287,143,41,39,0,0
CFA (value-based),56,32511.203125,21580.115234375,1148.2083,9782.876953125,69.1781,146,45,39,0,0
CFA (value-based),57,35861.2734375,22887.55078125,1275.0857,11698.638671875,70.5521,163,48,41,0,0
CFA (value-based),58,30492.796875,21009.775390625,1107.6102,8375.408203125,67.91040000000001,134,43,38,0,0
CFA (value-based),59,63635.77734375,25109.86328125,1432.4059,37093.51171875,48.1308,214,111,45,0,0
CFA (value-based),6,38087.76953125,23154.93359375,1300.268,13632.5615234375,65.71430000000001,175,60,42,0,0
CFA (value-based),60,30827.20703125,20874.40234375,1103.2801,8849.5244140625,62.8571,140,52,38,0,0
CFA (value-based),61,30885.748046875,20584.3828125,1061.9177,9239.443359375,73.5294,136,36,37,0,0
CFA (value-based),62,28065.720703125,20292.087890625,1115.9873,6657.6484375,67.2131,122,40,37,0,0
CFA (value-based),63,33607.07421875,21569.484375,1149.6499,10887.935546875,68.4932,146,46,39,0,0
CFA (value-based),64,38477.2734375,22435.029296875,1273.7085,14768.5419921875,59.1195,159,65,41,0,0
CFA (value-based),65,32924.07421875,21686.4609375,1233.2538,10004.3544921875,61.6883,154,59,39,0,0
CFA (value-based),66,32897.359375,20939.751953125,1145.8952,10811.70703125,68.0851,141,45,38,0,0
CFA (value-based),67,42402.734375,22826.1875,1245.014,18331.541015625,63.3136,169,62,41,0,0
CFA (value-based),68,30251.32421875,20612.44921875,1050.0132,8588.865234375,68.70230000000001,131,41,37,0,0
CFA (value-based),69,29275.357421875,19485.412109375,997.5083,8792.4375,70.6897,116,34,35,0,0
CFA (value-based),7,32654.62109375,21459.7265625,1145.5031,10049.3994140625,73.7931,145,38,39,0,0
CFA (value-based),70,31382.943359375,21424.45703125,1150.7787,8807.712890625,66.6667,153,51,39,0,0
CFA (value-based),71,33043.40234375,21158.15625,1143.9789,10741.265625,65.71430000000001,140,48,38,0,0
CFA (value-based),72,23457.107421875,18524.486328125,1001.3288,3931.2939453125,75.51020000000001,98,24,34,0,0
CFA (value-based),73,38527.25390625,22562.380859375,1218.2576,14746.611328125,71.0843,166,48,41,0,0
CFA (value-based),74,37489.5078125,21324.35546875,1159.3354,15005.8193359375,60.992900000000006,141,55,39,0,0
CFA (value-based),75,29590.45703125,21084.189453125,1064.441,7441.822265625,68.88889999999999,135,42,38,0,0
CFA (value-based),76,35399.1171875,21546.2421875,1104.4457,12748.4296875,67.5325,154,50,39,0,0
CFA (value-based),77,27555.919921875,20624.138671875,1113.8389,5817.94189453125,68.3824,136,43,37,0,0
CFA (value-based),78,43884.80859375,21921.873046875,1278.1157,20684.8203125,55.4839,155,69,40,0,0
CFA (value-based),79,41812.51171875,23217.4140625,1227.6017,17367.486328125,64.2458,179,64,42,0,0
CFA (value-based),8,28202.3515625,20449.173828125,1040.2856,6712.890625,68.4211,133,42,37,0,0
CFA (value-based),80,36158.61328125,21770.388671875,1140.3013,13247.919921875,66.4516,155,52,39,0,0
CFA (value-based),81,37166.19921875,22231.185546875,1170.7676,13764.2412109375,63.9053,169,61,40,0,0
CFA (value-based),82,53589.3203125,24246.18359375,1317.2505,28025.8984375,56.701,194,84,44,0,0
CFA (value-based),83,31243.208984375,21654.97265625,1109.9353,8478.302734375,72.4138,145,40,39,0,0
CFA (value-based),84,35232.55078125,21631.181640625,1269.0661,12332.30859375,65.0685,146,51,39,0,0
CFA (value-based),85,32369.748046875,21356.859375,1125.4324,9887.45703125,66.2162,148,50,39,0,0
CFA (value-based),86,28347.990234375,21095.47265625,1138.8386,6113.67919921875,73.0496,141,38,38,0,0
CFA (value-based),87,29013.71484375,21183.46484375,1157.8455,6672.40673828125,68.3824,136,43,38,0,0
CFA (value-based),88,46041.5234375,23371.318359375,1258.7282,21411.484375,57.29729999999999,185,79,42,0,0
CFA (value-based),89,33471.08984375,22133.349609375,1190.337,10147.40625,61.96319999999999,163,62,40,0,0
CFA (value-based),9,26189.74609375,19415.810546875,1080.5427,5693.3935546875,73.4513,113,30,35,0,0
CFA (value-based),90,27939.693359375,20046.759765625,1069.4724,6823.46337890625,66.9355,124,41,36,0,0
CFA (value-based),91,41773.70703125,22856.845703125,1370.8739,17545.98046875,59.6491,171,69,41,0,0
CFA (value-based),92,32528.134765625,21967.94921875,1176.6712,9383.5166015625,71.4286,161,46,40,0,0
CFA (value-based),93,37221.7578125,23089.171875,1341.7951,12790.7841796875,65.8683,167,57,42,0,0
CFA (value-based),94,38301.703125,21593.77734375,1149.0816,15558.8388671875,70.1987,151,45,39,0,0
CFA (value-based),95,30277.34375,20469.34765625,1035.4944,8772.5,70.1493,134,40,37,0,0
CFA (value-based),96,29929.865234375,20981.81640625,1182.0528,7765.99609375,64.7059,136,48,38,0,0
CFA (value-based),97,33080.0859375,21933.76953125,1244.5443,9901.7705078125,67.9487,156,50,40,0,0
CFA (value-based),98,29241.755859375,20764.28125,1100.156,7377.31982421875,76.64229999999999,137,32,38,0,0
CFA (value-based),99,30434.90234375,19971.310546875,1068.3659,9395.2265625,71.7742,124,35,36,0,0
DB (value-based),1,33851.61328125,22207.8671875,1191.7613,10451.984375,69.0789,152,47,40,0,0
DB (value-based),10,37210.42578125,22014.40625,1176.5341,14019.48828125,69.6774,155,47,40,0,0
DB (value-based),100,32098.060546875,20030.056640625,1045.5097,11022.498046875,65.3543,127,44,36,0,0
DB (value-based),101,35484.0625,22293.69140625,1218.7923,11971.57421875,65.0307,163,57,40,0,0
DB (value-based),102,32960.78125,22251.64453125,1215.3617,9493.771484375,69.375,160,49,40,0,0
DB (value-based),103,29405.5234375,20080.462890625,1057.0297,8268.03125,68.5039,127,40,36,0,0
DB (value-based),104,34276.19921875,21570.15625,1164.2052,11541.8388671875,70.7483,147,43,39,0,0
DB (value-based),105,32146.310546875,21758.2578125,1205.6309,9182.4228515625,66.8831,154,51,39,0,0
DB (value-based),106,32171.923828125,21591.130859375,1109.5681,9471.2255859375,73.2484,157,42,39,0,0
DB (value-based),107,38932.68359375,22729.98828125,1237.1393,14965.556640625,67.2515,171,56,41,0,0
DB (value-based),108,32377.90625,20832.412109375,1113.5223,10431.9765625,62.043800000000005,137,52,38,0,0
DB (value-based),109,30242.013671875,21604.73828125,1136.5367,7500.74072265625,77.6316,152,34,39,0,0
DB (value-based),11,35087.11328125,22251.55078125,1187.2939,11648.2724609375,63.354,161,59,40,0,0
DB (value-based),110,30739.076171875,20381.302734375,1101.4559,9256.31640625,63.4328,134,49,37,0,0
DB (value-based),111,36795.0,22644.19140625,1213.1038,12937.70703125,65.88239999999999,170,58,41,0,0
DB (value-based),112,30451.85546875,20435.958984375,1049.8642,8966.0302734375,69.2913,127,39,37,0,0
DB (value-based),113,30485.615234375,21459.408203125,1159.267,7866.9375,68.4564,149,47,39,0,0
DB (value-based),114,33251.7421875,21260.47265625,1103.1416,10888.1279296875,68.91890000000001,148,46,38,0,0
DB (value-based),115,33380.30859375,21426.04296875,1183.1141,10771.1533203125,68.4211,152,48,39,0,0
DB (value-based),116,33613.12890625,21134.986328125,1220.1538,11257.984375,66.4234,137,46,38,0,0
DB (value-based),117,32633.96875,21159.87109375,1140.1348,10333.955078125,67.3469,147,48,38,0,0
DB (value-based),118,29206.666015625,20971.259765625,1100.6908,7134.7158203125,70.922,141,41,38,0,0
DB (value-based),119,30818.8515625,21047.138671875,1187.6087,8584.1083984375,71.11110000000001,135,39,38,0,0
DB (value-based),12,30172.5,21624.306640625,1140.0043,7408.18896484375,72.1854,151,42,39,0,0
DB (value-based),120,36096.01953125,22022.537109375,1162.0788,12911.40625,64.81479999999999,162,57,40,0,0
DB (value-based),121,31662.029296875,21484.1796875,1131.2503,9046.60546875,66.1972,142,48,39,0,0
DB (value-based),122,26685.5234375,19803.494140625,1078.2676,5803.76171875,72.4138,116,32,36,0,0
DB (value-based),123,26585.80859375,19875.48046875,1042.8652,5667.458984375,67.5,120,39,36,0,0
DB (value-based),124,33955.15234375,21659.345703125,1225.1208,11070.68359375,60.0,150,60,39,0,0
DB (value-based),125,30665.2265625,21514.947265625,1108.1961,8042.0830078125,70.5479,146,43,39,0,0
DB (value-based),126,32710.431640625,20489.388671875,1098.6054,11122.4462890625,68.18180000000001,132,42,37,0,0
DB (value-based),127,33670.69921875,22089.888671875,1189.8124,10391.0009765625,71.7949,156,44,40,0,0
DB (value-based),128,32559.5625,21975.69921875,1251.3691,9332.4912109375,76.1006,159,38,40,0,0
DB (value-based),129,36126.34765625,22576.1171875,1185.8167,12364.4111328125,70.0,170,51,41,0,0
DB (value-based),13,35743.8515625,21546.21484375,1066.5334,13131.1103515625,63.6364,154,56,39,0,0
DB (value-based),130,34371.80078125,22600.154296875,1223.8574,10547.787109375,71.5976,169,48,41,0,0
DB (value-based),131,42906.4921875,22754.86328125,1226.883,18924.748046875,61.4943,174,67,41,0,0
DB (value-based),132,28843.50390625,20791.283203125,1063.1262,6989.09375,75.8865,141,34,38,0,0
DB (value-based),133,28931.033203125,20977.291015625,1102.8387,6850.9013671875,70.2128,141,42,38,0,0
DB (value-based),134,31032.20703125,20861.537109375,1054.0941,9116.5791015625,70.8333,144,42,38,0,0
DB (value-based),135,36184.28125,20965.68359375,1099.7554,14118.8427734375,64.02879999999999,139,50,38,0,0
DB (value-based),136,45758.46484375,22879.240234375,1288.0466,21591.1875,60.241,166,66,41,0,0
DB (value-based),137,29979.693359375,21183.66796875,1192.6475,7603.3798828125,71.6216,148,42,38,0,0
DB (value-based),138,26906.88671875,19238.0625,964.9924,6703.82763671875,72.8814,118,32,35,0,0
DB (value-based),139,30550.056640625,21523.87890625,1228.9727,7797.20068359375,65.035,143,50,39,0,0
DB (value-based),14,30208.466796875,21173.341796875,1094.5172,7940.6103515625,73.38130000000001,139,37,38,0,0
DB (value-based),140,29549.453125,20045.033203125,1050.2171,8454.2060546875,66.3866,119,40,36,0,0
DB (value-based),141,41407.6953125,23052.154296875,1297.7897,17057.74609375,65.7303,178,61,42,0,0
DB (value-based),142,28788.01953125,20395.630859375,1114.5578,7277.83349609375,75.0,128,32,37,0,0
DB (value-based),143,34730.44140625,21371.580078125,1184.7435,12174.1171875,66.9014,142,47,39,0,0
DB (value-based),144,30452.306640625,21318.80859375,1088.4124,8045.09375,75.0,144,36,39,0,0
DB (value-based),145,41742.25,22074.501953125,1109.4728,18558.27734375,58.0838,167,70,40,0,0
DB (value-based),146,34416.0625,21476.56640625,1145.8165,11793.67578125,66.2252,151,51,39,0,0
DB (value-based),147,25789.701171875,19255.6328125,1027.286,5506.78662109375,74.0741,108,28,35,0,0
DB (value-based),148,31636.525390625,20659.900390625,1020.4428,9956.1904296875,62.5,136,51,37,0,0
DB (value-based),149,39228.4453125,22438.166015625,1216.1814,15574.103515625,63.8037,163,59,41,0,0
DB (value-based),15,31484.19140625,20759.47265625,1107.1222,9617.595703125,71.7557,131,37,38,0,0
DB (value-based),150,30238.73046875,21741.94921875,1172.8358,7323.94140625,66.6667,150,50,39,0,0
DB (value-based),151,31115.83984375,21175.0234375,1133.4271,8807.3876953125,68.0851,141,45,38,0,0
DB (value-based),152,32751.90625,22163.078125,1265.6543,9323.171875,68.1529,157,50,40,0,0
DB (value-based),153,27699.474609375,19810.974609375,1083.2055,6805.29296875,75.2,125,31,36,0,0
DB (value-based),154,29166.515625,20901.306640625,1169.9354,7095.2666015625,67.4242,132,43,38,0,0
DB (value-based),155,33718.046875,21165.5703125,1081.9994,11470.470703125,67.6056,142,46,38,0,0
DB (value-based),156,39243.6875,24266.51171875,1294.2547,13682.9248046875,66.3317,199,67,44,0,0
DB (value-based),157,30457.6953125,19501.46484375,1031.1471,9925.0791015625,67.2566,113,37,35,0,0
DB (value-based),158,34449.72265625,21003.900390625,1143.0224,12302.8046875,61.9718,142,54,38,0,0
DB (value-based),159,35087.1796875,21446.400390625,1214.4494,12426.3251953125,71.2329,146,42,39,0,0
DB (value-based),16,32771.03125,21001.568359375,1095.1128,10674.35546875,70.27029999999999,148,44,38,0,0
DB (value-based),160,27867.267578125,19784.48046875,1129.2553,6953.5302734375,71.31150000000001,122,35,36,0,0
DB (value-based),161,28950.326171875,20420.767578125,1051.2698,7478.28857421875,66.6667,129,43,37,0,0
DB (value-based),162,28898.31640625,20110.486328125,1039.2202,7748.61181640625,73.9837,123,32,36,0,0
DB (value-based),163,28780.79296875,20508.359375,1077.5321,7194.9013671875,71.11110000000001,135,39,37,0,0
DB (value-based),164,34635.38671875,22216.29296875,1160.5275,11258.56640625,70.3704,162,48,40,0,0
DB (value-based),165,43695.21875,24201.908203125,1269.9161,18223.388671875,67.1717,198,65,44,0,0
DB (value-based),166,37442.27734375,22806.560546875,1283.7024,13352.017578125,65.11630000000001,172,60,41,0,0
DB (value-based),167,40635.97265625,22598.42578125,1249.2072,16788.33984375,61.290299999999995,155,60,41,0,0
DB (value-based),168,29592.81640625,19847.07421875,1050.8808,8694.861328125,70.0,120,36,36,0,0
DB (value-based),169,34099.359375,22639.67578125,1230.6734,10229.01171875,63.0303,165,61,41,0,0
DB (value-based),17,31377.71484375,21739.3828125,1191.9926,8446.3359375,67.1053,152,50,39,0,0
DB (value-based),170,30215.916015625,21146.169921875,1090.9391,7978.8095703125,67.7852,149,48,38,0,0
DB (value-based),171,35493.546875,21790.3125,1097.6989,12605.5380859375,70.1863,161,48,39,0,0
DB (value-based),172,27190.39453125,20070.5234375,1053.7769,6066.09521484375,75.3968,126,31,36,0,0
DB (value-based),173,29323.19921875,21026.673828125,1197.0713,7099.4560546875,72.59259999999999,135,37,38,0,0
DB (value-based),174,30384.888671875,20936.6875,1068.6801,8379.5185546875,74.6377,138,35,38,0,0
DB (value-based),175,33906.50390625,21610.396484375,1221.4998,11074.6123046875,66.6667,153,51,39,0,0
DB (value-based),176,33001.83203125,21923.9609375,1120.0308,9957.8408203125,67.5325,154,50,40,0,0
DB (value-based),177,32438.220703125,21532.470703125,1179.216,9726.5302734375,69.5946,148,45,39,0,0
DB (value-based),178,36563.37109375,22606.91796875,1241.9615,12714.478515625,67.2619,168,55,41,0,0
DB (value-based),179,40101.76953125,22209.82421875,1231.5178,16660.435546875,64.0523,153,55,40,0,0
DB (value-based),18,34108.484375,21490.60546875,1142.6647,11475.2109375,65.9864,147,50,39,0,0
DB (value-based),180,36049.81640625,21742.064453125,1148.6355,13159.115234375,67.9487,156,50,39,0,0
DB (value-based),181,39845.48828125,22298.4375,1206.6239,16340.4267578125,60.479000000000006,167,66,40,0,0
DB (value-based),182,32314.7734375,21653.064453125,1211.8107,9449.8994140625,70.9677,155,45,39,0,0
DB (value-based),183,35035.12890625,21698.8515625,1123.2308,12213.052734375,66.6667,156,52,39,0,0
DB (value-based),184,34661.28515625,20837.265625,1106.9264,12717.0888671875,58.9928,139,57,38,0,0
DB (value-based),185,36599.41796875,22335.599609375,1191.141,13072.6845703125,60.248400000000004,161,64,40,0,0
DB (value-based),186,36782.0234375,22204.0390625,1206.442,13371.5380859375,65.8228,158,54,40,0,0
DB (value-based),187,36640.88671875,21238.224609375,1250.44,14152.2255859375,63.3803,142,52,38,0,0
DB (value-based),188,28931.41796875,20389.888671875,1150.4446,7391.0849609375,67.9688,128,41,37,0,0
DB (value-based),189,32641.5625,21016.56640625,1114.1357,10510.865234375,72.3404,141,39,38,0,0
DB (value-based),19,40168.73828125,21639.220703125,1155.4998,17374.015625,60.0,155,62,39,0,0
DB (value-based),190,29609.20703125,20973.837890625,1121.361,7514.01025390625,70.922,141,41,38,0,0
DB (value-based),191,33920.171875,21170.6640625,1120.4728,11629.029296875,65.493,142,49,38,0,0
DB (value-based),192,33226.0078125,22159.455078125,1156.2781,9910.2763671875,72.2222,162,45,40,0,0
DB (value-based),193,31041.056640625,20335.044921875,1066.842,9639.1640625,67.66919999999999,133,43,37,0,0
DB (value-based),194,32360.97265625,20931.419921875,1089.1495,10340.400390625,69.7183,142,43,38,0,0
DB (value-based),195,28578.07421875,20405.671875,1113.479,7058.92724609375,73.6434,129,34,37,0,0
DB (value-based),196,35463.36328125,22256.142578125,1249.1933,11958.0283203125,70.7317,164,48,40,0,0
DB (value-based),197,37058.8671875,22038.73046875,1154.6758,13865.453125,73.125,160,43,40,0,0
DB (value-based),198,32403.57421875,21102.271484375,1123.791,10177.513671875,66.443,149,50,38,0,0
DB (value-based),199,40127.9765625,24200.46875,1391.4903,14536.0146484375,67.1717,198,65,44,0,0
DB (value-based),2,33968.66796875,22281.646484375,1266.838,10420.171875,70.8075,161,47,40,0,0
DB (value-based),20,32074.376953125,20763.01953125,1172.3631,10138.9921875,66.4234,137,46,38,0,0
DB (value-based),200,33868.46484375,21680.091796875,1127.5083,11060.8623046875,62.6761,142,53,39,0,0
DB (value-based),201,33533.15625,21418.134765625,1161.7296,10953.2919921875,69.863,146,44,39,0,0
DB (value-based),202,33763.453125,20647.501953125,1121.5982,11994.3525390625,70.229,131,39,37,0,0
DB (value-based),203,33727.72265625,21155.7890625,1125.5376,11446.3974609375,65.95739999999999,141,48,38,0,0
DB (value-based),204,39302.37890625,21816.83984375,1123.2184,16362.3330078125,57.9618,157,66,39,0,0
DB (value-based),205,32294.07421875,21480.62109375,1238.659,9574.79296875,61.643800000000006,146,56,39,0,0
DB (value-based),206,35849.859375,23243.7734375,1253.5773,11352.513671875,66.2791,172,58,42,0,0
DB (value-based),207,30843.087890625,20398.125,1065.4958,9379.46875,70.0,130,39,37,0,0
DB (value-based),208,39537.3125,22379.884765625,1211.3974,15946.0322265625,64.6341,164,58,40,0,0
DB (value-based),209,38660.30859375,21974.373046875,1235.1725,15450.76171875,58.3333,156,65,40,0,0
DB (value-based),21,32913.7578125,21208.193359375,1171.9661,10533.6015625,65.7718,149,51,38,0,0
DB (value-based),210,30590.06640625,20368.138671875,1112.9573,9108.96875,72.3881,134,37,37,0,0
DB (value-based),211,33664.31640625,20447.8828125,1133.6165,12082.818359375,67.1875,128,42,37,0,0
DB (value-based),212,33248.72265625,22135.216796875,1231.4896,9882.0166015625,72.327,159,44,40,0,0
DB (value-based),213,28723.57421875,21138.0703125,1105.2922,6480.2158203125,64.7887,142,50,38,0,0
DB (value-based),214,37114.12109375,22911.521484375,1226.045,12976.5546875,71.6763,173,49,41,0,0
DB (value-based),215,29992.6953125,20565.33203125,1116.6077,8310.7568359375,74.8148,135,34,37,0,0
DB (value-based),216,33969.6171875,22292.232421875,1243.4467,10433.9423828125,70.8075,161,47,40,0,0
DB (value-based),217,35949.625,21364.33984375,1162.2026,13423.0849609375,64.3836,146,52,39,0,0
DB (value-based),218,31587.181640625,21409.30859375,1206.1509,8971.720703125,66.8919,148,49,39,0,0
DB (value-based),219,32106.076171875,21713.7109375,1125.8946,9266.4765625,73.6842,152,40,39,0,0
DB (value-based),22,34739.5703125,21986.212890625,1164.3768,11588.974609375,66.2651,166,56,40,0,0
DB (value-based),220,30037.509765625,21058.986328125,1147.2636,7831.26220703125,78.7234,141,30,38,0,0
DB (value-based),221,34334.3671875,22570.2109375,1242.7075,10521.4560546875,62.658199999999994,158,59,41,0,0
DB (value-based),222,31126.220703125,21419.37109375,1135.3989,8571.455078125,70.4698,149,44,39,0,0
DB (value-based),223,33673.25,22041.048828125,1278.3259,10353.8701171875,62.987,154,57,40,0,0
DB (value-based),224,37357.55859375,22494.365234375,1234.839,13628.3603515625,60.119,168,67,41,0,0
DB (value-based),225,48741.83203125,22273.4375,1289.3323,25179.0625,55.7576,165,73,40,0,0
DB (value-based),226,29609.89453125,21834.6953125,1174.3314,6600.8681640625,74.0,150,39,39,0,0
DB (value-based),227,39818.9296875,23146.724609375,1353.8196,15318.388671875,67.05879999999999,170,56,42,0,0
DB (value-based),228,33218.84375,21754.466796875,1181.7295,10282.646484375,66.4516,155,52,39,0,0
DB (value-based),229,28464.78125,19883.513671875,1058.4554,7522.81201171875,66.3866,119,40,36,0,0
DB (value-based),23,36761.68359375,21555.802734375,1174.0068,14031.869140625,70.7792,154,45,39,0,0
DB (value-based),230,41418.77734375,22485.392578125,1237.1172,17696.26953125,67.8788,165,53,41,0,0
DB (value-based),231,37082.234375,22668.236328125,1227.4023,13186.6005859375,66.6667,177,59,41,0,0
DB (value-based),232,40843.578125,23167.615234375,1375.2007,16300.7666015625,67.9775,178,57,42,0,0
DB (value-based),233,32350.48046875,21159.771484375,1129.7088,10061.00390625,68.2432,148,47,38,0,0
DB (value-based),234,45942.91015625,22269.5078125,1247.3225,22426.08203125,59.1195,159,65,40,0,0
DB (value-based),235,37838.38671875,21781.041015625,1230.2251,14827.1201171875,60.7595,158,62,39,0,0
DB (value-based),236,36324.50390625,21754.29296875,1067.1526,13503.0498046875,62.02530000000001,158,60,39,0,0
DB (value-based),237,31323.814453125,21360.11328125,1168.3254,8795.3759765625,68.9655,145,45,39,0,0
DB (value-based),238,36384.8125,20980.373046875,1130.2772,14274.158203125,65.94200000000001,138,47,38,0,0
DB (value-based),239,28839.0390625,21145.015625,1185.8647,6508.162109375,68.79429999999999,141,44,38,0,0
DB (value-based),24,31744.33984375,22160.732421875,1188.2225,8395.3857421875,70.1863,161,48,40,0,0
DB (value-based),240,27241.0625,20052.02734375,1021.6583,6167.37451171875,70.2479,121,36,36,0,0
DB (value-based),241,30391.712890625,21180.8125,1068.1805,8142.7177734375,75.6757,148,36,38,0,0
DB (value-based),242,33636.4609375,21590.30078125,1162.4649,10883.689453125,67.2956,159,52,39,0,0
DB (value-based),243,49997.5625,25086.82421875,1373.1519,23537.583984375,62.4413,213,80,45,0,0
DB (value-based),244,42841.44921875,24027.947265625,1346.8989,17466.603515625,64.0625,192,69,43,0,0
DB (value-based),245,28998.490234375,20327.4296875,1094.0604,7577.00146484375,65.625,128,44,37,0,0
DB (value-based),246,31985.318359375,21672.53125,1146.1321,9166.66015625,70.5128,156,46,39,0,0
DB (value-based),247,32519.25390625,20963.048828125,1112.8426,10443.3623046875,68.57140000000001,140,44,38,0,0
DB (value-based),248,39676.9140625,22784.998046875,1215.6991,15676.21875,63.7931,174,63,41,0,0
DB (value-based),249,36924.54296875,22196.2734375,1253.6612,13474.61328125,66.242,157,53,40,0,0
DB (value-based),25,36445.30078125,23500.640625,1305.5644,11639.099609375,71.03829999999999,183,53,42,0,0
DB (value-based),250,35795.890625,21649.587890625,1117.9006,13028.408203125,70.0637,157,47,39,0,0
DB (value-based),251,30971.552734375,20544.95703125,1080.0223,9346.572265625,69.9248,133,40,37,0,0
DB (value-based),252,33633.40234375,21604.28125,1206.9918,10822.1328125,72.3684,152,42,39,0,0
DB (value-based),253,31015.59765625,21098.80859375,1141.307,8775.4814453125,70.073,137,41,38,0,0
DB (value-based),254,34224.15625,22091.2890625,1276.1401,10856.7236328125,67.7215,158,51,40,0,0
DB (value-based),255,34555.50390625,21249.259765625,1093.3217,12212.921875,69.2308,156,48,38,0,0
DB (value-based),256,32715.349609375,21048.357421875,1112.9251,10554.06640625,72.5352,142,39,38,0,0
DB (value-based),257,32210.515625,21239.83984375,1087.5816,9883.0966796875,68.6667,150,47,38,0,0
DB (value-based),258,37588.859375,22324.787109375,1227.5206,14036.55078125,64.19749999999999,162,58,40,0,0
DB (value-based),259,34336.30078125,21477.533203125,1201.0602,11657.69921875,69.1781,146,45,39,0,0
DB (value-based),26,29966.146484375,20962.56640625,1051.1368,7952.44384765625,68.3099,142,45,38,0,0
DB (value-based),260,34136.90625,22063.287109375,1103.3513,10970.2685546875,69.2771,166,51,40,0,0
DB (value-based),261,36069.98828125,22307.328125,1168.5006,12594.16015625,66.4671,167,56,40,0,0
DB (value-based),262,32483.587890625,21351.80078125,1050.4787,10081.3134765625,70.32260000000001,155,46,39,0,0
DB (value-based),263,36679.359375,22143.419921875,1266.2908,13269.646484375,69.8113,159,48,40,0,0
DB (value-based),264,36705.2578125,21674.3203125,1218.842,13812.095703125,64.1892,148,53,39,0,0
DB (value-based),265,32515.46484375,20922.599609375,1180.2184,10412.6455078125,68.3453,139,44,38,0,0
DB (value-based),266,32042.4609375,19705.7890625,1101.7878,11234.8857421875,67.7419,124,40,36,0,0
DB (value-based),267,40365.2265625,23305.361328125,1307.1138,15752.75,60.5714,175,69,42,0,0
DB (value-based),268,35775.09765625,22684.15625,1188.1261,11902.8251953125,70.85709999999999,175,51,41,0,0
DB (value-based),269,32290.44140625,22074.453125,1202.4552,9013.5302734375,75.6098,164,40,40,0,0
DB (value-based),27,32393.203125,21152.341796875,1118.7616,10122.10546875,71.1268,142,41,38,0,0
DB (value-based),270,31191.3828125,21617.150390625,1139.4032,8434.82421875,75.641,156,38,39,0,0
DB (value-based),271,38174.00390625,23768.708984375,1364.2301,13041.0634765625,64.5161,186,66,43,0,0
DB (value-based),272,30282.455078125,20439.67578125,1112.5777,8730.19921875,68.75,128,40,37,0,0
DB (value-based),273,32946.26171875,21318.80859375,1140.3118,10487.1435546875,74.1497,147,38,39,0,0
DB (value-based),274,30990.076171875,19772.38671875,1044.6015,10173.0888671875,65.5738,122,42,36,0,0
DB (value-based),275,36924.453125,21784.5390625,1170.858,13969.0595703125,71.4286,154,44,39,0,0
DB (value-based),276,41590.2890625,22432.77734375,1220.051,17937.46875,66.4634,164,55,41,0,0
DB (value-based),277,33380.89453125,21772.58203125,1231.919,10376.3916015625,67.9739,153,49,39,0,0
DB (value-based),278,35285.71484375,21397.78515625,1112.455,12775.4677734375,67.58619999999999,145,47,39,0,0
DB (value-based),279,34051.50390625,22853.765625,1292.8549,9904.87890625,68.0723,166,53,41,0,0
DB (value-based),28,35884.4375,24207.794921875,1326.3218,10350.3232421875,70.85430000000001,199,58,44,0,0
DB (value-based),280,37010.91796875,21588.787109375,1184.2654,14237.8642578125,66.01310000000001,153,52,39,0,0
DB (value-based),281,32753.755859375,20945.369140625,1136.302,10672.0849609375,68.6131,137,43,38,0,0
DB (value-based),282,30772.7734375,21100.70703125,1166.7283,8505.34375,68.57140000000001,140,44,38,0,0
DB (value-based),283,33043.1484375,21572.6015625,1200.4399,10270.1064453125,71.831,142,40,39,0,0
DB (value-based),284,36861.31640625,21801.9765625,1209.1453,13850.193359375,73.8255,149,39,39,0,0
DB (value-based),285,28982.66796875,20366.076171875,1044.4214,7572.17138671875,75.5556,135,33,37,0,0
DB (value-based),286,29920.00390625,20069.771484375,1054.5122,8795.71875,66.1417,127,43,36,0,0
DB (value-based),287,29828.3671875,21075.888671875,1152.5627,7599.91259765625,69.5652,138,42,38,0,0
DB (value-based),288,37992.578125,23443.365234375,1327.4299,13221.7939453125,63.9535,172,62,42,0,0
DB (value-based),289,32903.83984375,21404.888671875,1145.0541,10353.8974609375,71.2329,146,42,39,0,0
DB (value-based),29,32127.447265625,21224.69140625,1145.3741,9757.380859375,70.922,141,41,38,0,0
DB (value-based),290,30666.083984375,21377.3203125,1092.3193,8196.4443359375,68.91890000000001,148,46,39,0,0
DB (value-based),291,33827.77734375,22687.341796875,1203.6201,9936.8115234375,68.4524,168,53,41,0,0
DB (value-based),292,29493.443359375,20905.2265625,1130.5945,7457.623046875,70.7143,140,41,38,0,0
DB (value-based),293,29114.154296875,20197.38671875,1081.055,7835.70654296875,69.4915,118,36,37,0,0
DB (value-based),294,47254.58984375,22800.35546875,1291.4398,23162.787109375,58.046,174,73,41,0,0
DB (value-based),295,26094.421875,19348.998046875,1046.5125,5698.9111328125,67.5676,111,36,35,0,0
DB (value-based),296,41547.8046875,22320.4296875,1231.8194,17995.548828125,62.6506,166,62,40,0,0
DB (value-based),297,30684.560546875,21483.88671875,1217.7665,7982.90380859375,70.8333,144,42,39,0,0
DB (value-based),298,28358.3046875,19846.28515625,1059.2081,7452.81201171875,73.1092,119,32,36,0,0
DB (value-based),299,35869.7265625,22269.40625,1224.1828,12376.12890625,70.0,160,48,40,0,0
DB (value-based),3,35805.63671875,21978.89453125,1139.5668,12687.1826171875,67.0732,164,54,40,0,0
DB (value-based),30,31193.5625,20198.166015625,1052.8465,9942.5439453125,66.4,125,42,37,0,0
DB (value-based),300,36982.09375,21947.13671875,1174.1424,13860.8125,67.4847,163,53,40,0,0
DB (value-based),301,31755.1015625,21553.046875,1244.7608,8957.29296875,64.3836,146,52,39,0,0
DB (value-based),302,36622.24609375,22063.732421875,1152.1686,13406.34765625,72.56099999999999,164,45,40,0,0
DB (value-based),303,34579.2734375,22803.80859375,1160.8958,10614.5703125,72.3164,177,49,41,0,0
DB (value-based),304,31825.177734375,22128.966796875,1131.3829,8564.822265625,70.8075,161,47,40,0,0
DB (value-based),305,40334.01171875,23266.671875,1285.1743,15782.1650390625,62.2857,175,66,42,0,0
DB (value-based),306,35504.98046875,22088.2578125,1226.7364,12189.984375,67.08070000000001,161,53,40,0,0
DB (value-based),307,46966.921875,22882.228515625,1247.1604,22837.5390625,52.352900000000005,170,81,41,0,0
DB (value-based),308,29747.76953125,20097.072265625,1086.9671,8563.7314453125,65.5738,122,42,36,0,0
DB (value-based),309,26696.52734375,19537.8984375,1000.7424,6157.88916015625,72.9508,122,33,35,0,0
DB (value-based),31,28173.943359375,21063.162109375,1071.4938,6039.28662109375,75.8621,145,35,38,0,0
DB (value-based),310,37914.1484375,22894.63671875,1256.716,13762.798828125,68.6047,172,54,41,0,0
DB (value-based),311,32299.1875,21717.375,1239.281,9342.5341796875,69.5946,148,45,39,0,0
DB (value-based),312,32740.294921875,22259.76953125,1195.8574,9284.671875,71.0059,169,49,40,0,0
DB (value-based),313,28978.1953125,20322.564453125,1117.768,7537.86328125,72.4409,127,35,37,0,0
DB (value-based),314,37710.54296875,21465.345703125,1143.6732,15101.5234375,59.4595,148,60,39,0,0
DB (value-based),315,34487.8515625,21042.529296875,1113.8408,12331.4833984375,64.9254,134,47,38,0,0
DB (value-based),316,32748.216796875,21492.40625,1170.9224,10084.88671875,68.83120000000001,154,48,39,0,0
DB (value-based),317,33160.05078125,21638.837890625,1182.6579,10338.5556640625,65.1613,155,54,39,0,0
DB (value-based),318,30665.158203125,21164.412109375,1151.1215,8349.6240234375,71.831,142,40,38,0,0
DB (value-based),319,29077.61328125,20022.576171875,1066.7729,7988.259765625,72.5,120,33,36,0,0
DB (value-based),32,40006.359375,22220.71484375,1217.7542,16567.892578125,61.6352,159,61,40,0,0
DB (value-based),320,32635.189453125,21201.513671875,1099.4048,10334.271484375,69.9301,143,43,38,0,0
DB (value-based),321,30823.712890625,20801.669921875,1051.8904,8970.15234375,72.3881,134,37,38,0,0
DB (value-based),322,31305.5625,20946.783203125,1102.7288,9256.0517578125,71.7391,138,39,38,0,0
DB (value-based),323,29177.4296875,21170.23828125,1110.0978,6897.09375,69.5035,141,43,38,0,0
DB (value-based),324,34646.28125,21464.392578125,1149.5553,12032.328125,66.2252,151,51,39,0,0
DB (value-based),325,32389.126953125,21783.298828125,1170.311,9435.5146484375,71.6216,148,42,39,0,0
DB (value-based),326,35799.3828125,22665.6875,1317.7825,11815.916015625,67.6829,164,53,41,0,0
DB (value-based),327,29991.439453125,20908.4140625,1136.5277,7946.4921875,65.94200000000001,138,47,38,0,0
DB (value-based),328,28150.169921875,19975.224609375,1067.5758,7107.37255859375,66.3793,116,39,36,0,0
DB (value-based),329,34928.13671875,22049.453125,1252.8956,11625.791015625,63.1579,152,56,40,0,0
DB (value-based),33,34983.84375,22486.40625,1150.1017,11347.3359375,64.881,168,59,41,0,0
DB (value-based),330,32972.91796875,22843.548828125,1262.4134,8866.95703125,72.619,168,46,41,0,0
DB (value-based),331,35504.8125,21638.6640625,1217.6191,12648.5302734375,66.2252,151,51,39,0,0
DB (value-based),332,31557.7734375,21224.77734375,1158.7197,9174.27734375,71.5278,144,41,38,0,0
DB (value-based),333,39442.34765625,23000.857421875,1311.0064,15130.4814453125,68.82350000000001,170,53,42,0,0
DB (value-based),334,31222.05078125,20588.015625,1008.9233,9625.1123046875,64.7482,139,49,37,0,0
DB (value-based),335,30178.99609375,21364.779296875,1111.9179,7702.29345703125,77.1242,153,35,39,0,0
DB (value-based),336,31453.658203125,21210.73046875,1152.9144,9090.0146484375,71.5278,144,41,38,0,0
DB (value-based),337,35416.4921875,21444.099609375,1148.7449,12823.6435546875,72.0,150,42,39,0,0
DB (value-based),338,34154.3359375,22293.5390625,1189.7911,10671.009765625,70.90910000000001,165,48,40,0,0
DB (value-based),339,28454.861328125,19910.58203125,1037.2132,7507.0712890625,70.4348,115,34,36,0,0
DB (value-based),34,37135.125,22268.029296875,1147.8427,13719.2509765625,69.0058,171,53,40,0,0
DB (value-based),340,34695.46484375,20634.474609375,1156.9205,12904.0693359375,73.28240000000001,131,35,37,0,0
DB (value-based),341,28602.73828125,20131.4296875,1121.9564,7349.3544921875,71.7742,124,35,36,0,0
DB (value-based),342,33926.5078125,21689.1171875,1228.2758,11009.119140625,68.0,150,48,39,0,0
DB (value-based),343,31058.943359375,20078.578125,1015.7171,9964.6474609375,73.5537,121,32,36,0,0
DB (value-based),344,38094.55078125,23414.8515625,1246.6691,13433.0322265625,67.027,185,61,42,0,0
DB (value-based),345,34639.81640625,21500.978515625,1203.0753,11935.7607421875,64.6259,147,52,39,0,0
DB (value-based),346,32898.36328125,22122.646484375,1195.247,9580.470703125,68.7117,163,51,40,0,0
DB (value-based),347,31748.015625,21492.6171875,1252.8993,9002.50390625,71.5278,144,41,39,0,0
DB (value-based),348,35934.9375,22634.380859375,1226.5498,12074.013671875,69.2308,169,52,41,0,0
DB (value-based),349,36294.5546875,22858.33984375,1253.6881,12182.5263671875,72.5146,171,47,41,0,0
DB (value-based),35,31339.2265625,20680.84375,1067.9645,9590.412109375,67.6259,139,45,37,0,0
DB (value-based),350,29729.880859375,20406.470703125,1139.8552,8183.55419921875,73.6434,129,34,37,0,0
DB (value-based),351,32501.181640625,22098.880859375,1241.9015,9160.3955078125,67.9487,156,50,40,0,0
DB (value-based),352,31269.248046875,20800.484375,1118.8687,9349.8994140625,72.1429,140,39,38,0,0
DB (value-based),353,35037.46875,21477.23828125,1105.5234,12454.7060546875,63.8158,152,55,39,0,0
DB (value-based),354,37427.71484375,22438.166015625,1199.8562,13789.701171875,67.2956,159,52,41,0,0
DB (value-based),355,32470.8359375,20945.330078125,1142.376,10383.1357421875,65.4676,139,48,38,0,0
DB (value-based),356,34144.3125,21890.4296875,1076.5576,11177.330078125,66.879,157,52,40,0,0
DB (value-based),357,32889.21484375,19872.576171875,1049.6629,11966.9765625,71.31150000000001,122,35,36,0,0
DB (value-based),358,39194.39453125,23374.236328125,1203.153,14617.0048828125,67.0213,188,62,42,0,0
DB (value-based),359,36537.96875,21922.048828125,1203.5574,13412.359375,66.242,157,53,40,0,0
DB (value-based),36,36883.01171875,22131.7421875,1249.6544,13501.6083984375,73.0539,167,45,40,0,0
DB (value-based),360,27957.677734375,20611.94921875,1075.7443,6269.9814453125,75.188,133,33,37,0,0
DB (value-based),361,31396.044921875,20639.75390625,1073.5702,9682.720703125,71.3287,143,41,37,0,0
DB (value-based),362,35585.82421875,21599.8984375,1123.5844,12862.33984375,67.7852,149,48,39,0,0
DB (value-based),363,37619.91015625,23039.8203125,1286.2972,13293.7890625,67.03909999999999,179,59,42,0,0
DB (value-based),364,45107.3203125,25412.939453125,1389.8303,18304.544921875,66.6667,216,72,46,0,0
DB (value-based),365,32226.953125,21746.654296875,1209.1667,9271.1298828125,65.5629,151,52,39,0,0
DB (value-based),366,29088.98828125,20335.677734375,1093.028,7660.279296875,67.1875,128,42,37,0,0
DB (value-based),367,38014.90625,23184.548828125,1311.4948,13518.8525390625,65.3409,176,61,42,0,0
DB (value-based),368,35143.0390625,21726.70703125,1153.8956,12262.4404296875,66.6667,156,52,39,0,0
DB (value-based),369,51108.87890625,24320.84375,1318.9592,25469.0703125,62.376200000000004,202,76,44,0,0
DB (value-based),37,26460.98046875,20477.955078125,1033.8202,4949.2060546875,79.5455,132,27,37,0,0
DB (value-based),370,38892.38671875,22363.5625,1321.9743,15206.84765625,65.5844,154,53,40,0,0
DB (value-based),371,26938.12890625,20288.97265625,1064.8991,5584.25244140625,77.6923,130,29,37,0,0
DB (value-based),372,32281.75,22183.73046875,1152.6097,8945.40625,72.2892,166,46,40,0,0
DB (value-based),373,35285.609375,21429.54296875,1061.8303,12794.23046875,64.9007,151,53,39,0,0
DB (value-based),374,26973.349609375,19880.07421875,965.0891,6128.19287109375,70.39999999999999,125,37,36,0,0
DB (value-based),375,34262.890625,22283.177734375,1222.6595,10757.0556640625,65.0888,169,59,40,0,0
DB (value-based),376,42942.2265625,22267.994140625,1199.1154,19475.10546875,64.0719,167,60,40,0,0
DB (value-based),377,28287.916015625,20071.298828125,1069.8552,7146.76171875,69.1667,120,37,36,0,0
DB (value-based),378,39071.765625,22647.892578125,1203.0196,15220.8564453125,72.1893,169,47,41,0,0
DB (value-based),379,26914.697265625,20542.169921875,1115.0422,5257.4892578125,74.6154,130,33,37,0,0
DB (value-based),38,42568.56640625,23564.193359375,1312.3728,17691.9921875,63.88890000000001,180,65,43,0,0
DB (value-based),380,39175.82421875,21171.857421875,1129.5617,16874.41015625,67.8082,146,47,38,0,0
DB (value-based),381,41302.22265625,23656.435546875,1372.3376,16273.435546875,59.375,192,78,43,0,0
DB (value-based),382,30876.67578125,19515.91015625,1004.2416,10356.5244140625,63.7931,116,42,35,0,0
DB (value-based),383,33360.8203125,21750.02734375,1231.289,10379.501953125,60.3896,154,61,39,0,0
DB (value-based),384,31252.517578125,20107.3984375,1015.403,10129.71875,69.5312,128,39,36,0,0
DB (value-based),385,33281.70703125,20764.193359375,1136.1511,11381.359375,71.63119999999999,141,40,38,0,0
DB (value-based),386,33970.69140625,21387.037109375,1106.5889,11477.0634765625,69.5946,148,45,39,0,0
DB (value-based),387,34965.08984375,21630.666015625,1224.6404,12109.78515625,69.5364,151,46,39,0,0
DB (value-based),388,35092.7265625,21601.728515625,1218.8731,12272.1220703125,71.4286,147,42,39,0,0
DB (value-based),389,29330.384765625,20557.681640625,1091.146,7681.55615234375,69.35480000000001,124,38,37,0,0
DB (value-based),39,34355.52734375,22763.826171875,1207.3094,10384.3955078125,66.0714,168,57,41,0,0
DB (value-based),390,36622.3515625,21129.8828125,1192.1756,14300.2939453125,61.3139,137,53,38,0,0
DB (value-based),391,32025.517578125,22287.35546875,1123.7604,8614.3994140625,75.1515,165,41,40,0,0
DB (value-based),392,41777.28515625,23367.21484375,1300.034,17110.04296875,66.8478,184,61,42,0,0
DB (value-based),393,32215.013671875,20884.494140625,1099.0432,10231.4736328125,65.4412,136,47,38,0,0
DB (value-based),394,32026.322265625,21274.578125,1144.3502,9607.392578125,68.27590000000001,145,46,38,0,0
DB (value-based),395,31052.3046875,21054.427734375,1141.1801,8856.697265625,71.63119999999999,141,40,38,0,0
DB (value-based),396,29785.09375,20252.224609375,1067.0853,8465.787109375,70.39999999999999,125,37,37,0,0
DB (value-based),397,34378.77734375,21754.841796875,1136.4049,11487.52734375,66.8831,154,51,39,0,0
DB (value-based),398,29977.66796875,20516.458984375,1073.0244,8388.1826171875,70.7692,130,38,37,0,0
DB (value-based),399,38684.71875,22840.669921875,1274.7376,14569.2978515625,68.02329999999999,172,55,41,0,0
DB (value-based),4,28898.13671875,20622.841796875,1144.7169,7130.576171875,67.4242,132,43,37,0,0
DB (value-based),40,31130.509765625,20845.2734375,1061.2918,9223.9453125,69.1781,146,45,38,0,0
DB (value-based),400,39858.609375,22231.763671875,1184.0948,16442.74609375,61.2121,165,64,40,0,0
DB (value-based),401,29625.587890625,19713.96484375,992.071,8919.5546875,68.9655,116,36,36,0,0
DB (value-based),402,35353.66796875,21730.25390625,1123.6666,12499.75,71.3333,150,43,39,0,0
DB (value-based),403,37260.34375,21464.96875,1163.6885,14631.6796875,66.8919,148,49,39,0,0
DB (value-based),404,35633.66015625,22053.80859375,1273.8643,12305.9833984375,59.8726,157,63,40,0,0
DB (value-based),405,32913.421875,21447.142578125,1140.0153,10326.2626953125,66.1972,142,48,39,0,0
DB (value-based),406,36079.8828125,21185.552734375,1093.4446,13800.88671875,67.3759,141,46,38,0,0
DB (value-based),407,31113.021484375,21001.568359375,1086.468,9024.982421875,73.4266,143,38,38,0,0
DB (value-based),408,29912.224609375,21134.13671875,1107.4508,7670.63427734375,73.9726,146,38,38,0,0
DB (value-based),409,28968.400390625,19833.02734375,1048.1567,8087.21337890625,72.0,125,35,36,0,0
DB (value-based),41,34460.17578125,21124.546875,1148.3996,12187.2265625,61.11109999999999,144,56,38,0,0
DB (value-based),410,34359.984375,21563.45703125,1165.4024,11631.1259765625,63.8158,152,55,39,0,0
DB (value-based),411,37367.38671875,21513.890625,1169.3586,14684.1396484375,68.18180000000001,154,49,39,0,0
DB (value-based),412,28240.13671875,19807.78125,1005.3891,7426.96484375,64.75410000000001,122,43,36,0,0
DB (value-based),413,34218.9375,22817.36328125,1235.2161,10166.35546875,68.2635,167,53,41,0,0
DB (value-based),414,32102.505859375,21219.333984375,1102.3577,9780.8134765625,75.1724,145,36,38,0,0
DB (value-based),415,32435.1875,21466.638671875,1193.5734,9774.9765625,67.3759,141,46,39,0,0
DB (value-based),416,31933.068359375,20841.412109375,1155.1887,9936.4677734375,73.28240000000001,131,35,38,0,0
DB (value-based),417,36583.94140625,22304.439453125,1184.0007,13095.501953125,70.122,164,49,40,0,0
DB (value-based),418,36348.63671875,22564.400390625,1205.9813,12578.2587890625,70.5521,163,48,41,0,0
DB (value-based),419,28557.951171875,20294.970703125,1068.554,7194.42578125,74.4186,129,33,37,0,0
DB (value-based),42,35112.703125,22548.470703125,1247.5599,11316.6748046875,67.6647,167,54,41,0,0
DB (value-based),420,30075.349609375,21113.46875,1184.1499,7777.7353515625,72.3404,141,39,38,0,0
DB (value-based),421,33951.890625,21227.806640625,1173.3421,11550.7421875,64.3357,143,51,38,0,0
DB (value-based),422,30642.40625,21711.0,1173.1186,7758.2841796875,73.50989999999999,151,40,39,0,0
DB (value-based),423,29375.439453125,19365.244140625,972.9595,9037.2353515625,63.71679999999999,113,41,35,0,0
DB (value-based),424,33494.3984375,22074.912109375,1191.3746,10228.1103515625,68.75,160,50,40,0,0
DB (value-based),425,26982.93359375,18970.373046875,952.4644,7060.08544921875,69.9115,113,34,34,0,0
DB (value-based),426,44652.625,23862.42578125,1322.9605,19467.234375,58.1152,191,80,43,0,0
DB (value-based),427,29616.90625,21127.72265625,1042.9706,7446.21337890625,79.021,143,30,38,0,0
DB (value-based),428,29921.3984375,21789.21875,1146.8626,6985.31591796875,70.8075,161,47,39,0,0
DB (value-based),429,30676.259765625,20651.662109375,1097.3722,8927.21875,63.503600000000006,137,50,37,0,0
DB (value-based),43,28578.818359375,20714.345703125,1042.1908,6822.2880859375,69.0647,139,43,37,0,0
DB (value-based),430,34283.37890625,22537.923828125,1200.3954,10545.0615234375,71.9512,164,46,41,0,0
DB (value-based),431,26791.990234375,18965.046875,1033.1377,6793.79931640625,63.725500000000004,102,37,34,0,0
DB (value-based),432,33607.34765625,22133.1875,1206.854,10267.3095703125,69.6203,158,48,40,0,0
DB (value-based),433,41651.72265625,21619.73828125,1199.8069,18832.181640625,60.6667,150,59,39,0,0
DB (value-based),434,29398.9765625,20498.564453125,1054.6788,7845.73095703125,68.88889999999999,135,42,37,0,0
DB (value-based),435,31792.19921875,20567.482421875,1059.1076,10165.6123046875,72.3881,134,37,37,0,0
DB (value-based),436,33786.1875,21100.357421875,1208.4433,11477.388671875,69.85289999999999,136,41,38,0,0
DB (value-based),437,39649.16015625,22953.3203125,1242.6487,15453.1884765625,66.4773,176,59,41,0,0
DB (value-based),438,31207.552734375,20982.484375,1064.091,9160.9736328125,72.1088,147,41,38,0,0
DB (value-based),439,31707.78515625,22030.400390625,1230.2863,8447.10546875,71.25,160,46,40,0,0
DB (value-based),44,36918.546875,22159.755859375,1123.8523,13634.9453125,67.2727,165,54,40,0,0
DB (value-based),440,32653.958984375,21121.115234375,1140.9848,10391.859375,68.27590000000001,145,46,38,0,0
DB (value-based),441,32901.8515625,21661.9375,1180.1721,10059.744140625,70.8861,158,46,39,0,0
DB (value-based),442,31038.986328125,20545.3125,1117.1422,9376.53125,66.16539999999999,133,45,37,0,0
DB (value-based),443,40578.015625,22519.833984375,1161.2656,16896.9140625,60.452,177,70,41,0,0
DB (value-based),444,33707.44921875,21787.8046875,1243.7641,10675.8828125,74.8387,155,39,39,0,0
DB (value-based),445,40466.92578125,22758.244140625,1190.0307,16518.65234375,72.2543,173,48,41,0,0
DB (value-based),446,26896.5,20020.408203125,1092.2639,5783.8271484375,73.9496,119,31,36,0,0
DB (value-based),447,31153.654296875,21052.603515625,1118.2842,8982.7666015625,69.863,146,44,38,0,0
DB (value-based),448,34081.10546875,20968.84765625,1180.007,11932.2529296875,65.1852,135,47,38,0,0
DB (value-based),449,35089.9921875,22380.48828125,1242.2058,11467.2978515625,72.8395,162,44,40,0,0
DB (value-based),45,27044.451171875,19476.67578125,971.6465,6596.12744140625,75.65220000000001,115,28,35,0,0
DB (value-based),450,37480.09765625,22729.05078125,1238.5743,13512.4716796875,65.6805,169,58,41,0,0
DB (value-based),451,29449.46484375,21052.630859375,1174.4379,7222.39697265625,72.1429,140,39,38,0,0
DB (value-based),452,30568.216796875,20372.439453125,1082.6644,9113.1171875,70.3125,128,38,37,0,0
DB (value-based),453,34068.74609375,21973.98046875,1175.6855,10919.0791015625,68.3544,158,50,40,0,0
DB (value-based),454,33532.7578125,21695.431640625,1098.7457,10738.576171875,68.83120000000001,154,48,39,0,0
DB (value-based),455,27524.240234375,19979.060546875,1103.0903,6442.08544921875,75.42370000000001,118,29,36,0,0
DB (value-based),456,26423.810546875,19463.72265625,1001.2566,5958.8330078125,75.0,116,29,35,0,0
DB (value-based),457,28293.986328125,20067.734375,1055.1929,7171.0625,73.9837,123,32,36,0,0
DB (value-based),458,30697.021484375,20913.57421875,1142.4058,8641.0400390625,67.1533,137,45,38,0,0
DB (value-based),459,40993.33203125,22444.486328125,1271.1682,17277.68359375,55.9748,159,70,41,0,0
DB (value-based),46,31840.16015625,20662.09375,1109.1413,10068.927734375,60.5839,137,54,37,0,0
DB (value-based),460,31164.46484375,21220.7109375,1237.0742,8706.6767578125,66.6667,141,47,38,0,0
DB (value-based),461,30080.537109375,20616.55078125,1111.5459,8352.443359375,65.4135,133,46,37,0,0
DB (value-based),462,38991.16015625,23207.01953125,1242.4297,14541.708984375,67.61359999999999,176,57,42,0,0
DB (value-based),463,30041.083984375,21470.61328125,1123.0188,7447.44970703125,70.8333,144,42,39,0,0
DB (value-based),464,30217.71484375,20001.0078125,1087.046,9129.6640625,72.7273,121,33,36,0,0
DB (value-based),465,29132.52734375,20527.78125,1175.5368,7429.21142578125,72.0,125,35,37,0,0
DB (value-based),466,30129.640625,19481.060546875,1024.899,9623.6826171875,67.8571,112,36,35,0,0
DB (value-based),467,35339.15234375,23117.9921875,1307.6664,10913.498046875,65.8683,167,57,42,0,0
DB (value-based),468,35921.78515625,22809.20703125,1273.6368,11838.9384765625,64.0719,167,60,41,0,0
DB (value-based),469,30396.806640625,20942.384765625,1108.1175,8346.3056640625,69.5035,141,43,38,0,0
DB (value-based),47,29073.658203125,20975.158203125,1164.1308,6934.37109375,71.63119999999999,141,40,38,0,0
DB (value-based),470,35770.44140625,21761.853515625,1076.9875,12931.5966796875,58.860800000000005,158,65,39,0,0
DB (value-based),471,31148.642578125,21215.1171875,1136.3985,8797.12890625,70.1389,144,43,38,0,0
DB (value-based),472,34197.13671875,21714.32421875,1136.622,11346.193359375,71.6129,155,44,39,0,0
DB (value-based),473,44822.46875,23925.00390625,1301.874,19595.58984375,66.13759999999999,189,64,43,0,0
DB (value-based),474,28603.3671875,20052.95703125,1015.7806,7534.62890625,70.16130000000001,124,37,36,0,0
DB (value-based),475,35293.65625,20923.390625,1094.0536,13276.216796875,67.3611,144,47,38,0,0
DB (value-based),476,33181.3125,21584.82421875,1143.4697,10453.0224609375,74.3421,152,39,39,0,0
DB (value-based),477,31577.09375,19681.873046875,1037.612,10857.60546875,62.931000000000004,116,43,36,0,0
DB (value-based),478,33231.4453125,20461.927734375,1118.0995,11651.4169921875,66.9173,133,44,37,0,0
DB (value-based),479,32566.77734375,20622.40625,1051.9719,10892.40234375,64.2857,140,50,37,0,0
DB (value-based),48,35889.6015625,22705.263671875,1297.871,11886.4677734375,69.7674,172,52,41,0,0
DB (value-based),480,31815.828125,21062.7578125,1179.4391,9573.6318359375,65.95739999999999,141,48,38,0,0
DB (value-based),481,27009.033203125,20000.3046875,1013.2242,5995.5078125,70.4918,122,36,36,0,0
DB (value-based),482,34929.05859375,21981.771484375,1247.6692,11699.619140625,67.9245,159,51,40,0,0
DB (value-based),483,38718.828125,22537.171875,1282.8695,14898.78515625,55.828199999999995,163,72,41,0,0
DB (value-based),484,33384.27734375,21929.23046875,1172.9132,10282.1337890625,73.8562,153,40,40,0,0
DB (value-based),485,38537.1875,21663.69921875,1221.9203,15651.5634765625,62.2517,151,57,39,0,0
DB (value-based),486,26854.703125,19558.8125,1044.8252,6251.0654296875,72.2689,119,33,35,0,0
DB (value-based),487,32642.259765625,21636.630859375,1176.4347,9829.1923828125,69.9346,153,46,39,0,0
DB (value-based),488,24697.00390625,18800.37890625,1013.7265,4882.89794921875,65.2632,95,33,34,0,0
DB (value-based),489,36032.71875,23597.458984375,1330.5522,11104.7138671875,67.7419,186,60,43,0,0
DB (value-based),49,33611.046875,20573.646484375,1070.6492,11966.7568359375,63.9706,136,49,37,0,0
DB (value-based),490,30173.8046875,20128.291015625,1029.8465,9015.6669921875,64.8438,128,45,36,0,0
DB (value-based),491,29918.931640625,20764.193359375,1239.6744,7915.0654296875,66.15379999999999,130,44,38,0,0
DB (value-based),492,31608.87109375,21226.123046875,1110.1004,9272.642578125,70.922,141,41,38,0,0
DB (value-based),493,37683.94921875,20906.80859375,1107.2961,15669.8388671875,65.0,140,49,38,0,0
DB (value-based),494,33505.37890625,22084.365234375,1137.1927,10283.8193359375,70.4819,166,49,40,0,0
DB (value-based),495,36513.75,22907.72265625,1308.5749,12297.4462890625,66.6667,171,57,41,0,0
DB (value-based),496,29735.833984375,20687.2421875,1000.1492,8048.44580078125,71.5278,144,41,37,0,0
DB (value-based),497,41210.7578125,23087.39453125,1340.0063,16783.3515625,65.5172,174,60,42,0,0
DB (value-based),498,30152.818359375,20882.83203125,1089.5004,8180.486328125,72.7273,132,36,38,0,0
DB (value-based),499,31621.29296875,21211.7265625,1137.4029,9272.162109375,77.33330000000001,150,34,38,0,0
DB (value-based),5,37016.49609375,21561.568359375,1189.7311,14265.201171875,66.443,149,50,39,0,0
DB (value-based),50,31976.69140625,22049.826171875,1194.9756,8731.8896484375,67.9245,159,51,40,0,0
DB (value-based),500,38754.19140625,22284.109375,1208.1392,15261.939453125,64.45779999999999,166,59,40,0,0
DB (value-based),51,40547.046875,22637.955078125,1334.1057,16574.990234375,61.4907,161,62,41,0,0
DB (value-based),52,31800.880859375,21107.11328125,1101.5022,9592.2626953125,70.80290000000001,137,40,38,0,0
DB (value-based),53,34491.8359375,21633.1640625,1138.4171,11720.251953125,65.5629,151,52,39,0,0
DB (value-based),54,29998.962890625,20459.654296875,1045.8654,8493.44140625,67.91040000000001,134,43,37,0,0
DB (value-based),55,32132.166015625,21078.640625,1164.4978,9889.0302734375,71.94239999999999,139,39,38,0,0
DB (value-based),56,32410.544921875,21622.17578125,1086.9852,9701.37890625,69.6774,155,47,39,0,0
DB (value-based),57,33188.359375,20875.16796875,1151.9595,11161.2353515625,69.5652,138,42,38,0,0
DB (value-based),58,33131.5703125,21318.80859375,1146.4899,10666.263671875,67.14290000000001,140,46,39,0,0
DB (value-based),59,66776.796875,25596.9453125,1576.8016,39603.0625,47.7273,220,115,46,0,0
DB (value-based),6,43930.796875,24404.01171875,1301.4447,18225.34375,61.3861,202,78,44,0,0
DB (value-based),60,30119.404296875,20455.888671875,1071.9443,8591.5673828125,69.9248,133,40,37,0,0
DB (value-based),61,33575.30859375,21368.634765625,1097.7715,11108.908203125,71.8121,149,42,39,0,0
DB (value-based),62,27658.01953125,20596.998046875,1080.169,5980.85302734375,72.3881,134,37,37,0,0
DB (value-based),63,32701.775390625,21140.408203125,1096.229,10465.1376953125,68.4932,146,46,38,0,0
DB (value-based),64,39380.890625,22433.70703125,1255.1502,15692.0322265625,58.12500000000001,160,67,41,0,0
DB (value-based),65,37056.4609375,22732.056640625,1233.7133,13090.6904296875,63.1902,163,60,41,0,0
DB (value-based),66,35425.6875,22076.5,1199.438,12149.7529296875,69.1358,162,50,40,0,0
DB (value-based),67,41291.45703125,22029.203125,1197.7136,18064.54296875,64.2424,165,59,40,0,0
DB (value-based),68,32213.650390625,21078.32421875,1087.7152,10047.611328125,67.3759,141,46,38,0,0
DB (value-based),69,27957.779296875,20200.05859375,1084.1605,6673.55810546875,72.0,125,35,37,0,0
DB (value-based),7,33792.1015625,21635.796875,1156.8202,10999.484375,70.0,150,45,39,0,0
DB (value-based),70,32662.26953125,22246.416015625,1225.0024,9190.8515625,72.3926,163,45,40,0,0
DB (value-based),71,32130.923828125,21512.666015625,1196.5459,9421.7138671875,68.7075,147,46,39,0,0
DB (value-based),72,26122.369140625,19494.609375,1068.4109,5559.34619140625,76.1062,113,27,35,0,0
DB (value-based),73,38132.953125,23029.068359375,1278.3616,13825.5283203125,75.14450000000001,173,43,42,0,0
DB (value-based),74,30908.828125,20494.4765625,1114.9543,9299.3955078125,65.11630000000001,129,45,37,0,0
DB (value-based),75,30979.4296875,21968.828125,1252.3989,7758.20263671875,72.4832,149,41,40,0,0
DB (value-based),76,33769.41796875,20689.1875,1078.417,12001.818359375,68.6131,137,43,37,0,0
DB (value-based),77,27586.662109375,19852.533203125,1086.2815,6647.85009765625,71.5447,123,35,36,0,0
DB (value-based),78,44605.70703125,22565.859375,1308.6945,20731.171875,53.939400000000006,165,76,41,0,0
DB (value-based),79,37870.26953125,22514.048828125,1255.5674,14100.6484375,63.0303,165,61,41,0,0
DB (value-based),8,27182.181640625,20439.390625,1049.0638,5693.7314453125,68.70230000000001,131,41,37,0,0
DB (value-based),80,30349.171875,20520.943359375,1014.2274,8814.0009765625,60.305299999999995,131,52,37,0,0
DB (value-based),81,40025.421875,22213.58984375,1170.2841,16641.546875,57.2289,166,71,40,0,0
DB (value-based),82,47677.12890625,22864.08203125,1194.8953,23618.154296875,57.5419,179,76,41,0,0
DB (value-based),83,29326.46484375,20688.744140625,1070.0462,7567.671875,73.33330000000001,135,36,37,0,0
DB (value-based),84,34623.62890625,21324.193359375,1136.7689,12162.6640625,65.54050000000001,148,51,39,0,0
DB (value-based),85,33800.453125,21952.42578125,1250.338,10597.6904296875,64.9682,157,55,40,0,0
DB (value-based),86,28515.650390625,20948.25390625,1172.5439,6394.85107421875,69.5652,138,42,38,0,0
DB (value-based),87,28797.955078125,21165.947265625,1152.0605,6479.94580078125,70.0,140,42,38,0,0
DB (value-based),88,46222.6640625,23753.69921875,1279.6277,21189.330078125,60.9375,192,75,43,0,0
DB (value-based),89,29367.158203125,20572.353515625,1060.1356,7734.66943359375,65.94200000000001,138,47,37,0,0
DB (value-based),9,31718.861328125,20595.986328125,1113.5129,10009.3642578125,69.85289999999999,136,41,37,0,0
DB (value-based),90,26284.716796875,19824.72265625,1030.0408,5429.9521484375,70.8333,120,35,36,0,0
DB (value-based),91,43466.3046875,21884.28125,1203.6361,20378.396484375,59.627300000000005,161,65,40,0,0
DB (value-based),92,31426.525390625,22145.9375,1226.185,8054.4013671875,66.2252,151,51,40,0,0
DB (value-based),93,36018.2265625,22148.93359375,1254.1181,12615.1748046875,65.5629,151,52,40,0,0
DB (value-based),94,33369.30078125,21558.642578125,1166.1337,10644.51953125,71.5232,151,43,39,0,0
DB (value-based),95,31056.5703125,21247.615234375,1193.6695,8615.28515625,71.2329,146,42,38,0,0
DB (value-based),96,28167.7890625,19673.0390625,989.5074,7505.244140625,68.8525,122,38,36,0,0
DB (value-based),97,31357.126953125,21648.607421875,1206.3843,8502.1318359375,70.1299,154,46,39,0,0
DB (value-based),98,29313.283203125,20530.939453125,1054.3187,7728.02783203125,73.33330000000001,135,36,37,0,0
DB (value-based),99,31005.5625,20357.201171875,1075.8696,9572.4921875,72.6562,128,35,37,0,0
Myopic+Rollout,1,33368.94140625,21085.998046875,1211.9753,11070.9599609375,66.6667,135,45,38,0,1
Myopic+Rollout,10,34846.6328125,21540.185546875,1185.8781,12120.5751953125,65.9722,144,49,39,0,1
Myopic+Rollout,100,33474.375,20562.765625,1127.9647,11783.6396484375,62.295100000000005,122,46,37,0,1
Myopic+Rollout,101,36292.78515625,21252.388671875,1192.8105,13847.583984375,65.035,143,50,38,0,1
Myopic+Rollout,102,34048.125,22024.943359375,1149.2656,10873.912109375,72.1519,158,44,40,0,0
Myopic+Rollout,103,28661.267578125,18961.78125,1045.2837,8654.2021484375,68.1416,113,36,34,0,0
Myopic+Rollout,104,35320.07421875,22579.669921875,1306.1591,11434.244140625,75.3086,162,40,41,0,1
Myopic+Rollout,105,33179.01953125,20981.5,1106.9222,11090.591796875,66.1765,136,46,38,0,1
Myopic+Rollout,106,32394.16015625,21255.666015625,1135.1953,10003.3017578125,73.7931,145,38,38,0,1
Myopic+Rollout,107,36304.8203125,21708.033203125,1139.1983,13457.5859375,70.1299,154,46,39,0,1
Myopic+Rollout,108,29253.498046875,20410.466796875,1118.2205,7724.806640625,72.7273,132,36,37,0,1
Myopic+Rollout,109,28271.3671875,20373.73828125,1131.2846,6766.345703125,78.9062,128,27,37,0,0
Myopic+Rollout,11,36636.02734375,22003.466796875,1153.1411,13479.4130859375,64.6707,167,59,40,0,0
Myopic+Rollout,110,30999.87109375,20943.05859375,1252.8102,8804.005859375,69.1729,133,41,38,0,1
Myopic+Rollout,111,42828.6171875,23368.21875,1271.7686,18188.626953125,64.0449,178,64,42,0,0
Myopic+Rollout,112,27953.7890625,19921.779296875,1131.4363,6900.5654296875,66.95649999999999,115,38,36,0,0
Myopic+Rollout,113,32534.025390625,21987.85546875,1209.4032,9336.765625,69.4805,154,47,40,0,0
Myopic+Rollout,114,35064.80859375,22075.537109375,1201.8813,11787.384765625,66.25,160,54,40,0,0
Myopic+Rollout,115,39192.9921875,23026.71875,1246.4908,14919.7724609375,65.7303,178,61,42,0,2
Myopic+Rollout,116,35102.609375,21564.416015625,1195.6748,12342.515625,62.9371,143,53,39,0,0
Myopic+Rollout,117,31442.482421875,20644.3984375,1193.0908,9604.99609375,75.3846,130,32,37,0,0
Myopic+Rollout,118,33913.55859375,22222.583984375,1243.5003,10447.466796875,70.1863,161,48,40,0,1
Myopic+Rollout,119,28284.1640625,20084.08984375,1059.2823,7140.79345703125,68.3333,120,38,36,0,0
Myopic+Rollout,12,32941.625,21547.947265625,1173.5699,10220.1064453125,69.7987,149,45,39,0,4
Myopic+Rollout,120,36307.3828125,22166.1171875,1193.5752,12947.6923828125,68.7898,157,49,40,0,3
Myopic+Rollout,121,25212.236328125,19405.423828125,1029.5882,4777.2236328125,73.63640000000001,110,29,35,0,0
Myopic+Rollout,122,30678.7109375,20413.384765625,1172.1676,9093.158203125,64.8855,131,46,37,0,1
Myopic+Rollout,123,28684.296875,21090.732421875,1107.5714,6485.99755859375,66.6667,141,47,38,0,0
Myopic+Rollout,124,33874.7890625,21031.662109375,1207.9892,11635.1328125,64.7482,139,49,38,0,1
Myopic+Rollout,125,34398.8359375,21622.904296875,1210.7087,11565.220703125,67.1141,149,49,39,0,1
Myopic+Rollout,126,33344.30078125,21728.732421875,1208.2265,10407.3427734375,68.0272,147,47,39,0,0
Myopic+Rollout,127,32349.111328125,21438.5703125,1124.7261,9785.81640625,71.4286,147,42,39,0,0
Myopic+Rollout,128,39785.25,23851.509765625,1338.1682,14595.5810546875,69.1892,185,57,43,0,1
Myopic+Rollout,129,34245.6484375,22524.302734375,1240.9788,10480.3662109375,65.0,160,56,41,0,1
Myopic+Rollout,13,31552.310546875,21399.92578125,1177.8872,8974.4990234375,63.6364,143,52,39,0,0
Myopic+Rollout,130,35942.2109375,22253.8984375,1224.5965,12463.7197265625,67.4847,163,53,40,0,0
Myopic+Rollout,131,39823.75,22710.689453125,1242.1758,15870.8916015625,67.8161,174,56,41,0,0
Myopic+Rollout,132,30612.39453125,21534.298828125,1220.9532,7857.13818359375,77.70270000000001,148,33,39,0,1
Myopic+Rollout,133,29633.3671875,21130.439453125,1153.5127,7349.41259765625,70.1389,144,43,38,0,1
Myopic+Rollout,134,34748.4453125,20977.537109375,1160.9718,12609.9345703125,72.9927,137,37,38,0,3
Myopic+Rollout,135,30289.423828125,20787.041015625,1103.5466,8398.83984375,66.9231,130,43,38,0,1
Myopic+Rollout,136,47401.6953125,23299.357421875,1311.6446,22790.69140625,67.2222,180,59,42,0,1
Myopic+Rollout,137,35151.4609375,21687.029296875,1162.2082,12302.21484375,67.5325,154,50,39,0,1
Myopic+Rollout,138,27156.60546875,19288.00390625,1040.0472,6828.56103515625,67.3077,104,34,35,0,1
Myopic+Rollout,139,37586.62890625,22050.0546875,1226.0429,14310.5390625,62.9139,151,56,40,0,1
Myopic+Rollout,14,29268.822265625,20294.55859375,1138.8037,7835.4638671875,76.8,125,29,37,0,1
Myopic+Rollout,140,32282.818359375,21138.58203125,1140.2711,10003.96484375,66.4384,146,49,38,0,2
Myopic+Rollout,141,39622.0625,22828.859375,1246.9109,15546.2978515625,66.2857,175,59,41,0,0
Myopic+Rollout,142,27352.880859375,19830.037109375,1054.0582,6468.78955078125,72.1311,122,34,36,0,0
Myopic+Rollout,143,40715.3515625,22085.96875,1245.2892,17384.087890625,63.871,155,56,40,0,1
Myopic+Rollout,144,32760.0859375,20605.66015625,1103.7962,11050.63671875,71.9697,132,37,37,0,0
Myopic+Rollout,145,43780.55078125,21101.318359375,1174.856,21504.388671875,58.5714,140,58,38,0,0
Myopic+Rollout,146,36194.359375,22001.72265625,1200.4119,12992.2177734375,64.81479999999999,162,57,40,0,3
Myopic+Rollout,147,30133.478515625,20522.16796875,1162.6092,8448.7001953125,70.8661,127,37,37,0,1
Myopic+Rollout,148,35158.49609375,21170.470703125,1107.8967,12880.1259765625,67.13289999999999,143,47,38,0,0
Myopic+Rollout,149,39920.29296875,22621.06640625,1330.6059,15968.619140625,59.6386,166,67,41,0,0
Myopic+Rollout,15,30860.330078125,20618.859375,1095.6378,9145.82421875,71.5328,137,39,37,0,0
Myopic+Rollout,150,40448.20703125,24285.21484375,1357.1549,14805.8349609375,67.0,200,66,44,0,1
Myopic+Rollout,151,32223.1640625,21246.462890625,1170.5268,9806.173828125,71.2329,146,42,38,0,1
Myopic+Rollout,152,33992.609375,21943.796875,1297.9469,10750.8671875,73.4694,147,39,40,0,1
Myopic+Rollout,153,31157.34765625,20820.91015625,1228.1518,9108.283203125,75.9124,137,33,38,0,1
Myopic+Rollout,154,29024.67578125,19867.005859375,1070.2603,8087.41259765625,64.0,125,45,36,0,1
Myopic+Rollout,155,38471.5859375,22639.64453125,1264.8757,14567.064453125,65.6627,166,57,41,0,0
Myopic+Rollout,156,32855.61328125,22214.298828125,1287.2782,9354.037109375,72.61149999999999,157,43,40,0,0
Myopic+Rollout,157,30407.6796875,19459.271484375,1033.4132,9914.990234375,69.5652,115,35,35,0,0
Myopic+Rollout,158,34423.95703125,20790.533203125,1111.7078,12521.7216796875,64.4444,135,48,38,0,1
Myopic+Rollout,159,32874.03515625,21701.203125,1203.2221,9969.609375,71.1268,142,41,39,0,0
Myopic+Rollout,16,32369.18359375,21216.625,1174.0891,9978.474609375,68.3099,142,45,38,0,0
Myopic+Rollout,160,34014.44921875,22296.392578125,1308.4613,10409.599609375,72.956,159,43,40,0,0
Myopic+Rollout,161,32561.056640625,20419.841796875,1108.3635,11032.8486328125,64.6617,133,47,37,0,0
Myopic+Rollout,162,28378.595703125,20516.55859375,1127.692,6734.34228515625,75.7812,128,31,37,0,1
Myopic+Rollout,163,31573.314453125,20452.0625,1181.9953,9939.2578125,69.35480000000001,124,38,37,0,0
Myopic+Rollout,164,31259.859375,21205.248046875,1134.5561,8920.0537109375,72.2222,144,40,38,0,0
Myopic+Rollout,165,38126.7578125,22598.806640625,1264.7045,14263.2578125,66.6667,159,53,41,0,2
Myopic+Rollout,166,37572.4765625,22108.390625,1240.6894,14223.3916015625,67.284,162,53,40,0,1
Myopic+Rollout,167,36971.8671875,21910.533203125,1191.4054,13869.9296875,60.135099999999994,148,59,40,0,0
Myopic+Rollout,168,31445.884765625,20899.392578125,1118.2337,9428.2607421875,75.5396,139,34,38,0,0
Myopic+Rollout,169,37889.25390625,22317.55078125,1230.3855,14341.31640625,62.4242,165,62,40,0,0
Myopic+Rollout,17,33680.40234375,22253.80078125,1224.3649,10202.2333984375,68.09819999999999,163,52,40,0,0
Myopic+Rollout,170,29455.916015625,20644.994140625,1083.93,7726.99365234375,66.6667,138,46,37,0,0
Myopic+Rollout,171,37572.453125,21910.533203125,1208.44,14453.486328125,66.6667,156,52,40,0,0
Myopic+Rollout,172,29440.73828125,21418.068359375,1197.1963,6825.474609375,72.5352,142,39,39,0,2
Myopic+Rollout,173,27717.111328125,20466.76953125,1179.3329,6071.01025390625,76.1905,126,30,37,0,0
Myopic+Rollout,174,31959.818359375,20778.439453125,1162.6015,10018.7763671875,73.6842,133,35,38,0,1
Myopic+Rollout,175,35436.484375,20913.228515625,1099.8207,13423.4404296875,69.5652,138,42,38,0,0
Myopic+Rollout,176,31821.1484375,21771.03515625,1132.0355,8918.083984375,70.4698,149,44,39,0,0
Myopic+Rollout,177,30814.12890625,21111.16015625,1236.5772,8466.3955078125,72.18050000000001,133,37,38,0,1
Myopic+Rollout,178,39449.96875,22259.42578125,1230.7736,15959.771484375,63.1902,163,60,40,0,0
Myopic+Rollout,179,40903.70703125,22547.51171875,1270.2821,17085.919921875,69.2771,166,51,41,0,1
Myopic+Rollout,18,41681.00390625,22616.220703125,1298.4626,17766.32421875,61.5854,164,63,41,0,2
Myopic+Rollout,180,40794.3046875,22522.8671875,1293.7958,16977.650390625,71.9298,171,48,41,0,1
Myopic+Rollout,181,35001.68359375,21647.208984375,1249.0402,12105.4326171875,63.7584,149,54,39,0,1
Myopic+Rollout,182,37299.89453125,22657.689453125,1238.2183,13403.986328125,69.4118,170,52,41,0,1
Myopic+Rollout,183,33695.81640625,21169.04296875,1124.2609,11402.51171875,65.1007,149,52,38,0,1
Myopic+Rollout,184,37752.99609375,22735.51953125,1292.2234,13725.2509765625,59.7561,164,66,41,0,2
Myopic+Rollout,185,38506.73046875,22737.955078125,1364.1156,14404.65625,58.53660000000001,164,68,41,0,0
Myopic+Rollout,186,41527.11328125,21690.48828125,1194.3655,18642.2578125,63.698600000000006,146,53,39,0,1
Myopic+Rollout,187,37792.4453125,20975.65234375,1123.8193,15692.966796875,65.9864,147,50,38,0,0
Myopic+Rollout,188,37047.296875,20608.24609375,1098.3924,15340.65625,62.686600000000006,134,50,37,0,0
Myopic+Rollout,189,31302.181640625,20343.865234375,1114.9044,9843.408203125,66.4062,128,43,37,0,1
Myopic+Rollout,19,41279.0625,21983.58984375,1147.7163,18147.759765625,60.5096,157,62,40,0,1
Myopic+Rollout,190,34680.58203125,22322.951171875,1222.2107,11135.419921875,72.5,160,44,40,0,0
Myopic+Rollout,191,36709.89453125,21672.69140625,1168.1368,13869.0703125,74.1497,147,38,39,0,1
Myopic+Rollout,192,31956.783203125,21039.201171875,1220.5459,9697.04296875,72.6619,139,38,38,0,1
Myopic+Rollout,193,31300.6328125,21110.859375,1176.1954,9013.5810546875,68.79429999999999,141,44,38,0,0
Myopic+Rollout,194,33709.69921875,21671.009765625,1202.3105,10836.37890625,72.9167,144,39,39,0,0
Myopic+Rollout,195,31789.951171875,21135.306640625,1176.8336,9477.8154296875,74.0741,135,35,38,0,1
Myopic+Rollout,196,39962.8125,23144.900390625,1339.8884,15478.0244140625,67.8161,174,56,42,0,2
Myopic+Rollout,197,38202.70703125,22602.6328125,1241.4684,14358.6083984375,69.4611,167,51,41,0,0
Myopic+Rollout,198,32730.056640625,21803.4453125,1249.8659,9676.7509765625,70.3947,152,45,39,0,0
Myopic+Rollout,199,44459.90625,23351.13671875,1231.0692,19877.703125,69.0217,184,57,42,0,2
Myopic+Rollout,2,35309.0,22342.138671875,1296.9565,11669.9091796875,72.6708,161,44,40,0,1
Myopic+Rollout,20,29202.60546875,19944.2265625,1061.9425,8196.43359375,65.2893,121,42,36,0,0
Myopic+Rollout,200,33607.515625,21643.376953125,1219.884,10744.2568359375,68.3099,142,45,39,0,0
Myopic+Rollout,201,33124.29296875,20681.568359375,1159.6357,11283.0849609375,72.18050000000001,133,37,37,0,0
Myopic+Rollout,202,31574.181640625,20790.533203125,1214.536,9569.1162109375,70.8661,127,37,38,0,2
Myopic+Rollout,203,33006.03515625,20469.109375,1054.5789,11482.3447265625,67.66919999999999,133,43,37,0,1
Myopic+Rollout,204,41857.5546875,22130.0625,1258.5998,18468.900390625,64.1026,156,56,40,0,0
Myopic+Rollout,205,32063.39453125,20996.37890625,1218.9719,9848.0478515625,60.447799999999994,134,53,38,0,0
Myopic+Rollout,206,37752.21875,22314.990234375,1172.6898,14264.5390625,66.6667,156,52,40,0,1
Myopic+Rollout,207,36257.9296875,22183.1953125,1246.1419,12828.587890625,63.1902,163,60,40,0,3
Myopic+Rollout,208,41771.26953125,22847.572265625,1264.1464,17659.552734375,65.11630000000001,172,60,41,0,0
Myopic+Rollout,209,47585.2421875,22681.392578125,1248.6849,23655.162109375,55.21470000000001,163,73,41,0,1
Myopic+Rollout,21,37152.1015625,22306.818359375,1298.0448,13547.23828125,68.125,160,51,40,0,2
Myopic+Rollout,210,34838.97265625,20408.26171875,1127.6924,13303.0263671875,71.65350000000001,127,36,37,0,0
Myopic+Rollout,211,35121.1796875,20111.69140625,1107.4633,13902.0205078125,69.7479,119,36,36,0,3
Myopic+Rollout,212,32147.1015625,21050.4453125,1114.3821,9982.265625,75.6944,144,35,38,0,1
Myopic+Rollout,213,30701.80078125,21100.48046875,1113.0774,8488.25,67.8322,143,46,38,0,1
Myopic+Rollout,214,39887.93359375,22645.71484375,1256.5672,15985.6435546875,67.4419,172,56,41,0,0
Myopic+Rollout,215,26465.67578125,19526.806640625,1120.5751,5818.2880859375,76.7857,112,26,35,0,2
Myopic+Rollout,216,34955.37890625,22228.091796875,1297.6821,11429.603515625,71.7791,163,46,40,0,2
Myopic+Rollout,217,37458.32421875,21937.849609375,1208.4871,14311.984375,60.7595,158,62,40,0,1
Myopic+Rollout,218,31827.59765625,21124.73828125,1189.1122,9513.7490234375,69.5652,138,42,38,0,0
Myopic+Rollout,219,32195.64453125,20652.8671875,1183.5239,10359.2529296875,70.5426,129,38,37,0,1
Myopic+Rollout,22,45718.6171875,23789.0859375,1408.0635,20521.46875,61.9048,189,72,43,0,0
Myopic+Rollout,220,31477.609375,21007.556640625,1199.9615,9270.09765625,77.8571,140,31,38,0,0
Myopic+Rollout,221,33697.9453125,22354.40625,1296.4463,10047.09375,66.2577,163,55,40,0,1
Myopic+Rollout,222,33115.51171875,20875.390625,1142.9368,11097.185546875,67.4242,132,43,38,0,3
Myopic+Rollout,223,38692.05078125,22226.525390625,1258.4564,15207.0732421875,61.11109999999999,162,63,40,0,2
Myopic+Rollout,224,37135.3046875,22544.814453125,1258.6201,13331.8759765625,63.5802,162,59,41,0,1
Myopic+Rollout,225,56424.1484375,23880.80078125,1408.007,31135.333984375,56.5445,191,83,43,0,2
Myopic+Rollout,226,34031.8828125,22370.45703125,1273.0056,10388.419921875,71.51520000000001,165,47,40,0,2
Myopic+Rollout,227,35276.44921875,21692.958984375,1242.1756,12341.3115234375,72.1854,151,42,39,0,0
Myopic+Rollout,228,36204.96484375,21656.859375,1202.6028,13345.5078125,62.2517,151,57,39,0,0
Myopic+Rollout,229,29745.181640625,19483.04296875,1085.3704,9176.765625,68.4211,114,36,35,0,0
Myopic+Rollout,23,36380.50390625,21188.455078125,1130.1669,14061.8828125,65.0685,146,51,38,0,0
Myopic+Rollout,230,42208.09765625,22178.146484375,1221.0315,18808.927734375,61.3924,158,61,40,0,1
Myopic+Rollout,231,39420.89453125,22897.982421875,1261.4826,15261.4208984375,61.236000000000004,178,69,41,0,1
Myopic+Rollout,232,43313.6796875,23228.2265625,1292.8982,18792.560546875,64.0449,178,64,42,0,2
Myopic+Rollout,233,31981.59765625,20593.0625,1104.8518,10283.68359375,67.6259,139,45,37,0,0
Myopic+Rollout,234,44540.4453125,23220.994140625,1379.5489,19939.892578125,66.6667,174,58,42,0,0
Myopic+Rollout,235,37636.5234375,22153.7265625,1287.446,14195.34765625,64.557,158,56,40,0,0
Myopic+Rollout,236,38595.3515625,22170.69921875,1222.6748,15201.9775390625,67.70190000000001,161,52,40,0,0
Myopic+Rollout,237,34140.21875,21776.482421875,1187.704,11176.0390625,72.78909999999999,147,40,39,0,1
Myopic+Rollout,238,40509.55078125,21419.3125,1180.133,17910.10546875,68.9655,145,45,39,0,0
Myopic+Rollout,239,32107.650390625,20618.32421875,1136.6559,10352.669921875,67.4242,132,43,37,0,0
Myopic+Rollout,24,34894.16015625,22154.2578125,1159.6391,11580.2646484375,69.5652,161,49,40,0,0
Myopic+Rollout,240,27326.365234375,19923.474609375,1112.8909,6289.994140625,71.3043,115,33,36,0,1
Myopic+Rollout,241,30591.32421875,20865.109375,1028.0502,8698.166015625,72.3404,141,39,38,0,1
Myopic+Rollout,242,32405.958984375,21194.376953125,1131.6596,10079.9248046875,68.8406,138,43,38,0,1
Myopic+Rollout,243,52581.625,25267.041015625,1474.0073,25840.572265625,61.682199999999995,214,82,46,0,3
Myopic+Rollout,244,46717.72265625,23452.529296875,1337.9041,21927.287109375,65.7459,181,62,42,0,1
Myopic+Rollout,245,28002.927734375,20385.716796875,1081.2679,6535.9443359375,71.7557,131,37,37,0,3
Myopic+Rollout,246,37145.9921875,22334.75390625,1269.3155,13541.921875,68.8623,167,52,40,0,1
Myopic+Rollout,247,35757.67578125,21576.291015625,1127.1603,13054.2216796875,68.2432,148,47,39,0,0
Myopic+Rollout,248,41800.86328125,23933.8828125,1382.0234,16484.958984375,64.89359999999999,188,66,43,0,3
Myopic+Rollout,249,36713.5078125,21906.71875,1221.89,13584.892578125,65.1316,152,53,40,0,0
Myopic+Rollout,25,43000.4375,23198.95703125,1292.3308,18509.15625,68.92660000000001,177,55,42,0,0
Myopic+Rollout,250,35789.6640625,21055.029296875,1208.8419,13525.7900390625,75.73530000000001,136,33,38,0,1
Myopic+Rollout,251,31096.611328125,21216.560546875,1137.269,8742.7802734375,65.493,142,49,38,0,2
Myopic+Rollout,252,31550.35546875,22302.5703125,1303.1255,7944.6650390625,71.0692,159,46,40,0,1
Myopic+Rollout,253,34368.421875,21684.818359375,1296.9232,11386.6787109375,71.0345,145,42,39,0,3
Myopic+Rollout,254,35101.23046875,20895.689453125,1162.2617,13043.275390625,67.1533,137,45,38,0,0
Myopic+Rollout,255,34841.3828125,21598.30859375,1214.1242,12028.9541015625,65.1007,149,52,39,0,0
Myopic+Rollout,256,33583.3984375,21567.96875,1255.1555,10760.2734375,72.7273,143,39,39,0,0
Myopic+Rollout,257,30566.3515625,20669.228515625,1078.1394,8818.9833984375,69.85289999999999,136,41,37,0,1
Myopic+Rollout,258,35174.88671875,21691.923828125,1180.6858,12302.28515625,68.0,150,48,39,0,1
Myopic+Rollout,259,37626.80859375,21671.837890625,1261.3984,14693.5732421875,62.5,152,57,39,0,0
Myopic+Rollout,26,35855.484375,21443.89453125,1132.3825,13279.2041015625,66.2162,148,50,39,0,1
Myopic+Rollout,260,39182.91796875,22126.7265625,1185.4852,15870.708984375,65.4321,162,56,40,0,0
Myopic+Rollout,261,34618.5234375,21600.306640625,1200.683,11817.53125,69.1275,149,46,39,0,1
Myopic+Rollout,262,33069.3671875,21648.2421875,1190.5947,10230.5341796875,70.5479,146,43,39,0,0
Myopic+Rollout,263,35737.171875,22031.419921875,1309.2453,12396.5146484375,69.9346,153,46,40,0,3
Myopic+Rollout,264,34680.51953125,20832.28125,1151.0293,12697.2060546875,70.5036,139,41,38,0,3
Myopic+Rollout,265,34554.625,21027.376953125,1187.9784,12339.2783203125,61.2676,142,55,38,0,0
Myopic+Rollout,266,30849.91015625,20572.669921875,1143.8281,9133.4091796875,64.0625,128,46,37,0,0
Myopic+Rollout,267,39899.20703125,23666.921875,1345.8321,14886.4482421875,67.2316,177,58,43,0,1
Myopic+Rollout,268,43579.04296875,25050.130859375,1404.4993,17124.416015625,69.7115,208,63,45,0,0
Myopic+Rollout,269,30728.279296875,21673.265625,1170.602,7884.40625,78.6667,150,32,39,0,0
Myopic+Rollout,27,31059.048828125,20984.728515625,1214.3127,8860.0068359375,62.40599999999999,133,50,38,0,0
Myopic+Rollout,270,35217.69140625,22103.0234375,1250.8469,11863.8251953125,69.9387,163,49,40,0,0
Myopic+Rollout,271,37135.51953125,22163.783203125,1212.0917,13759.6484375,67.2956,159,52,40,0,0
Myopic+Rollout,272,31925.2890625,20349.701171875,1147.0719,10428.5107421875,67.46029999999999,126,41,37,0,0
Myopic+Rollout,273,33458.6796875,20946.931640625,1149.4482,11362.298828125,68.88889999999999,135,42,38,0,2
Myopic+Rollout,274,31622.8515625,20918.203125,1155.5243,9549.123046875,72.4638,138,38,38,0,0
Myopic+Rollout,275,44711.765625,21724.46484375,1147.7381,21839.556640625,64.7436,156,55,39,0,0
Myopic+Rollout,276,36833.640625,22727.34375,1236.63,12869.6708984375,65.47619999999999,168,58,41,0,1
Myopic+Rollout,277,32676.515625,21767.8125,1216.5544,9692.1513671875,69.6203,158,48,39,0,3
Myopic+Rollout,278,38017.078125,21833.6875,1153.5033,15029.8916015625,64.557,158,56,39,0,0
Myopic+Rollout,279,34134.9921875,21220.419921875,1171.5521,11743.01953125,67.3759,141,46,38,0,1
Myopic+Rollout,28,36572.875,23187.228515625,1299.0427,12086.609375,67.4033,181,59,42,0,1
Myopic+Rollout,280,38464.15625,22542.958984375,1186.5033,14734.69140625,68.0723,166,53,41,0,0
Myopic+Rollout,281,35090.59375,21458.93359375,1175.6225,12456.0419921875,64.3357,143,51,39,0,0
Myopic+Rollout,282,42980.08203125,23191.541015625,1284.1875,18504.359375,63.9535,172,62,42,0,1
Myopic+Rollout,283,39032.26953125,22571.23828125,1283.2006,15177.8388671875,65.47619999999999,168,58,41,0,1
Myopic+Rollout,284,31677.509765625,20992.34765625,1173.0536,9512.109375,75.5396,139,34,38,0,1
Myopic+Rollout,285,32891.12890625,21680.845703125,1178.4058,10031.873046875,71.6129,155,44,39,0,0
Myopic+Rollout,286,28013.212890625,19758.375,1035.0636,7219.77587890625,67.2269,119,39,36,0,1
Myopic+Rollout,287,31159.69921875,21441.48046875,1177.1753,8541.0419921875,68.0851,141,45,39,0,1
Myopic+Rollout,288,41060.26953125,22705.96875,1184.4441,17169.84375,65.0602,166,58,41,0,0
Myopic+Rollout,289,37313.3984375,22577.736328125,1221.3256,13514.3359375,67.8571,168,54,41,0,2
Myopic+Rollout,29,32610.544921875,21034.392578125,1204.2531,10371.8974609375,73.6842,133,35,38,0,1
Myopic+Rollout,290,35201.78125,21771.01171875,1277.1926,12153.5771484375,67.3759,141,46,39,0,1
Myopic+Rollout,291,31718.986328125,22146.2265625,1279.4647,8293.291015625,69.4805,154,47,40,0,0
Myopic+Rollout,292,38060.29296875,22015.1171875,1271.6829,14773.4931640625,66.4474,152,51,40,0,1
Myopic+Rollout,293,28673.359375,20688.048828125,1180.3791,6804.93017578125,73.6842,133,35,37,0,1
Myopic+Rollout,294,40522.7890625,22235.6875,1245.2893,17041.822265625,61.72840000000001,162,62,40,0,2
Myopic+Rollout,295,30687.296875,20925.537109375,1169.8395,8591.92578125,70.2128,141,42,38,0,0
Myopic+Rollout,296,42402.078125,22490.568359375,1247.8724,18663.63671875,55.21470000000001,163,73,41,0,0
Myopic+Rollout,297,31889.439453125,21999.3984375,1196.8396,8693.2001953125,71.5232,151,43,40,0,1
Myopic+Rollout,298,29606.56640625,19833.025390625,1092.7654,8680.7783203125,70.4348,115,34,36,0,0
Myopic+Rollout,299,36530.8984375,21547.412109375,1201.3617,13782.1298828125,66.6667,153,51,39,0,1
Myopic+Rollout,3,37196.046875,22795.458984375,1293.0087,13107.580078125,66.06060000000001,165,56,41,0,1
Myopic+Rollout,30,29647.34375,19831.291015625,1015.1793,8800.8779296875,71.1864,118,34,36,0,0
Myopic+Rollout,300,33357.046875,21055.732421875,1122.0358,11179.279296875,64.82759999999999,145,51,38,0,0
Myopic+Rollout,301,35065.0546875,20845.158203125,1165.2654,13054.6298828125,62.963,135,50,38,0,4
Myopic+Rollout,302,41456.6640625,21668.314453125,1169.4925,18618.857421875,68.75,160,50,39,0,2
Myopic+Rollout,303,32873.83203125,21078.744140625,1199.2658,10595.82421875,68.1481,135,43,38,0,1
Myopic+Rollout,304,35214.234375,21743.873046875,1079.0229,12391.3388671875,72.1519,158,44,39,0,2
Myopic+Rollout,305,41018.48828125,23953.5546875,1331.3004,15733.6259765625,66.129,186,63,43,0,3
Myopic+Rollout,306,40611.70703125,22749.34375,1275.1569,16587.193359375,64.6707,167,59,41,0,0
Myopic+Rollout,307,43958.5546875,22370.701171875,1239.4898,20348.353515625,57.8313,166,70,40,0,1
Myopic+Rollout,308,30730.6875,19904.576171875,1004.2878,9821.8271484375,61.11109999999999,126,49,36,0,0
Myopic+Rollout,309,29024.78125,20933.51171875,1181.4206,6909.84814453125,73.33330000000001,135,36,38,0,1
Myopic+Rollout,31,28759.66015625,21142.189453125,1126.0091,6491.46826171875,70.6294,143,42,38,0,4
Myopic+Rollout,310,42514.26171875,22691.7265625,1270.5551,18551.978515625,64.2424,165,59,41,0,3
Myopic+Rollout,311,35745.01953125,23357.3671875,1331.921,11055.73046875,68.0,175,56,42,0,1
Myopic+Rollout,312,33079.66796875,21152.453125,1162.4383,10764.775390625,74.4966,149,38,38,0,0
Myopic+Rollout,313,31385.298828125,20940.01953125,1238.2677,9207.017578125,72.18050000000001,133,37,38,0,1
Myopic+Rollout,314,29595.384765625,20528.35546875,1126.413,7940.61669921875,63.5659,129,47,37,0,0
Myopic+Rollout,315,35036.55078125,21781.0859375,1162.0272,12093.4404296875,65.3061,147,51,39,0,0
Myopic+Rollout,316,32451.984375,20632.349609375,1129.0193,10690.62109375,71.11110000000001,135,39,37,0,1
Myopic+Rollout,317,33391.71875,21255.986328125,1161.0359,10974.6962890625,67.7852,149,48,38,0,0
Myopic+Rollout,318,30442.58203125,20836.658203125,1168.8814,8437.0400390625,72.7941,136,37,38,0,0
Myopic+Rollout,319,32421.455078125,20425.021484375,1117.4074,10879.0244140625,70.16130000000001,124,37,37,0,2
Myopic+Rollout,32,37766.6640625,21986.0234375,1251.3082,14529.333984375,58.823499999999996,153,63,40,0,1
Myopic+Rollout,320,31912.9921875,21138.4921875,1176.2272,9598.2646484375,74.1007,139,36,38,0,2
Myopic+Rollout,321,28438.916015625,20444.771484375,1090.4115,6903.74169921875,74.8148,135,34,37,0,2
Myopic+Rollout,322,30471.73046875,20006.8515625,1113.1145,9351.76953125,69.7479,119,36,36,0,1
Myopic+Rollout,323,29904.951171875,21653.24609375,1147.42,7104.28662109375,69.3878,147,45,39,0,0
Myopic+Rollout,324,40659.37890625,21454.94140625,1251.4918,17952.943359375,63.9456,147,53,39,0,3
Myopic+Rollout,325,33155.3046875,21232.373046875,1279.2361,10643.6982421875,74.2857,140,36,38,0,1
Myopic+Rollout,326,48478.87109375,24300.251953125,1437.9187,22740.69921875,65.9459,185,63,44,0,1
Myopic+Rollout,327,34404.15625,21480.458984375,1240.9734,11682.716796875,66.4234,137,46,39,0,2
Myopic+Rollout,328,30625.083984375,20393.62890625,1112.2991,9119.154296875,65.07939999999999,126,44,37,0,2
Myopic+Rollout,329,28925.349609375,20387.6484375,1103.3906,7434.314453125,66.4,125,42,37,0,0
Myopic+Rollout,33,31255.111328125,21614.404296875,1162.1278,8478.58203125,70.1987,151,45,39,0,1
Myopic+Rollout,330,30539.794921875,20884.197265625,1199.3005,8456.294921875,62.8788,132,49,38,0,1
Myopic+Rollout,331,38885.2265625,22252.125,1161.8676,15471.232421875,68.09819999999999,163,52,40,0,0
Myopic+Rollout,332,33731.09765625,21997.123046875,1251.9336,10482.0478515625,72.2222,162,45,40,0,1
Myopic+Rollout,333,37577.74609375,22592.966796875,1277.1056,13707.6787109375,70.0637,157,47,41,0,0
Myopic+Rollout,334,31383.986328125,20390.806640625,1092.5234,9900.66015625,65.11630000000001,129,45,37,0,1
Myopic+Rollout,335,32839.72265625,22343.837890625,1271.1703,9224.708984375,74.21379999999999,159,41,40,0,0
Myopic+Rollout,336,29256.83203125,20497.912109375,1112.4972,7646.423828125,75.37310000000001,134,33,37,0,2
Myopic+Rollout,337,35569.88671875,22060.51953125,1246.7089,12262.6611328125,74.21379999999999,159,41,40,0,0
Myopic+Rollout,338,30303.66015625,21329.837890625,1169.9179,7803.90576171875,72.6027,146,40,39,0,0
Myopic+Rollout,339,31437.482421875,21483.107421875,1189.8753,8764.498046875,64.1379,145,52,39,0,2
Myopic+Rollout,34,36421.90625,22470.533203125,1367.8099,12583.5673828125,69.8113,159,48,41,0,0
Myopic+Rollout,340,29429.234375,19780.533203125,1108.3308,8540.3720703125,75.2066,121,30,36,0,1
Myopic+Rollout,341,27785.021484375,19850.931640625,1147.4038,6786.69140625,71.7949,117,33,36,0,0
Myopic+Rollout,342,38708.25,22349.294921875,1244.9035,15114.05078125,68.2927,164,52,40,0,2
Myopic+Rollout,343,35666.953125,21151.95703125,1110.422,13404.57421875,69.0647,139,43,38,0,0
Myopic+Rollout,344,38451.9765625,22734.169921875,1273.6295,14444.1796875,68.9655,174,54,41,0,0
Myopic+Rollout,345,31103.93359375,20479.994140625,1141.9312,9482.009765625,65.625,128,44,37,0,0
Myopic+Rollout,346,36400.77734375,23361.8828125,1302.6068,11736.28125,67.4286,175,57,42,0,2
Myopic+Rollout,347,36192.421875,22490.88671875,1306.9787,12394.552734375,67.9245,159,51,41,0,0
Myopic+Rollout,348,36852.91796875,22876.60546875,1278.1981,12698.123046875,68.6391,169,53,41,0,2
Myopic+Rollout,349,41777.0546875,23626.986328125,1379.3883,16770.6796875,65.3846,182,63,43,0,0
Myopic+Rollout,35,31983.69921875,21141.037109375,1137.3823,9705.2822265625,71.4286,140,40,38,0,1
Myopic+Rollout,350,28896.892578125,19969.19140625,1153.3196,7774.38330078125,73.33330000000001,120,32,36,0,1
Myopic+Rollout,351,36565.453125,22615.49609375,1281.2687,12668.6904296875,73.2143,168,45,41,0,0
Myopic+Rollout,352,35580.1328125,22125.029296875,1287.9589,12167.14453125,70.0,160,48,40,0,0
Myopic+Rollout,353,30277.322265625,20865.39453125,1101.7039,8310.22265625,62.1212,132,50,38,0,2
Myopic+Rollout,354,37790.9140625,21472.033203125,1166.6586,15152.21875,63.88890000000001,144,52,39,0,0
Myopic+Rollout,355,35463.42578125,21505.8203125,1141.0101,12816.5908203125,68.91890000000001,148,46,39,0,0
Myopic+Rollout,356,34429.875,21502.5625,1176.2646,11751.0478515625,68.2432,148,47,39,0,0
Myopic+Rollout,357,35125.671875,20900.0546875,1101.3969,13124.21875,72.8571,140,38,38,0,2
Myopic+Rollout,358,36898.421875,22097.228515625,1256.0229,13545.16796875,73.4177,158,42,40,0,0
Myopic+Rollout,359,37992.31640625,22122.998046875,1294.2537,14575.060546875,66.242,157,53,40,0,1
Myopic+Rollout,36,39399.89453125,22624.345703125,1333.0185,15442.529296875,67.05879999999999,170,56,41,0,1
Myopic+Rollout,360,28896.560546875,21371.259765625,1171.5679,6353.732421875,77.305,141,32,39,0,2
Myopic+Rollout,361,33703.7734375,21032.671875,1067.8712,11603.2314453125,65.9722,144,49,38,0,1
Myopic+Rollout,362,36042.546875,22256.2421875,1197.5474,12588.7578125,61.818200000000004,165,63,40,0,1
Myopic+Rollout,363,39663.06640625,23230.71875,1294.2292,15138.1123046875,67.7778,180,58,42,0,0
Myopic+Rollout,364,48505.640625,24550.326171875,1387.687,22567.62890625,61.6162,198,76,44,0,1
Myopic+Rollout,365,37084.8828125,21255.0234375,1211.402,14618.453125,66.6667,135,45,38,0,0
Myopic+Rollout,366,32130.87109375,21399.12109375,1152.8778,9578.8701171875,70.7143,140,41,39,0,3
Myopic+Rollout,367,36112.54296875,22148.48046875,1218.7374,12745.3330078125,67.90119999999999,162,52,40,0,0
Myopic+Rollout,368,37889.27734375,22121.486328125,1254.132,14513.662109375,65.3846,156,54,40,0,0
Myopic+Rollout,369,45313.53125,22517.92578125,1264.0441,21531.5546875,63.0952,168,62,41,0,0
Myopic+Rollout,37,28890.880859375,19912.09375,1069.6016,7909.18017578125,73.9496,119,31,36,0,1
Myopic+Rollout,370,37311.35546875,21688.017578125,1243.0714,14380.265625,65.2778,144,50,39,0,1
Myopic+Rollout,371,32321.173828125,21448.8359375,1156.0489,9716.296875,69.3878,147,45,39,0,0
Myopic+Rollout,372,32713.021484375,21593.12109375,1136.6535,9983.2451171875,71.6216,148,42,39,0,0
Myopic+Rollout,373,42084.91015625,22640.92578125,1254.4241,18189.572265625,60.9756,164,64,41,0,0
Myopic+Rollout,374,38636.43359375,21726.080078125,1239.5064,15670.8388671875,63.3333,150,55,39,0,1
Myopic+Rollout,375,35235.3828125,21007.564453125,1171.1458,13056.6728515625,65.5172,145,50,38,0,0
Myopic+Rollout,376,41664.20703125,23125.021484375,1302.6365,17236.5390625,65.5556,180,62,42,0,2
Myopic+Rollout,377,37668.22265625,22176.744140625,1245.9095,14245.568359375,69.9346,153,46,40,0,0
Myopic+Rollout,378,35069.58984375,21527.134765625,1182.4295,12360.03515625,72.7273,154,42,39,0,2
Myopic+Rollout,379,30728.53515625,21144.28125,1096.6218,8487.6357421875,68.57140000000001,140,44,38,0,0
Myopic+Rollout,38,35149.11328125,21482.736328125,1127.3961,12538.978515625,62.8205,156,58,39,0,0
Myopic+Rollout,380,35389.06640625,21198.205078125,1147.1488,13043.7060546875,66.1871,139,47,38,0,0
Myopic+Rollout,381,38129.6015625,23197.677734375,1317.3264,13614.5947265625,63.3333,180,66,42,0,1
Myopic+Rollout,382,33712.51171875,20339.43359375,1128.4283,12244.65234375,60.305299999999995,131,52,37,0,2
Myopic+Rollout,383,36512.72265625,22252.734375,1253.9225,13006.0693359375,61.7834,157,60,40,0,0
Myopic+Rollout,384,30564.33984375,20400.267578125,1062.2333,9101.8369140625,70.9924,131,38,37,0,0
Myopic+Rollout,385,32963.8125,20938.564453125,1179.1005,10846.150390625,70.5882,136,40,38,0,2
Myopic+Rollout,386,30588.21484375,21132.75,1165.6952,8289.767578125,67.4074,135,44,38,0,1
Myopic+Rollout,387,36898.3671875,21151.322265625,1133.7359,14613.30859375,66.6667,147,49,38,0,0
Myopic+Rollout,388,33304.21875,21570.19140625,1205.1984,10528.8251953125,72.6027,146,40,39,0,0
Myopic+Rollout,389,34997.39453125,21549.5078125,1144.2502,12303.6328125,67.1233,146,48,39,0,0
Myopic+Rollout,39,40787.58203125,22755.08203125,1239.2345,16793.265625,57.485,167,71,41,0,1
Myopic+Rollout,390,30799.48828125,20681.779296875,1148.4497,8969.259765625,65.6716,134,46,37,0,0
Myopic+Rollout,391,33830.33984375,22704.564453125,1279.2385,9846.5361328125,71.4286,168,48,41,0,0
Myopic+Rollout,392,39133.38671875,22818.677734375,1267.9124,15046.798828125,64.60669999999999,178,63,41,0,1
Myopic+Rollout,393,31586.166015625,21158.4765625,1170.8192,9256.8701171875,67.58619999999999,145,47,38,0,1
Myopic+Rollout,394,33424.08203125,21682.8671875,1214.3555,10526.8564453125,65.33330000000001,150,52,39,0,1
Myopic+Rollout,395,32524.048828125,21700.423828125,1214.4181,9609.203125,75.33330000000001,150,37,39,0,2
Myopic+Rollout,396,35604.19921875,21000.87109375,1169.6408,13433.6845703125,67.9389,131,42,38,0,0
Myopic+Rollout,397,35358.83203125,21056.34375,1095.2404,13207.248046875,63.194399999999995,144,53,38,0,0
Myopic+Rollout,398,29272.873046875,19984.15234375,1127.031,8161.68896484375,72.9508,122,33,36,0,0
Myopic+Rollout,399,39134.5625,22213.7734375,1221.0588,15699.7265625,66.0256,156,53,40,0,1
Myopic+Rollout,4,32361.51953125,21599.697265625,1184.669,9577.150390625,67.3469,147,48,39,0,0
Myopic+Rollout,40,31397.423828125,21080.27734375,1153.3366,9163.802734375,69.28569999999999,140,43,38,0,0
Myopic+Rollout,400,48311.953125,22336.521484375,1228.0813,24747.349609375,56.213,169,74,40,0,1
Myopic+Rollout,401,31088.451171875,19910.767578125,1045.178,10132.5068359375,67.2131,122,40,36,0,1
Myopic+Rollout,402,33995.2265625,20466.203125,1068.9247,12460.099609375,68.18180000000001,132,42,37,0,1
Myopic+Rollout,403,38841.140625,22902.314453125,1243.3888,14695.435546875,61.01689999999999,177,69,41,0,2
Myopic+Rollout,404,39546.265625,22750.77734375,1323.1538,15472.3330078125,60.8696,161,63,41,0,1
Myopic+Rollout,405,33086.47265625,21511.44921875,1139.5824,10435.439453125,69.863,146,44,39,0,1
Myopic+Rollout,406,33959.10546875,20576.025390625,1114.8985,12268.1826171875,69.9248,133,40,37,0,2
Myopic+Rollout,407,29181.47265625,20630.763671875,1147.865,7402.84228515625,76.3359,131,31,37,0,1
Myopic+Rollout,408,36365.81640625,22470.533203125,1219.6323,12675.654296875,69.2771,166,51,41,0,0
Myopic+Rollout,409,30734.572265625,20275.89453125,1072.8947,9385.78125,69.9187,123,37,37,0,0
Myopic+Rollout,41,35855.71875,22137.28515625,1285.4643,12432.9658203125,62.1795,156,59,40,0,0
Myopic+Rollout,410,36700.87890625,22121.01953125,1193.0303,13386.83203125,60.2564,156,62,40,0,1
Myopic+Rollout,411,39206.33203125,22801.501953125,1262.6488,15142.17578125,69.7674,172,52,41,0,0
Myopic+Rollout,412,37482.9296875,22352.27734375,1276.045,13854.61328125,66.25,160,54,40,0,1
Myopic+Rollout,413,37440.14453125,22934.564453125,1320.6727,13184.9091796875,70.0599,167,50,41,0,0
Myopic+Rollout,414,36785.78125,21973.623046875,1267.9532,13544.2060546875,70.9677,155,45,40,0,1
Myopic+Rollout,415,32709.103515625,21132.333984375,1121.3897,10455.384765625,64.9635,137,48,38,0,1
Myopic+Rollout,416,28390.998046875,20016.5234375,1191.2359,7183.244140625,72.9508,122,33,36,0,1
Myopic+Rollout,417,38710.1796875,22182.294921875,1238.8132,15289.072265625,70.0,150,45,40,0,0
Myopic+Rollout,418,32772.578125,22034.3359375,1168.5717,9569.6689453125,74.026,154,40,40,0,1
Myopic+Rollout,419,36512.82421875,21655.029296875,1203.6332,13654.1650390625,66.2338,154,52,39,0,1
Myopic+Rollout,42,35925.390625,22318.166015625,1317.5126,12289.7138671875,70.0,160,48,40,0,0
Myopic+Rollout,420,32738.671875,20998.71875,1155.1595,10584.7919921875,71.4286,140,40,38,0,0
Myopic+Rollout,421,39458.625,22140.466796875,1263.827,16054.333984375,62.5806,155,58,40,0,0
Myopic+Rollout,422,34100.1015625,21611.724609375,1222.685,11265.6923828125,66.6667,144,48,39,0,1
Myopic+Rollout,423,31646.03125,21331.826171875,1162.5093,9151.697265625,67.13289999999999,143,47,39,0,2
Myopic+Rollout,424,30114.3671875,21192.314453125,1089.4562,7832.6005859375,73.2877,146,39,38,0,1
Myopic+Rollout,425,31505.578125,20945.185546875,1136.0065,9424.380859375,66.6667,132,44,38,0,2
Myopic+Rollout,426,44038.2578125,23082.263671875,1321.538,19634.462890625,59.116,181,74,42,0,2
Myopic+Rollout,427,31561.13671875,21743.791015625,1206.1595,8611.1865234375,76.0,150,36,39,0,2
Myopic+Rollout,428,30172.205078125,21180.525390625,1185.5941,7806.08251953125,67.3913,138,45,38,0,2
Myopic+Rollout,429,30637.712890625,20471.23046875,1160.137,9006.349609375,66.92909999999999,127,42,37,0,3
Myopic+Rollout,43,29364.119140625,21417.57421875,1222.6195,6723.92138671875,68.5315,143,45,39,0,0
Myopic+Rollout,430,35846.1484375,22561.552734375,1255.2858,12029.3115234375,69.697,165,50,41,0,0
Myopic+Rollout,431,27577.498046875,19394.91015625,1104.7868,7077.79736328125,67.0,100,33,35,0,0
Myopic+Rollout,432,36074.90234375,21602.419921875,1147.8249,13324.65625,67.3469,147,48,39,0,0
Myopic+Rollout,433,39092.875,21043.982421875,1169.6687,16879.22265625,66.4336,143,48,38,0,1
Myopic+Rollout,434,31178.0546875,21030.314453125,1135.0041,9012.7373046875,74.0741,135,35,38,0,2
Myopic+Rollout,435,36047.40234375,21441.541015625,1138.4838,13467.3740234375,75.33330000000001,150,37,39,0,2
Myopic+Rollout,436,34526.75390625,21649.134765625,1222.9474,11654.6689453125,71.3333,150,43,39,0,1
Myopic+Rollout,437,38757.07421875,22847.83984375,1302.9751,14606.263671875,67.2619,168,55,41,0,0
Myopic+Rollout,438,33156.546875,21720.08203125,1127.8253,10308.640625,69.1824,159,49,39,0,1
Myopic+Rollout,439,35990.87890625,21958.466796875,1193.1808,12839.2275390625,65.60510000000001,157,54,40,0,2
Myopic+Rollout,44,36899.8359375,21972.03125,1215.13,13712.673828125,65.60510000000001,157,54,40,0,1
Myopic+Rollout,440,35714.6875,21226.212890625,1123.9975,13364.48046875,62.328799999999994,146,55,38,0,0
Myopic+Rollout,441,32265.720703125,20979.2265625,1168.02,10118.4775390625,75.1724,145,36,38,0,0
Myopic+Rollout,442,32847.91015625,21084.75,1158.2719,10604.8935546875,70.922,141,41,38,0,0
Myopic+Rollout,443,29391.775390625,20515.416015625,1126.4241,7749.93701171875,66.6667,126,42,37,0,1
Myopic+Rollout,444,33072.28125,22003.326171875,1326.2036,9742.7509765625,73.5484,155,41,40,0,0
Myopic+Rollout,445,39103.50390625,22506.384765625,1282.9524,15314.1533203125,71.2575,167,48,41,0,0
Myopic+Rollout,446,29206.4921875,19948.17578125,1061.0127,8197.306640625,72.7273,121,33,36,0,1
Myopic+Rollout,447,35887.0546875,22342.517578125,1229.4807,12315.056640625,67.2727,165,54,40,0,2
Myopic+Rollout,448,35812.16796875,21223.00390625,1171.1328,13418.0322265625,63.01369999999999,146,54,38,0,0
Myopic+Rollout,449,35473.3359375,21621.017578125,1168.89,12683.4365234375,69.1275,149,46,39,0,1
Myopic+Rollout,45,28344.509765625,20211.205078125,1065.9228,7067.3857421875,72.7273,121,33,37,0,1
Myopic+Rollout,450,38479.546875,21728.4453125,1225.2639,15525.8349609375,64.0523,153,55,39,0,3
Myopic+Rollout,451,28265.46875,20849.90625,1145.0755,6270.4912109375,77.0992,131,30,38,0,0
Myopic+Rollout,452,35245.94140625,20890.998046875,1158.3959,13196.541015625,64.8855,131,46,38,0,0
Myopic+Rollout,453,33250.71875,22511.923828125,1304.9984,9433.796875,70.9677,155,45,41,0,1
Myopic+Rollout,454,33885.640625,21105.826171875,1110.8475,11668.9619140625,66.1871,139,47,38,0,1
Myopic+Rollout,455,30222.171875,20496.728515625,1161.2053,8564.2451171875,75.7812,128,31,37,0,0
Myopic+Rollout,456,29396.21484375,19779.140625,1068.6168,8548.4501953125,71.0744,121,35,36,0,1
Myopic+Rollout,457,29932.080078125,20250.96484375,1143.6511,8537.4638671875,69.6721,122,37,37,0,0
Myopic+Rollout,458,34973.16015625,21469.212890625,1192.2391,12311.7138671875,70.7483,147,43,39,0,0
Myopic+Rollout,459,38527.359375,22190.064453125,1220.8793,15116.4111328125,57.05519999999999,163,70,40,0,1
Myopic+Rollout,46,34194.15234375,21114.765625,1215.5003,11863.8818359375,60.0,140,56,38,0,0
Myopic+Rollout,460,33230.10546875,21560.455078125,1245.8631,10423.7802734375,67.8322,143,46,39,0,1
Myopic+Rollout,461,26649.091796875,19473.98046875,1167.8886,6007.2236328125,66.6667,111,37,35,0,1
Myopic+Rollout,462,35958.62890625,22116.322265625,1236.1878,12606.1142578125,66.6667,162,54,40,0,0
Myopic+Rollout,463,32994.46484375,20353.859375,1032.629,11607.974609375,67.9389,131,42,37,0,2
Myopic+Rollout,464,32055.37890625,20261.94921875,1091.1775,10702.2607421875,69.2913,127,39,37,0,0
Myopic+Rollout,465,30612.240234375,20983.578125,1173.7333,8454.923828125,70.073,137,41,38,0,1
Myopic+Rollout,466,32086.109375,20004.6171875,1078.3065,11003.1826171875,69.42150000000001,121,37,36,0,2
Myopic+Rollout,467,35140.640625,22077.677734375,1314.5355,11748.4208984375,65.1899,158,55,40,0,0
Myopic+Rollout,468,35719.65625,21999.888671875,1260.551,12459.2138671875,67.5159,157,51,40,0,0
Myopic+Rollout,469,34747.8125,21194.001953125,1198.6233,12355.18359375,64.2336,137,49,38,0,0
Myopic+Rollout,47,30703.66015625,20820.48828125,1082.9227,8800.2490234375,73.5714,140,37,38,0,0
Myopic+Rollout,470,36121.09765625,21613.369140625,1136.6547,13371.078125,57.9618,157,66,39,0,2
Myopic+Rollout,471,33513.8046875,21494.60546875,1182.1481,10837.0478515625,70.1299,154,46,39,0,1
Myopic+Rollout,472,36379.84375,21598.259765625,1172.498,13609.08203125,65.9864,147,50,39,0,1
Myopic+Rollout,473,41002.8515625,23409.771484375,1226.8989,16366.1826171875,65.5738,183,63,42,0,0
Myopic+Rollout,474,27537.30859375,19110.533203125,1035.3368,7391.4345703125,66.3366,101,34,35,0,0
Myopic+Rollout,475,34712.796875,19969.359375,1034.4591,13708.9794921875,64.8438,128,45,36,0,1
Myopic+Rollout,476,31516.435546875,21472.89453125,1182.8147,8860.73046875,75.5245,143,35,39,0,2
Myopic+Rollout,477,28776.90625,19110.533203125,1004.0589,8662.3115234375,59.434,106,43,35,0,0
Myopic+Rollout,478,32971.28125,20511.984375,1156.2098,11303.0869140625,66.6667,138,46,37,0,1
Myopic+Rollout,479,35596.984375,22005.021484375,1290.5343,12301.435546875,72.0779,154,43,40,0,2
Myopic+Rollout,48,32176.515625,21719.841796875,1190.8219,9265.8466796875,73.7179,156,41,39,0,2
Myopic+Rollout,480,36017.46875,21788.6796875,1218.9668,13009.82421875,65.3846,156,54,39,0,1
Myopic+Rollout,481,32881.8515625,21566.45703125,1150.9242,10164.4697265625,74.4681,141,36,39,0,2
Myopic+Rollout,482,29539.046875,21166.677734375,1152.6964,7219.66943359375,70.3704,135,40,38,0,0
Myopic+Rollout,483,34705.4453125,22644.453125,1319.54,10741.44921875,61.5854,164,63,41,0,0
Myopic+Rollout,484,47035.6171875,22907.07421875,1288.9515,22839.587890625,62.573100000000004,171,64,41,0,4
Myopic+Rollout,485,35776.84375,22168.71484375,1214.8491,12393.2841796875,68.32300000000001,161,51,40,0,0
Myopic+Rollout,486,28399.828125,19965.24609375,1003.1328,7431.4482421875,76.2295,122,29,36,0,0
Myopic+Rollout,487,35114.00390625,22395.1875,1230.0306,11488.787109375,67.5,160,52,40,0,0
Myopic+Rollout,488,26767.431640625,19466.748046875,994.8117,6305.86962890625,70.6897,116,34,35,0,1
Myopic+Rollout,489,37235.08203125,22236.99609375,1125.5156,13872.568359375,63.9752,161,58,40,0,1
Myopic+Rollout,49,33472.25,21537.02734375,1208.0197,10727.201171875,62.1622,148,56,39,0,3
Myopic+Rollout,490,32073.833984375,20468.376953125,1131.9356,10473.521484375,67.1875,128,42,37,0,0
Myopic+Rollout,491,32512.541015625,22102.978515625,1325.436,9084.1328125,63.5135,148,54,40,0,0
Myopic+Rollout,492,30476.4296875,20558.951171875,1114.3685,8803.107421875,70.0787,127,38,37,0,0
Myopic+Rollout,493,32012.791015625,21055.11328125,1196.968,9760.7099609375,70.0,140,42,38,0,0
Myopic+Rollout,494,31954.828125,21632.1328125,1138.3549,9184.3447265625,71.4286,154,44,39,0,1
Myopic+Rollout,495,37992.21875,22761.515625,1208.5646,14022.1435546875,65.6805,169,58,41,0,0
Myopic+Rollout,496,30341.958984375,20501.236328125,1123.7698,8716.953125,73.48479999999999,132,35,37,0,1
Myopic+Rollout,497,52490.9140625,23270.02734375,1350.253,27870.6328125,62.427699999999994,173,65,42,0,1
Myopic+Rollout,498,30528.720703125,20054.453125,1063.3061,9410.9609375,70.2479,121,36,36,0,0
Myopic+Rollout,499,31494.41015625,21373.93359375,1154.3137,8966.1611328125,72.9167,144,39,39,0,0
Myopic+Rollout,5,33548.48046875,20486.97265625,1138.8034,11922.701171875,67.4419,129,42,37,0,1
Myopic+Rollout,50,37437.234375,22356.62890625,1236.6271,13843.974609375,60.8696,161,63,40,0,2
Myopic+Rollout,500,39375.5,22019.6796875,1219.9551,16135.8642578125,67.70190000000001,161,52,40,0,2
Myopic+Rollout,51,44462.6796875,22295.240234375,1192.5885,20974.85546875,62.874300000000005,167,62,40,0,1
Myopic+Rollout,52,32115.884765625,20857.25390625,1114.297,10144.3388671875,66.4286,140,47,38,0,0
Myopic+Rollout,53,39286.296875,21721.8828125,1235.8073,16328.609375,66.242,157,53,39,0,1
Myopic+Rollout,54,30527.4140625,21071.7421875,1152.0225,8303.6513671875,69.7842,139,42,38,0,0
Myopic+Rollout,55,33084.6953125,21130.064453125,1146.2427,10808.390625,69.2308,143,44,38,0,1
Myopic+Rollout,56,30433.517578125,21941.349609375,1259.2626,7232.91015625,72.3684,152,42,40,0,2
Myopic+Rollout,57,34539.8984375,20910.04296875,1160.348,12469.509765625,68.6567,134,42,38,0,2
Myopic+Rollout,58,38007.84375,22310.751953125,1303.2472,14393.8388671875,61.5385,156,60,40,0,0
Myopic+Rollout,59,66368.4921875,24856.98046875,1531.9564,39979.55859375,44.6602,206,114,45,0,0
Myopic+Rollout,6,45571.953125,23814.763671875,1381.1436,20376.03515625,57.2193,187,80,43,0,1
Myopic+Rollout,60,33565.77734375,20934.119140625,1185.2118,11446.443359375,67.1533,137,45,38,0,2
Myopic+Rollout,61,32803.9765625,21197.056640625,1136.452,10470.4716796875,68.4932,146,46,38,0,0
Myopic+Rollout,62,31027.92578125,21219.123046875,1164.8724,8643.931640625,71.0145,138,40,38,0,1
Myopic+Rollout,63,36998.1484375,22109.794921875,1251.8117,13636.5380859375,66.6667,159,53,40,0,1
Myopic+Rollout,64,40837.7890625,22298.94921875,1206.3511,17332.484375,55.0898,167,75,40,0,1
Myopic+Rollout,65,36264.98828125,21626.3125,1198.627,13440.046875,56.00000000000001,150,66,39,0,0
Myopic+Rollout,66,36883.68359375,21819.908203125,1197.0021,13866.7763671875,64.5161,155,55,39,0,2
Myopic+Rollout,67,41484.70703125,22470.533203125,1350.1393,17664.0390625,65.26950000000001,167,58,41,0,0
Myopic+Rollout,68,29273.564453125,20425.4296875,1044.6893,7803.44482421875,72.51910000000001,131,36,37,0,0
Myopic+Rollout,69,31598.7109375,20297.16796875,1121.6372,10179.904296875,72.0,125,35,37,0,0
Myopic+Rollout,7,29873.09765625,20923.431640625,1153.7102,7795.95361328125,65.6489,131,45,38,0,0
Myopic+Rollout,70,41291.515625,23657.57421875,1372.062,16261.876953125,59.782599999999995,184,74,43,0,0
Myopic+Rollout,71,29156.65234375,20501.30078125,1101.183,7554.16943359375,72.2222,126,35,37,0,1
Myopic+Rollout,72,26702.0234375,20349.79296875,1110.9928,5241.23974609375,76.0,125,30,37,0,0
Myopic+Rollout,73,36311.41796875,23167.2734375,1311.8958,11832.244140625,72.09299999999999,172,48,42,0,0
Myopic+Rollout,74,36111.1640625,21048.84765625,1206.9971,13855.3232421875,66.4234,137,46,38,0,1
Myopic+Rollout,75,36986.7265625,21688.08984375,1222.4902,14076.1474609375,68.4564,149,47,39,0,3
Myopic+Rollout,76,35565.98046875,21557.068359375,1245.8331,12763.0810546875,66.4286,140,47,39,0,0
Myopic+Rollout,77,27624.6171875,19988.046875,1100.5827,6535.99462890625,72.03389999999999,118,33,36,0,0
Myopic+Rollout,78,43202.3515625,21520.28515625,1269.7509,20412.318359375,58.10809999999999,148,62,39,0,0
Myopic+Rollout,79,40883.58203125,23471.828125,1404.4566,16007.28515625,67.4286,175,57,42,0,0
Myopic+Rollout,8,31698.517578125,21409.162109375,1214.5395,9074.81640625,71.0345,145,42,39,0,1
Myopic+Rollout,80,31841.84375,20532.630859375,1056.6339,10252.578125,65.71430000000001,140,48,37,0,1
Myopic+Rollout,81,41625.49609375,22702.875,1257.2063,17665.41796875,59.7561,164,66,41,0,1
Myopic+Rollout,82,57698.1328125,24214.119140625,1296.0376,32187.978515625,59.0,200,82,44,0,1
Myopic+Rollout,83,32314.53125,21697.35546875,1235.7619,9381.408203125,74.0,150,39,39,0,1
Myopic+Rollout,84,39881.71875,22591.16015625,1291.8871,15998.6748046875,69.3252,163,50,41,0,0
Myopic+Rollout,85,36242.33203125,22225.02734375,1280.0688,12737.2275390625,60.897400000000005,156,61,40,0,0
Myopic+Rollout,86,30765.20703125,21029.091796875,1167.3678,8568.736328125,68.57140000000001,140,44,38,0,0
Myopic+Rollout,87,30634.560546875,20817.986328125,1129.7298,8686.83984375,66.16539999999999,133,45,38,0,2
Myopic+Rollout,88,44081.81640625,24575.212890625,1377.6981,18128.916015625,67.0,200,66,44,0,0
Myopic+Rollout,89,31914.23046875,20617.841796875,1112.0605,10184.3271484375,62.318799999999996,138,52,37,0,1
Myopic+Rollout,9,28237.85546875,20304.005859375,1069.9251,6863.92333984375,70.8661,127,37,37,0,0
Myopic+Rollout,90,32918.5,21471.703125,1179.9818,10266.8125,69.9301,143,43,39,0,0
Myopic+Rollout,91,33440.828125,20932.029296875,1151.3276,11357.47265625,67.8322,143,46,38,0,1
Myopic+Rollout,92,37867.078125,22390.294921875,1272.9285,14203.857421875,62.02530000000001,158,60,40,0,0
Myopic+Rollout,93,34053.89453125,21760.423828125,1205.3022,11088.1767578125,60.544200000000004,147,58,39,0,0
Myopic+Rollout,94,32625.958984375,21144.884765625,1166.9823,10314.0849609375,69.7183,142,43,38,0,0
Myopic+Rollout,95,29487.1484375,19923.685546875,1075.1044,8488.359375,71.7949,117,33,36,0,1
Myopic+Rollout,96,30047.85546875,20590.48046875,1064.431,8392.9462890625,68.6567,134,42,37,0,2
Myopic+Rollout,97,34585.84375,22071.244140625,1179.36,11335.236328125,64.557,158,56,40,0,1
Myopic+Rollout,98,32878.859375,21459.28515625,1224.5631,10195.0107421875,74.2857,140,36,39,0,1
Myopic+Rollout,99,30365.447265625,19513.482421875,1021.4287,9830.5283203125,70.4348,115,34,35,0,1
Myopic++Rollout,1,29947.302734375,20860.947265625,1174.9176,7911.43701171875,70.229,131,39,38,0,0
Myopic++Rollout,10,35254.0234375,21704.111328125,1235.1908,12314.7216796875,68.4564,149,47,39,0,3
Myopic++Rollout,100,33671.41796875,20516.337890625,1112.0235,12043.0537109375,65.873,126,43,37,0,1
Myopic++Rollout,101,36211.4375,22073.705078125,1156.9849,12980.744140625,67.0732,164,54,40,0,0
Myopic++Rollout,102,34150.7265625,21731.9453125,1164.3503,11254.4306640625,68.2432,148,47,39,0,1
Myopic++Rollout,103,29381.021484375,20305.859375,1106.6313,7968.53369140625,70.6349,126,37,37,0,0
Myopic++Rollout,104,33765.4140625,22532.966796875,1270.3093,9962.1376953125,70.0,160,48,41,0,0
Myopic++Rollout,105,30875.052734375,20952.130859375,1183.9025,8739.0166015625,74.2424,132,34,38,0,1
Myopic++Rollout,106,31641.625,21147.822265625,1203.9161,9289.8876953125,75.6944,144,35,38,0,0
Myopic++Rollout,107,37086.640625,21968.24609375,1212.1524,13906.2412109375,69.8113,159,48,40,0,0
Myopic++Rollout,108,28417.669921875,20311.05859375,1182.9429,6923.66796875,67.2,125,41,37,0,2
Myopic++Rollout,109,31190.244140625,20900.984375,1113.9192,9175.337890625,70.7143,140,41,38,0,3
Myopic++Rollout,11,35252.23828125,22656.5625,1270.4677,11325.2158203125,66.2722,169,57,41,0,0
Myopic++Rollout,110,31743.853515625,20809.048828125,1186.7426,9748.0576171875,71.8519,135,38,38,0,1
Myopic++Rollout,111,40220.953125,22590.580078125,1288.1714,16342.2001953125,67.9245,159,51,41,0,0
Myopic++Rollout,112,26543.1484375,20260.216796875,1103.8399,5179.09130859375,71.3043,115,33,37,0,0
Myopic++Rollout,113,30290.611328125,21078.974609375,1101.0716,8110.5625,67.8322,143,46,38,0,2
Myopic++Rollout,114,34420.19140625,22171.84765625,1196.1005,11052.236328125,63.4615,156,57,40,0,1
Myopic++Rollout,115,36890.7265625,22235.439453125,1213.4494,13441.833984375,67.0659,167,55,40,0,1
Myopic++Rollout,116,34675.18359375,21559.291015625,1181.2336,11934.65625,66.6667,144,48,39,0,3
Myopic++Rollout,117,35624.16015625,21585.27734375,1235.1519,12803.7265625,67.5676,148,48,39,0,4
Myopic++Rollout,118,32374.435546875,21650.97265625,1147.322,9576.1396484375,68.83120000000001,154,48,39,0,2
Myopic++Rollout,119,29161.54296875,20614.078125,1076.9513,7470.5185546875,74.8148,135,34,37,0,0
Myopic++Rollout,12,34692.7890625,21541.359375,1234.3348,11917.099609375,70.068,147,44,39,0,0
Myopic++Rollout,120,34606.09375,21562.18359375,1113.7487,11930.16015625,72.1088,147,41,39,0,2
Myopic++Rollout,121,25399.775390625,19277.81640625,1020.6865,5101.27197265625,74.5098,102,26,35,0,1
Myopic++Rollout,122,29495.708984375,19405.341796875,1038.8633,9051.5029296875,69.9115,113,34,35,0,0
Myopic++Rollout,123,34776.2265625,22106.73828125,1170.1884,11499.3046875,64.3312,157,56,40,0,0
Myopic++Rollout,124,32174.3046875,21701.38671875,1274.099,9198.8203125,63.829800000000006,141,51,39,0,1
Myopic++Rollout,125,34525.734375,20973.22265625,1103.4611,12449.0458984375,67.13289999999999,143,47,38,0,2
Myopic++Rollout,126,30697.203125,19927.2265625,1146.1472,9623.830078125,69.1667,120,37,36,0,0
Myopic++Rollout,127,32849.21875,21016.89453125,1146.5908,10685.732421875,71.94239999999999,139,39,38,0,2
Myopic++Rollout,128,36468.5390625,22335.748046875,1277.844,12854.9443359375,69.0909,165,51,40,0,0
Myopic++Rollout,129,34746.69921875,22543.73046875,1198.1952,11004.77734375,66.8639,169,56,41,0,0
Myopic++Rollout,13,31887.296875,21700.001953125,1232.9325,8954.357421875,63.57620000000001,151,55,39,0,1
Myopic++Rollout,130,31903.482421875,22069.49609375,1158.4752,8675.51171875,68.5897,156,49,40,0,0
Myopic++Rollout,131,46988.28125,23209.392578125,1322.702,22456.1953125,59.7765,179,72,42,0,0
Myopic++Rollout,132,32107.669921875,21880.78125,1221.2864,9005.60546875,73.50989999999999,151,40,40,0,1
Myopic++Rollout,133,30670.294921875,21055.599609375,1164.0182,8450.6806640625,69.1176,136,42,38,0,1
Myopic++Rollout,134,32930.05078125,20714.302734375,1133.624,11082.1259765625,67.8832,137,44,37,0,0
Myopic++Rollout,135,33949.1171875,20985.373046875,1105.0715,11858.669921875,67.1642,134,44,38,0,0
Myopic++Rollout,136,42437.6875,22222.3984375,1248.2324,18967.056640625,66.879,157,52,40,0,1
Myopic++Rollout,137,31159.216796875,21034.17578125,1206.6244,8918.419921875,67.4074,135,44,38,0,0
Myopic++Rollout,138,29296.796875,20708.42578125,1204.7276,7383.642578125,70.229,131,39,37,0,0
Myopic++Rollout,139,37426.78515625,22849.3046875,1313.7684,13263.708984375,64.7059,170,60,41,0,1
Myopic++Rollout,14,41702.765625,22275.052734375,1211.2477,18216.47265625,69.7531,162,49,40,0,0
Myopic++Rollout,140,27563.279296875,20539.42578125,1107.6973,5916.15625,69.84129999999999,126,38,37,0,2
Myopic++Rollout,141,40504.40625,22363.85546875,1241.7917,16898.76953125,62.804899999999996,164,61,40,0,2
Myopic++Rollout,142,29732.41015625,19974.658203125,1074.8852,8682.8662109375,67.2131,122,40,36,0,1
Myopic++Rollout,143,39297.8203125,22120.802734375,1276.6384,15900.3779296875,65.2174,161,56,40,0,0
Myopic++Rollout,144,28742.96875,20791.03515625,1142.7154,6809.220703125,74.26469999999999,136,35,38,0,0
Myopic++Rollout,145,46802.36328125,22815.232421875,1276.0095,22711.123046875,55.3571,168,75,41,0,0
Myopic++Rollout,146,34978.44140625,22041.818359375,1162.4657,11774.15234375,70.3704,162,48,40,0,0
Myopic++Rollout,147,30672.595703125,21545.994140625,1259.7352,7866.8681640625,75.3623,138,34,39,0,1
Myopic++Rollout,148,34674.859375,21164.244140625,1172.8513,12337.7626953125,60.8696,138,54,38,0,0
Myopic++Rollout,149,37492.78125,22360.69921875,1362.1323,13769.9521484375,59.8726,157,63,40,0,0
Myopic++Rollout,15,32166.361328125,21974.482421875,1239.5793,8952.302734375,73.7179,156,41,40,0,1
Myopic++Rollout,150,32146.6328125,21647.6640625,1248.2887,9250.6884765625,67.1141,149,49,39,0,0
Myopic++Rollout,151,32851.125,21631.62109375,1184.1427,10035.3662109375,72.0779,154,43,39,0,3
Myopic++Rollout,152,32875.125,22259.619140625,1286.8774,9328.630859375,69.6203,158,48,40,0,0
Myopic++Rollout,153,31592.916015625,21802.79296875,1286.7318,8503.3876953125,76.1905,147,35,39,0,0
Myopic++Rollout,154,31570.732421875,21123.763671875,1160.5054,9286.4619140625,63.309400000000004,139,51,38,0,0
Myopic++Rollout,155,38915.32421875,23026.482421875,1370.2907,14518.5556640625,65.4321,162,56,42,0,1
Myopic++Rollout,156,38177.25,22066.9921875,1202.0249,14908.228515625,66.6667,162,54,40,0,2
Myopic++Rollout,157,32154.390625,20854.078125,1222.9102,10077.4013671875,67.2,125,41,38,0,1
Myopic++Rollout,158,34180.52734375,21216.734375,1253.2019,11710.5888671875,67.14290000000001,140,46,38,0,1
Myopic++Rollout,159,35806.70703125,21712.232421875,1272.5538,12821.9169921875,74.1497,147,38,39,0,2
Myopic++Rollout,16,36490.953125,22304.888671875,1212.4225,12973.642578125,68.75,160,50,40,0,0
Myopic++Rollout,160,30650.896484375,20987.025390625,1172.4285,8491.4423828125,71.11110000000001,135,39,38,0,1
Myopic++Rollout,161,29589.3125,20033.63671875,1069.2268,8486.4462890625,67.4797,123,40,36,0,1
Myopic++Rollout,162,29405.484375,19884.21875,1057.4089,8463.859375,71.5517,116,33,36,0,2
Myopic++Rollout,163,27801.017578125,20397.24609375,1159.1547,6244.61962890625,73.1707,123,33,37,0,0
Myopic++Rollout,164,30418.67578125,20915.638671875,1156.1462,8346.892578125,71.0145,138,40,38,0,0
Myopic++Rollout,165,36928.328125,22201.568359375,1199.3183,13527.4443359375,63.694300000000005,157,57,40,0,3
Myopic++Rollout,166,35640.75390625,22333.322265625,1207.3282,12100.1103515625,66.06060000000001,165,56,40,0,0
Myopic++Rollout,167,35709.8828125,21970.921875,1252.3866,12486.5751953125,62.585,147,55,40,0,0
Myopic++Rollout,168,29594.986328125,20620.26953125,1147.2399,7827.4775390625,73.8462,130,34,37,0,0
Myopic++Rollout,169,39092.484375,22998.859375,1332.0227,14761.609375,63.7427,171,62,42,0,0
Myopic++Rollout,17,29380.1640625,21419.220703125,1236.5061,6724.44091796875,68.57140000000001,140,44,39,0,0
Myopic++Rollout,170,32358.8671875,20810.580078125,1043.0691,10505.2236328125,67.6056,142,46,38,0,3
Myopic++Rollout,171,34521.06640625,22177.123046875,1189.4761,11154.466796875,67.8788,165,53,40,0,1
Myopic++Rollout,172,29688.109375,21005.6171875,1185.3033,7497.189453125,74.62689999999999,134,34,38,0,0
Myopic++Rollout,173,29390.15625,20721.33203125,1110.6416,7558.18310546875,69.9248,133,40,37,0,0
Myopic++Rollout,174,34139.63671875,21804.98046875,1196.0436,11138.6171875,70.8609,151,44,39,0,1
Myopic++Rollout,175,33739.38671875,21592.900390625,1185.0801,10961.4033203125,67.5676,148,48,39,0,3
Myopic++Rollout,176,33064.80859375,21628.734375,1142.2551,10293.8154296875,64.539,141,50,39,0,1
Myopic++Rollout,177,35857.16015625,21727.537109375,1263.9298,12865.6884765625,64.42949999999999,149,53,39,0,2
Myopic++Rollout,178,39077.5234375,23315.24609375,1285.8838,14476.3916015625,67.2414,174,57,42,0,0
Myopic++Rollout,179,39113.3828125,22128.26171875,1274.1068,15711.009765625,68.18180000000001,154,49,40,0,0
Myopic++Rollout,18,35314.0234375,21575.935546875,1296.7099,12441.3798828125,62.328799999999994,146,55,39,0,4
Myopic++Rollout,180,37700.32421875,23324.064453125,1378.4627,12997.7919921875,66.2791,172,58,42,0,0
Myopic++Rollout,181,32652.431640625,20460.841796875,1058.6903,11132.900390625,67.1642,134,44,37,0,1
Myopic++Rollout,182,34973.1640625,20973.984375,1182.7087,12816.4658203125,69.4444,144,44,38,0,0
Myopic++Rollout,183,32158.470703125,21747.87890625,1188.2619,9222.3271484375,71.4286,154,44,39,0,0
Myopic++Rollout,184,36667.91015625,21747.3359375,1202.3511,13718.232421875,63.6364,154,56,39,0,2
Myopic++Rollout,185,37489.17578125,23001.923828125,1332.8347,13154.419921875,62.7219,169,63,42,0,0
Myopic++Rollout,186,38527.21484375,21979.76953125,1220.8765,15326.568359375,67.5159,157,51,40,0,0
Myopic++Rollout,187,38188.62890625,22216.201171875,1294.505,14677.9228515625,62.1795,156,59,40,0,0
Myopic++Rollout,188,32316.90625,20641.3515625,1157.1059,10518.4453125,66.1765,136,46,37,0,1
Myopic++Rollout,189,31353.517578125,21332.83984375,1202.7433,8817.927734375,61.9718,142,54,39,0,1
Myopic++Rollout,19,40087.68359375,22362.146484375,1252.1041,16473.43359375,63.354,161,59,40,0,0
Myopic++Rollout,190,32463.80859375,21777.828125,1188.2403,9497.7412109375,74.3243,148,38,39,0,2
Myopic++Rollout,191,34201.12109375,21644.068359375,1260.8356,11296.21875,67.6056,142,46,39,0,0
Myopic++Rollout,192,31318.67578125,20478.93359375,1187.1816,9652.55859375,68.9922,129,40,37,0,2
Myopic++Rollout,193,33896.93359375,21518.5859375,1226.6691,11151.6806640625,69.3878,147,45,39,0,1
Myopic++Rollout,194,34078.57421875,21753.3359375,1229.3914,11095.8505859375,70.4698,149,44,39,0,2
Myopic++Rollout,195,31093.076171875,20884.234375,1146.811,9062.0341796875,73.8806,134,35,38,0,1
Myopic++Rollout,196,40694.8359375,22675.51171875,1276.5742,16742.73828125,66.4671,167,56,41,0,1
Myopic++Rollout,197,40656.3125,23909.515625,1373.2055,15373.5869140625,66.1202,183,62,43,0,0
Myopic++Rollout,198,32425.798828125,21946.109375,1278.6315,9201.060546875,64.1026,156,56,40,0,1
Myopic++Rollout,199,39379.0859375,22886.84375,1260.8519,15231.3916015625,66.6667,171,57,41,0,0
Myopic++Rollout,2,36583.01953125,23220.197265625,1345.4824,12017.333984375,70.85709999999999,175,51,42,0,1
Myopic++Rollout,20,29864.4921875,20366.306640625,1108.3178,8389.8740234375,67.46029999999999,126,41,37,0,3
Myopic++Rollout,200,32745.7734375,21521.1328125,1253.8121,9970.8291015625,65.71430000000001,140,48,39,0,1
Myopic++Rollout,201,33401.671875,21539.642578125,1260.7549,10601.271484375,69.2308,143,44,39,0,1
Myopic++Rollout,202,34372.25390625,20999.30859375,1199.1874,12173.7568359375,68.1481,135,43,38,0,1
Myopic++Rollout,203,33577.140625,21095.3359375,1147.6768,11334.125,59.854,137,55,38,0,2
Myopic++Rollout,204,32484.876953125,20995.474609375,1189.878,10299.5205078125,70.6767,133,39,38,0,0
Myopic++Rollout,205,34394.34375,21985.275390625,1269.6864,11139.380859375,66.6667,150,50,40,0,0
Myopic++Rollout,206,32639.458984375,21658.7890625,1185.6142,9795.0556640625,74.6753,154,39,39,0,1
Myopic++Rollout,207,36476.34375,22061.271484375,1217.3053,13197.7666015625,69.4805,154,47,40,0,3
Myopic++Rollout,208,39517.09375,22493.162109375,1296.0864,15727.8427734375,68.125,160,51,41,0,1
Myopic++Rollout,209,34378.328125,20987.65625,1098.0974,12292.5732421875,66.1871,139,47,38,0,0
Myopic++Rollout,21,31479.734375,20981.77734375,1203.9468,9294.0029296875,70.922,141,41,38,0,0
Myopic++Rollout,210,35078.8515625,21818.65234375,1241.6259,12018.576171875,70.1389,144,43,39,0,0
Myopic++Rollout,211,31244.6015625,19341.4375,1074.5101,10828.65234375,65.0943,106,37,35,0,1
Myopic++Rollout,212,28079.720703125,20765.345703125,1151.4376,6162.94140625,74.0157,127,33,38,0,0
Myopic++Rollout,213,30611.513671875,22009.681640625,1281.0467,7320.7822265625,69.7987,149,45,40,0,1
Myopic++Rollout,214,37132.7265625,20941.220703125,1197.8472,14993.6572265625,70.34479999999999,145,43,38,0,0
Myopic++Rollout,215,26974.59765625,19738.578125,1050.8577,6185.16064453125,69.6721,122,37,36,0,0
Myopic++Rollout,216,32816.30078125,21594.0078125,1246.9794,9975.31640625,76.6234,154,36,39,0,1
Myopic++Rollout,217,32737.94921875,20857.41796875,1098.7246,10781.80859375,65.9259,135,46,38,0,2
Myopic++Rollout,218,34580.15234375,21574.541015625,1225.6128,11780.0009765625,67.3469,147,48,39,0,0
Myopic++Rollout,219,31829.408203125,21012.18359375,1159.5776,9657.6484375,72.9927,137,37,38,0,1
Myopic++Rollout,22,37858.09375,22863.19921875,1319.1556,13675.736328125,63.372099999999996,172,63,41,0,2
Myopic++Rollout,220,30733.12890625,21169.423828125,1249.4718,8314.23828125,82.0144,139,25,38,0,3
Myopic++Rollout,221,33361.6796875,22203.544921875,1279.1792,9878.9482421875,64.5161,155,55,40,0,0
Myopic++Rollout,222,28691.447265625,20292.966796875,1157.4557,7241.0234375,69.6721,122,37,37,0,1
Myopic++Rollout,223,36297.2265625,22123.1875,1288.5712,12885.4677734375,65.60510000000001,157,54,40,0,0
Myopic++Rollout,224,40665.734375,22519.21484375,1273.2336,16873.279296875,60.9467,169,66,41,0,2
Myopic++Rollout,225,50494.01171875,23158.845703125,1348.7521,25986.41796875,58.046,174,73,42,0,2
Myopic++Rollout,226,31936.501953125,21536.60546875,1259.7041,9140.1962890625,73.4694,147,39,39,0,1
Myopic++Rollout,227,37888.52734375,22179.869140625,1319.283,14389.369140625,68.5897,156,49,40,0,0
Myopic++Rollout,228,34163.54296875,22058.060546875,1284.5034,10820.9765625,66.0,150,51,40,0,0
Myopic++Rollout,229,28398.28125,19319.244140625,1068.0001,8011.03662109375,64.1509,106,38,35,0,2
Myopic++Rollout,23,34255.14453125,21215.517578125,1193.6265,11846.0,70.8333,144,42,38,0,0
Myopic++Rollout,230,46569.53125,22813.384765625,1332.2529,22423.876953125,58.53660000000001,164,68,41,0,0
Myopic++Rollout,231,40015.03125,23001.923828125,1331.9396,15681.169921875,68.2081,173,55,42,0,0
Myopic++Rollout,232,36894.41796875,21817.16015625,1230.5124,13846.75,70.70060000000001,157,46,39,0,3
Myopic++Rollout,233,30061.55859375,20399.009765625,1124.1532,8538.3935546875,72.4409,127,35,37,0,2
Myopic++Rollout,234,49343.8984375,22752.517578125,1294.6808,25296.693359375,60.0,170,68,41,0,0
Myopic++Rollout,235,47918.1796875,23718.314453125,1334.8997,22864.96875,60.5263,190,75,43,0,3
Myopic++Rollout,236,43465.63671875,22450.88671875,1222.7721,19791.986328125,64.497,169,60,41,0,1
Myopic++Rollout,237,30367.943359375,21595.224609375,1239.9704,7532.7509765625,72.0,150,42,39,0,0
Myopic++Rollout,238,37078.51171875,21413.806640625,1161.8274,14502.876953125,67.3469,147,48,39,0,0
Myopic++Rollout,239,30256.876953125,20525.576171875,1195.1957,8536.1064453125,65.8537,123,42,37,0,0
Myopic++Rollout,24,35968.63671875,22882.76953125,1311.0112,11774.8564453125,67.83630000000001,171,55,41,0,0
Myopic++Rollout,240,26545.61328125,19218.1875,1050.0313,6277.39208984375,69.9115,113,34,35,0,0
Myopic++Rollout,241,30719.994140625,21074.400390625,1243.3077,8402.2822265625,75.37310000000001,134,33,38,0,0
Myopic++Rollout,242,34344.35546875,21018.1953125,1141.2576,12184.9091796875,66.2069,145,49,38,0,3
Myopic++Rollout,243,44592.7265625,23196.71875,1283.4954,20112.5078125,62.77779999999999,180,67,42,0,1
Myopic++Rollout,244,38869.734375,23010.88671875,1306.2737,14552.576171875,66.6667,174,58,42,0,0
Myopic++Rollout,245,24858.53515625,19128.7265625,1051.4919,4678.3173828125,71.8182,110,31,35,0,0
Myopic++Rollout,246,38646.99609375,22799.958984375,1281.9579,14565.080078125,69.7674,172,52,41,0,0
Myopic++Rollout,247,32583.00390625,21204.2421875,1152.0511,10226.7109375,65.2482,141,49,38,0,1
Myopic++Rollout,248,40107.984375,23558.859375,1349.2178,15199.9091796875,68.306,183,58,43,0,1
Myopic++Rollout,249,40738.24609375,21815.35546875,1249.082,17673.8046875,61.1842,152,59,39,0,1
Myopic++Rollout,25,35362.578125,23141.2421875,1412.4647,10808.8662109375,69.4611,167,51,42,0,0
Myopic++Rollout,250,32076.701171875,20891.388671875,1250.6309,9934.681640625,72.3881,134,37,38,0,4
Myopic++Rollout,251,30925.181640625,20906.140625,1120.167,8898.873046875,62.5899,139,52,38,0,1
Myopic++Rollout,252,32696.595703125,21583.0,1245.9004,9867.7021484375,67.7852,149,48,39,0,0
Myopic++Rollout,253,31101.244140625,21753.521484375,1248.1708,8099.55615234375,72.4832,149,41,39,0,1
Myopic++Rollout,254,30100.3203125,21197.626953125,1205.4422,7697.2529296875,71.3287,143,41,38,0,1
Myopic++Rollout,255,36495.71484375,22188.306640625,1280.2026,13027.2080078125,69.4268,157,48,40,0,4
Myopic++Rollout,256,32691.359375,20887.40625,1169.5131,10634.4375,65.9259,135,46,38,0,0
Myopic++Rollout,257,34433.515625,21203.37109375,1202.0994,12028.0390625,62.7586,145,54,38,0,1
Myopic++Rollout,258,37873.7265625,22928.87890625,1295.3376,13649.5166015625,66.8675,166,55,41,0,0
Myopic++Rollout,259,34681.359375,22287.4765625,1311.4143,11082.4677734375,63.522,159,58,40,0,1
Myopic++Rollout,26,30924.154296875,20596.0234375,1095.6219,9232.505859375,64.4444,135,48,37,0,2
Myopic++Rollout,260,31547.267578125,20668.8984375,1103.9042,9774.4638671875,70.8955,134,39,37,0,1
Myopic++Rollout,261,34765.015625,21747.14453125,1205.5779,11812.2890625,67.3333,150,49,39,0,2
Myopic++Rollout,262,34987.609375,22503.34765625,1269.649,11214.61328125,70.90910000000001,165,48,41,0,1
Myopic++Rollout,263,36619.390625,21758.21484375,1249.51,13611.6669921875,68.18180000000001,154,49,39,0,0
Myopic++Rollout,264,36598.33203125,22029.66796875,1288.1617,13280.5029296875,71.875,160,45,40,0,1
Myopic++Rollout,265,33008.90234375,21661.48046875,1215.9878,10131.43359375,66.6667,150,50,39,0,1
Myopic++Rollout,266,33218.31640625,20804.03125,1140.5124,11273.7666015625,66.16539999999999,133,45,38,0,1
Myopic++Rollout,267,39183.87109375,23149.041015625,1332.3153,14702.5234375,68.78609999999999,173,54,42,0,1
Myopic++Rollout,268,39966.578125,23725.02734375,1304.6671,14936.8916015625,68.10810000000001,185,59,43,0,0
Myopic++Rollout,269,31938.7578125,21723.294921875,1216.9465,8998.5166015625,75.974,154,37,39,0,0
Myopic++Rollout,27,38004.02734375,22815.615234375,1350.5692,13837.8427734375,65.2174,161,56,41,0,1
Myopic++Rollout,270,30582.650390625,20524.580078125,1066.0015,8992.06640625,71.9697,132,37,37,0,1
Myopic++Rollout,271,30919.00390625,21806.1015625,1224.2679,7888.63623046875,71.7105,152,43,39,0,1
Myopic++Rollout,272,36792.0234375,21159.8203125,1186.8575,14445.34375,66.4234,137,46,38,0,0
Myopic++Rollout,273,32906.8984375,20474.94921875,1095.1767,11336.775390625,71.7391,138,39,37,0,1
Myopic++Rollout,274,33590.91015625,19951.724609375,1064.0511,12575.1337890625,67.2131,122,40,36,0,0
Myopic++Rollout,275,35457.5546875,20918.5859375,1113.6211,13425.3515625,69.5035,141,43,38,0,0
Myopic++Rollout,276,42445.58203125,22922.091796875,1267.9184,18255.568359375,68.04729999999999,169,54,41,0,1
Myopic++Rollout,277,33826.33203125,22366.20703125,1262.434,10197.689453125,71.0843,166,48,40,0,2
Myopic++Rollout,278,32754.66796875,21627.2734375,1174.5717,9952.8203125,67.7632,152,49,39,0,0
Myopic++Rollout,279,37077.47265625,21373.73046875,1220.3943,14483.34765625,68.5315,143,45,39,0,1
Myopic++Rollout,28,38894.58203125,23221.423828125,1377.6575,14295.494140625,63.2432,185,68,42,0,0
Myopic++Rollout,280,36120.6328125,22135.96875,1238.1477,12746.5146484375,70.3704,162,48,40,0,2
Myopic++Rollout,281,34224.06640625,20989.8984375,1136.6232,12097.5439453125,64.5833,144,51,38,0,2
Myopic++Rollout,282,30557.8203125,21175.458984375,1165.5707,8216.7919921875,67.3759,141,46,38,0,1
Myopic++Rollout,283,36850.1796875,22780.46875,1326.5239,12743.1875,67.9245,159,51,41,0,0
Myopic++Rollout,284,31277.90625,20475.041015625,1184.0276,9618.837890625,75.3968,126,31,37,0,0
Myopic++Rollout,285,32692.51171875,21637.091796875,1147.1057,9908.3125,72.2581,155,43,39,0,2
Myopic++Rollout,286,27544.765625,19519.162109375,1075.9706,6949.6279296875,63.063100000000006,111,41,35,0,1
Myopic++Rollout,287,30665.0078125,20590.23046875,1099.3332,8975.44140625,71.9697,132,37,37,0,1
Myopic++Rollout,288,37318.94140625,22580.40234375,1223.6606,13514.884765625,60.8696,161,63,41,0,0
Myopic++Rollout,289,39019.87890625,23087.65234375,1274.3571,14657.8671875,66.4706,170,57,42,0,0
Myopic++Rollout,29,36962.28515625,22549.189453125,1284.0727,13129.021484375,65.1613,155,54,41,0,1
Myopic++Rollout,290,30097.3125,20993.98828125,1229.8428,7873.478515625,69.9248,133,40,38,0,1
Myopic++Rollout,291,31851.0390625,22230.169921875,1195.6563,8425.21484375,65.8537,164,56,40,0,2
Myopic++Rollout,292,32587.248046875,21104.05859375,1200.8514,10282.3349609375,68.0556,144,46,38,0,1
Myopic++Rollout,293,33436.44921875,21536.9453125,1245.6076,10653.89453125,66.6667,150,50,39,0,1
Myopic++Rollout,294,40504.7109375,23278.193359375,1348.6131,15877.9091796875,60.9467,169,66,42,0,0
Myopic++Rollout,295,26540.671875,20004.783203125,1137.4198,5398.46875,71.6667,120,34,36,0,1
Myopic++Rollout,296,39668.76171875,22736.44921875,1359.6496,15572.671875,63.69050000000001,168,61,41,0,2
Myopic++Rollout,297,31012.818359375,20894.37109375,1205.7873,8912.6650390625,71.7557,131,37,38,0,1
Myopic++Rollout,298,28752.662109375,20290.6328125,1183.4462,7278.58251953125,73.9837,123,32,37,0,0
Myopic++Rollout,299,42659.07421875,23726.646484375,1450.8419,17481.5859375,65.3846,182,63,43,0,0
Myopic++Rollout,3,35136.96484375,22516.69921875,1246.5816,11373.6826171875,69.9387,163,49,41,0,2
Myopic++Rollout,30,29591.779296875,20244.552734375,1112.3494,8234.8779296875,70.7317,123,36,37,0,1
Myopic++Rollout,300,33431.65234375,20974.36328125,1145.2617,11312.029296875,66.6667,141,47,38,0,2
Myopic++Rollout,301,31641.384765625,21586.9765625,1244.1069,8810.2978515625,69.9301,143,43,39,0,1
Myopic++Rollout,302,44113.49609375,22190.66015625,1149.7752,20773.056640625,66.06060000000001,165,56,40,0,0
Myopic++Rollout,303,35447.61328125,22260.416015625,1257.6308,11929.5673828125,67.9487,156,50,40,0,1
Myopic++Rollout,304,34681.37890625,22745.537109375,1238.4181,10697.423828125,74.5665,173,44,41,0,0
Myopic++Rollout,305,44112.01953125,23439.826171875,1350.409,19321.791015625,63.2768,177,65,42,0,0
Myopic++Rollout,306,38378.67578125,22323.310546875,1224.8615,14830.5068359375,65.60510000000001,157,54,40,0,2
Myopic++Rollout,307,41782.734375,21673.525390625,1207.642,18901.57421875,57.1429,154,66,39,0,2
Myopic++Rollout,308,30991.5546875,20131.1953125,1085.779,9774.580078125,62.903200000000005,124,46,36,0,2
Myopic++Rollout,309,28892.640625,20398.341796875,1140.0398,7354.26171875,72.09299999999999,129,36,37,0,0
Myopic++Rollout,31,31324.234375,21536.701171875,1181.4342,8606.095703125,70.5479,146,43,39,0,0
Myopic++Rollout,310,39079.46484375,22575.828125,1259.2593,15244.3828125,70.0599,167,50,41,0,2
Myopic++Rollout,311,31311.6953125,21170.513671875,1190.6622,8950.517578125,69.0647,139,43,38,0,0
Myopic++Rollout,312,33392.7421875,21969.361328125,1147.7263,10275.6552734375,70.8861,158,46,40,0,1
Myopic++Rollout,313,27911.296875,20004.0859375,1109.1694,6798.0400390625,72.5,120,33,36,0,1
Myopic++Rollout,314,31917.181640625,20284.58984375,1142.9745,10489.6181640625,62.096799999999995,124,47,37,0,0
Myopic++Rollout,315,36022.35546875,20431.7734375,1234.8379,14355.7451171875,65.5738,122,42,37,0,2
Myopic++Rollout,316,36293.7109375,23347.69921875,1343.1612,11602.8427734375,64.5714,175,62,42,0,1
Myopic++Rollout,317,34171.7421875,22068.8359375,1217.4079,10885.494140625,67.46990000000001,166,54,40,0,0
Myopic++Rollout,318,29222.240234375,21096.267578125,1181.9465,6944.0263671875,72.9927,137,37,38,0,1
Myopic++Rollout,319,30215.189453125,20566.0703125,1103.5856,8545.5380859375,66.9231,130,43,37,0,1
Myopic++Rollout,32,42515.91015625,22035.986328125,1295.789,19184.13671875,63.4615,156,57,40,0,1
Myopic++Rollout,320,33489.1484375,21399.267578125,1220.4563,10869.4287109375,69.7183,142,43,39,0,1
Myopic++Rollout,321,29741.888671875,20645.126953125,1165.3651,7931.392578125,70.0787,127,38,37,0,0
Myopic++Rollout,322,33963.6796875,21223.783203125,1172.9853,11566.9130859375,69.28569999999999,140,43,38,0,0
Myopic++Rollout,323,28578.6953125,21385.11328125,1123.17,6070.41455078125,71.1268,142,41,39,0,1
Myopic++Rollout,324,36958.75390625,20977.44921875,1185.7455,14795.5615234375,65.4135,133,46,38,0,3
Myopic++Rollout,325,36646.59375,22747.3125,1266.5066,12632.7705078125,67.6647,167,54,41,0,0
Myopic++Rollout,326,37168.15234375,22828.681640625,1289.1706,13050.3037109375,67.08070000000001,161,53,41,0,1
Myopic++Rollout,327,36538.50390625,22194.890625,1274.4422,13069.1708984375,65.1613,155,54,40,0,0
Myopic++Rollout,328,27999.392578125,20029.53515625,1117.258,6852.59423828125,71.6667,120,34,36,0,1
Myopic++Rollout,329,31017.990234375,21494.916015625,1282.6345,8240.4375,65.7343,143,49,39,0,0
Myopic++Rollout,33,31052.66015625,20923.1796875,1213.0031,8916.4755859375,67.64710000000001,136,44,38,0,1
Myopic++Rollout,330,32589.25390625,21381.634765625,1185.1063,10022.5107421875,66.6667,144,48,39,0,2
Myopic++Rollout,331,35253.66015625,22041.884765625,1164.6029,12047.169921875,76.6871,163,38,40,0,0
Myopic++Rollout,332,29198.3046875,20203.619140625,1117.2171,7877.46337890625,72.4409,127,35,37,0,2
Myopic++Rollout,333,36540.4609375,22801.845703125,1316.7659,12421.84765625,70.90910000000001,165,48,41,0,0
Myopic++Rollout,334,30989.369140625,21066.751953125,1189.6825,8732.9326171875,68.57140000000001,140,44,38,0,0
Myopic++Rollout,335,35686.68359375,21731.24609375,1234.653,12720.7841796875,65.1316,152,53,39,0,0
Myopic++Rollout,336,29457.51953125,21211.943359375,1160.3832,7085.19775390625,72.9927,137,37,38,0,0
Myopic++Rollout,337,32999.69140625,22328.939453125,1266.1492,9404.611328125,69.375,160,49,40,0,2
Myopic++Rollout,338,39480.07421875,22876.4375,1290.2462,15313.400390625,67.4419,172,56,41,0,2
Myopic++Rollout,339,32834.19140625,21531.9453125,1215.8268,10086.4189453125,63.1206,141,52,39,0,1
Myopic++Rollout,34,34280.43359375,21612.60546875,1303.4638,11364.357421875,68.6275,153,48,39,0,2
Myopic++Rollout,340,30649.9140625,19931.666015625,1090.1964,9628.052734375,68.6441,118,37,36,0,0
Myopic++Rollout,341,28972.720703125,20640.1015625,1200.8207,7131.80224609375,70.8661,127,37,37,0,0
Myopic++Rollout,342,38063.37890625,22207.556640625,1178.8306,14676.9921875,64.81479999999999,162,57,40,0,1
Myopic++Rollout,343,31618.240234375,20212.380859375,1142.6209,10263.234375,70.7317,123,36,37,0,1
Myopic++Rollout,344,37115.34375,23706.806640625,1331.0446,12077.4951171875,65.9459,185,63,43,0,0
Myopic++Rollout,345,36250.8359375,21777.802734375,1244.9001,13228.1376953125,65.7534,146,50,39,0,2
Myopic++Rollout,346,31393.34765625,22003.357421875,1203.3563,8186.63427734375,68.6667,150,47,40,0,2
Myopic++Rollout,347,36033.33203125,22132.0859375,1261.6991,12639.5390625,71.3333,150,43,40,0,2
Myopic++Rollout,348,30585.580078125,20598.234375,1164.6413,8822.705078125,73.1343,134,36,37,0,0
Myopic++Rollout,349,39077.296875,23273.732421875,1367.9023,14435.6611328125,72.5714,175,48,42,0,0
Myopic++Rollout,35,30309.763671875,20900.283203125,1107.4383,8302.0439453125,72.4638,138,38,38,0,1
Myopic++Rollout,350,31247.68359375,20872.7890625,1144.4514,9230.4375,72.93230000000001,133,36,38,0,0
Myopic++Rollout,351,37336.2890625,22626.228515625,1346.8741,13363.18359375,69.87950000000001,166,50,41,0,0
Myopic++Rollout,352,32156.59765625,21330.88671875,1243.4059,9582.298828125,73.913,138,36,39,0,3
Myopic++Rollout,353,34110.88671875,22621.3046875,1316.2882,10173.2919921875,61.9355,155,59,41,0,2
Myopic++Rollout,354,39080.4375,21931.029296875,1229.3015,15920.11328125,64.9007,151,53,40,0,1
Myopic++Rollout,355,35042.16796875,21161.56640625,1171.6656,12708.931640625,66.90650000000001,139,46,38,0,0
Myopic++Rollout,356,35776.77734375,22189.890625,1242.1874,12344.7041015625,63.871,155,56,40,0,0
Myopic++Rollout,357,35265.90625,22176.51171875,1233.9324,11855.4580078125,75.4601,163,40,40,0,0
Myopic++Rollout,358,39510.9765625,23829.96875,1366.3242,14314.6865234375,71.2707,181,52,43,0,0
Myopic++Rollout,359,37961.93359375,21089.736328125,1248.7769,15623.4228515625,63.3803,142,52,38,0,0
Myopic++Rollout,36,33890.1953125,21778.01953125,1298.3203,10813.859375,70.0637,157,47,39,0,2
Myopic++Rollout,360,25948.650390625,19498.6015625,1040.5981,5409.44775390625,76.3158,114,27,35,0,0
Myopic++Rollout,361,31904.91796875,20977.609375,1171.594,9755.720703125,71.0145,138,40,38,0,0
Myopic++Rollout,362,38371.5703125,22567.388671875,1219.3269,14584.857421875,65.26950000000001,167,58,41,0,1
Myopic++Rollout,363,41792.5390625,23562.974609375,1363.3599,16866.208984375,64.7059,187,66,43,0,1
Myopic++Rollout,364,43358.1796875,25039.00390625,1448.2649,16870.912109375,60.7656,209,82,45,0,0
Myopic++Rollout,365,35475.12890625,21697.529296875,1210.2309,12567.3623046875,66.2162,148,50,39,0,0
Myopic++Rollout,366,29482.509765625,20388.330078125,1111.736,7982.44580078125,67.1875,128,42,37,0,2
Myopic++Rollout,367,36055.15234375,21785.07421875,1237.3832,13032.6923828125,64.0,150,54,39,0,2
Myopic++Rollout,368,32925.78515625,20372.080078125,1175.8023,11377.9033203125,66.16539999999999,133,45,37,0,1
Myopic++Rollout,369,43201.24609375,22593.005859375,1259.5489,19348.685546875,58.9595,173,71,41,0,0
Myopic++Rollout,37,26734.80078125,19379.318359375,1114.1092,6241.37158203125,78.6408,103,22,35,0,1
Myopic++Rollout,370,34493.2890625,21082.787109375,1156.3595,12254.1416015625,68.1159,138,44,38,0,0
Myopic++Rollout,371,33754.3359375,22210.41015625,1267.8718,10276.0556640625,68.8742,151,47,40,0,1
Myopic++Rollout,372,33822.5,22651.634765625,1293.0894,9877.779296875,67.4847,163,53,41,0,0
Myopic++Rollout,373,41922.1796875,23711.828125,1405.2205,16805.123046875,55.618,178,79,43,0,0
Myopic++Rollout,374,31963.23828125,21513.990234375,1227.3696,9221.87890625,66.6667,144,48,39,0,1
Myopic++Rollout,375,35778.51171875,22794.291015625,1300.3305,11683.8876953125,63.583800000000004,173,63,41,0,1
Myopic++Rollout,376,42440.671875,22098.34765625,1214.9898,19127.3359375,66.4516,155,52,40,0,2
Myopic++Rollout,377,33581.84375,21501.8671875,1269.4762,10810.4931640625,67.6056,142,46,39,0,0
Myopic++Rollout,378,29536.93359375,21104.6796875,1136.3542,7295.90478515625,79.4326,141,29,38,0,0
Myopic++Rollout,379,31806.5,21390.76171875,1159.4493,9256.2880859375,69.2308,143,44,39,0,0
Myopic++Rollout,38,38792.16796875,22081.77734375,1289.5824,15420.806640625,60.7843,153,60,40,0,0
Myopic++Rollout,380,37818.65625,21706.4765625,1245.8798,14866.3056640625,64.8649,148,52,39,0,0
Myopic++Rollout,381,40518.5078125,23467.78125,1365.8245,15684.900390625,57.2222,180,77,42,0,0
Myopic++Rollout,382,33349.39453125,20894.61328125,1269.0295,11185.75390625,62.686600000000006,134,50,38,0,0
Myopic++Rollout,383,34157.765625,22342.322265625,1253.8738,10561.572265625,66.6667,162,54,40,0,0
Myopic++Rollout,384,28538.015625,19916.0390625,1091.2723,7530.70556640625,70.5882,119,35,36,0,0
Myopic++Rollout,385,30056.1015625,20968.732421875,1183.6756,7903.6982421875,69.403,134,41,38,0,1
Myopic++Rollout,386,35119.1484375,21553.60546875,1237.8913,12327.6552734375,67.13289999999999,143,47,39,0,2
Myopic++Rollout,387,35008.953125,21439.658203125,1163.4271,12405.8662109375,67.9739,153,49,39,0,0
Myopic++Rollout,388,32257.48828125,20799.740234375,1173.1089,10284.6376953125,71.5328,137,39,38,0,0
Myopic++Rollout,389,34914.50390625,21738.162109375,1215.026,11961.3193359375,68.0272,147,47,39,0,1
Myopic++Rollout,39,37639.88671875,22531.822265625,1281.64,13826.41796875,65.0307,163,57,41,0,1
Myopic++Rollout,390,32750.4765625,21107.81640625,1126.5275,10516.1357421875,65.95739999999999,141,48,38,0,0
Myopic++Rollout,391,32389.513671875,23044.33203125,1329.6077,8015.5712890625,75.59519999999999,168,41,42,0,0
Myopic++Rollout,392,38546.99609375,22533.677734375,1303.8854,14709.435546875,64.7059,170,60,41,0,1
Myopic++Rollout,393,32693.462890625,21470.935546875,1254.978,9967.5458984375,70.073,137,41,39,0,0
Myopic++Rollout,394,30341.177734375,21150.71484375,1191.8152,7998.64501953125,68.1159,138,44,38,0,0
Myopic++Rollout,395,33943.734375,21957.470703125,1263.1601,10723.1123046875,73.0263,152,41,40,0,0
Myopic++Rollout,396,29126.220703125,20374.59765625,1155.8233,7595.8017578125,67.5,120,39,37,0,0
Myopic++Rollout,397,33627.48828125,21515.408203125,1198.7514,10913.328125,68.0272,147,47,39,0,1
Myopic++Rollout,398,28165.818359375,19373.443359375,1068.1281,7724.244140625,75.8929,112,27,35,0,0
Myopic++Rollout,399,39074.3125,22563.193359375,1247.6758,15263.4384765625,68.0723,166,53,41,0,1
Myopic++Rollout,4,32761.904296875,21019.150390625,1168.3538,10574.40234375,72.9927,137,37,38,0,0
Myopic++Rollout,40,31962.630859375,21205.51171875,1184.547,9572.5654296875,74.1259,143,37,38,0,0
Myopic++Rollout,400,48664.33203125,22858.548828125,1326.6214,24479.166015625,58.479499999999994,171,71,41,0,1
Myopic++Rollout,401,31894.748046875,20665.533203125,1203.7066,10025.5087890625,72.8682,129,35,37,0,1
Myopic++Rollout,402,38514.7734375,21728.66015625,1170.4484,15615.6669921875,66.443,149,50,39,0,0
Myopic++Rollout,403,36812.5625,21646.517578125,1196.3369,13969.7021484375,62.5806,155,58,39,0,3
Myopic++Rollout,404,36045.58984375,22141.513671875,1273.189,12630.892578125,60.3896,154,61,40,0,2
Myopic++Rollout,405,36758.41796875,21650.193359375,1260.4794,13847.7412109375,61.643800000000006,146,56,39,0,4
Myopic++Rollout,406,36616.13671875,21143.21484375,1229.6969,14243.2236328125,65.94200000000001,138,47,38,0,0
Myopic++Rollout,407,29771.689453125,20836.912109375,1123.0816,7811.6982421875,71.4286,133,38,38,0,2
Myopic++Rollout,408,32346.251953125,21229.39453125,1131.6647,9985.19140625,67.6056,142,46,38,0,0
Myopic++Rollout,409,26202.9375,19163.279296875,1084.7122,5954.94140625,68.2692,104,33,35,0,2
Myopic++Rollout,41,32287.322265625,21619.326171875,1203.5242,9464.4736328125,65.2482,141,49,39,0,1
Myopic++Rollout,410,35769.65234375,21923.96875,1283.0748,12562.6123046875,62.5,152,57,40,0,1
Myopic++Rollout,411,36088.4609375,22239.6796875,1210.2953,12638.4873046875,69.3252,163,50,40,0,2
Myopic++Rollout,412,34331.25390625,21143.55078125,1139.6508,12048.05078125,64.2857,140,50,38,0,0
Myopic++Rollout,413,39554.6875,23356.73046875,1375.968,14821.990234375,65.6805,169,58,42,0,1
Myopic++Rollout,414,31389.845703125,20693.5859375,1131.5477,9564.716796875,71.94239999999999,139,39,37,0,2
Myopic++Rollout,415,29390.607421875,19969.244140625,1114.2214,8307.142578125,66.4,125,42,36,0,2
Myopic++Rollout,416,29277.474609375,20337.970703125,1149.7043,7789.79833984375,71.65350000000001,127,36,37,0,0
Myopic++Rollout,417,34306.2578125,22051.849609375,1144.5863,11109.81640625,73.00609999999999,163,44,40,0,3
Myopic++Rollout,418,37763.15625,21747.81640625,1204.0703,14811.2685546875,66.2338,154,52,39,0,0
Myopic++Rollout,419,31583.609375,21483.181640625,1263.8117,8836.6162109375,66.4336,143,48,39,0,0
Myopic++Rollout,42,36437.5390625,22325.93359375,1291.8367,12819.7724609375,69.0323,155,48,40,0,1
Myopic++Rollout,420,32791.73828125,21046.58984375,1235.3969,10509.751953125,70.2899,138,41,38,0,1
Myopic++Rollout,421,37890.3125,21476.869140625,1143.3307,15270.1025390625,60.139900000000004,143,57,39,0,1
Myopic++Rollout,422,31011.216796875,21372.759765625,1159.2084,8479.251953125,73.9437,142,37,39,0,2
Myopic++Rollout,423,30902.236328125,21330.88671875,1204.7179,8366.6328125,68.88889999999999,135,42,39,0,1
Myopic++Rollout,424,29834.21484375,21791.9765625,1139.7854,6902.44873046875,70.068,147,44,39,0,0
Myopic++Rollout,425,28440.013671875,19892.1015625,1035.524,7512.38818359375,72.6496,117,32,36,0,0
Myopic++Rollout,426,39254.2734375,22394.748046875,1276.8787,15582.6435546875,65.26950000000001,167,58,40,0,0
Myopic++Rollout,427,30427.703125,20967.224609375,1207.423,8253.060546875,70.8955,134,39,38,0,1
Myopic++Rollout,428,28955.6953125,21091.1171875,1239.9355,6624.64208984375,68.79429999999999,141,44,38,0,0
Myopic++Rollout,429,34199.0,21745.357421875,1189.0877,11264.544921875,66.2162,148,50,39,0,2
Myopic++Rollout,43,30075.056640625,21498.6640625,1170.8752,7405.51416015625,68.4932,146,46,39,0,0
Myopic++Rollout,430,38545.9921875,22298.705078125,1186.5688,15060.7216796875,65.0602,166,58,40,0,0
Myopic++Rollout,431,28658.826171875,19544.0625,1138.2008,7976.5673828125,65.7658,111,38,35,0,2
Myopic++Rollout,432,31484.236328125,21725.189453125,1198.5103,8560.5322265625,72.1854,151,42,39,0,0
Myopic++Rollout,433,42851.859375,21987.787109375,1197.585,19666.486328125,64.3312,157,56,40,0,0
Myopic++Rollout,434,31997.33984375,21489.501953125,1152.2337,9355.603515625,72.4138,145,40,39,0,0
Myopic++Rollout,435,37429.77734375,21941.990234375,1232.1811,14255.6083984375,70.5128,156,46,40,0,0
Myopic++Rollout,436,29557.333984375,20436.158203125,1173.4217,7947.75830078125,73.1343,134,36,37,0,0
Myopic++Rollout,437,37394.78515625,22146.423828125,1267.6332,13980.732421875,65.2174,161,56,40,0,0
Myopic++Rollout,438,31568.41015625,20988.046875,1181.7277,9398.638671875,72.3404,141,39,38,0,2
Myopic++Rollout,439,36928.83203125,21983.8203125,1266.7504,13678.255859375,68.5535,159,50,40,0,0
Myopic++Rollout,44,41757.8203125,23064.962890625,1357.1735,17335.68359375,63.5359,181,66,42,0,0
Myopic++Rollout,440,29669.810546875,20852.66015625,1089.8902,7727.26416015625,72.6619,139,38,38,0,0
Myopic++Rollout,441,28361.818359375,20450.03515625,1168.5624,6743.21826171875,75.969,129,31,37,0,1
Myopic++Rollout,442,28773.50390625,20443.73828125,1148.9876,7180.7822265625,69.5312,128,39,37,0,0
Myopic++Rollout,443,35291.1953125,21577.40625,1238.4932,12475.294921875,62.4161,149,56,39,0,1
Myopic++Rollout,444,33213.1015625,21760.7421875,1259.0239,10193.3330078125,69.4805,154,47,39,0,2
Myopic++Rollout,445,39147.21875,21728.666015625,1225.103,16193.453125,73.50989999999999,151,40,39,0,1
Myopic++Rollout,446,26330.90234375,19558.076171875,1093.4061,5679.427734375,74.1071,112,29,35,0,0
Myopic++Rollout,447,35548.99609375,21485.4921875,1169.8434,12893.6630859375,60.8108,148,58,39,0,3
Myopic++Rollout,448,32026.8125,20509.990234375,1157.533,10359.2900390625,66.6667,129,43,37,0,1
Myopic++Rollout,449,37649.98046875,22667.328125,1262.0043,13720.6484375,69.697,165,50,41,0,0
Myopic++Rollout,45,31064.53125,21039.13671875,1158.1391,8867.2548828125,72.6619,139,38,38,0,2
Myopic++Rollout,450,36720.2421875,21703.91015625,1249.954,13766.3828125,62.091499999999996,153,58,39,0,0
Myopic++Rollout,451,28282.201171875,21319.890625,1192.0628,5770.2451171875,72.4138,145,40,39,0,1
Myopic++Rollout,452,30759.333984375,20648.591796875,1153.9833,8956.759765625,65.1515,132,46,37,0,0
Myopic++Rollout,453,28689.798828125,20368.267578125,1114.4089,7207.12548828125,63.846199999999996,130,47,37,0,0
Myopic++Rollout,454,34534.1015625,21537.83203125,1164.2474,11832.01953125,69.4805,154,47,39,0,2
Myopic++Rollout,455,28694.154296875,20012.384765625,1177.9883,7503.78173828125,72.8814,118,32,36,0,0
Myopic++Rollout,456,28776.751953125,20066.56640625,1153.5435,7556.63916015625,70.6897,116,34,36,0,2
Myopic++Rollout,457,27244.21484375,19793.6953125,1102.2049,6348.310546875,75.4545,110,27,36,0,1
Myopic++Rollout,458,33774.109375,21087.384765625,1252.5536,11434.1650390625,67.1533,137,45,38,0,0
Myopic++Rollout,459,36131.5703125,21556.8125,1242.1054,13332.6533203125,64.1379,145,52,39,0,0
Myopic++Rollout,46,33020.09375,21332.380859375,1253.3637,10434.3515625,66.4234,137,46,39,0,0
Myopic++Rollout,460,37539.46484375,21942.283203125,1257.652,14339.529296875,62.9139,151,56,40,0,0
Myopic++Rollout,461,28715.923828125,19928.294921875,1136.4166,7651.20947265625,64.65520000000001,116,41,36,0,2
Myopic++Rollout,462,35683.390625,22259.802734375,1253.8616,12169.728515625,67.0732,164,54,40,0,0
Myopic++Rollout,463,31126.296875,20594.291015625,1145.2866,9386.7255859375,69.2308,130,40,37,0,2
Myopic++Rollout,464,33113.28515625,20982.087890625,1147.3262,10983.8681640625,69.7842,139,42,38,0,0
Myopic++Rollout,465,30693.8359375,21177.14453125,1133.4914,8383.20703125,74.6479,142,36,38,0,0
Myopic++Rollout,466,31356.72265625,20031.041015625,1198.2604,10127.42578125,67.2414,116,38,36,0,0
Myopic++Rollout,467,33532.25390625,21586.140625,1270.7863,10675.330078125,67.1053,152,50,39,0,1
Myopic++Rollout,468,33671.8046875,22297.322265625,1198.3085,10176.1767578125,64.81479999999999,162,57,40,0,2
Myopic++Rollout,469,30154.28515625,20683.724609375,1166.2531,8304.30859375,66.1765,136,46,37,0,0
Myopic++Rollout,47,35330.515625,22243.720703125,1278.5592,11808.2412109375,62.4204,157,59,40,0,0
Myopic++Rollout,470,36070.26953125,21717.115234375,1192.1758,13160.9814453125,58.1699,153,64,39,0,1
Myopic++Rollout,471,36392.41015625,22295.759765625,1248.0766,12848.5712890625,68.5185,162,51,40,0,0
Myopic++Rollout,472,32137.955078125,21035.7578125,1212.9316,9889.263671875,66.6667,141,47,38,0,0
Myopic++Rollout,473,47603.37890625,24254.55078125,1454.354,21894.48046875,66.15379999999999,195,66,44,0,1
Myopic++Rollout,474,28215.00390625,19907.779296875,1135.7903,7171.43115234375,73.7288,118,31,36,0,2
Myopic++Rollout,475,35771.828125,20997.03515625,1139.7558,13635.037109375,66.6667,141,47,38,0,0
Myopic++Rollout,476,32439.935546875,21229.271484375,1239.1546,9971.5078125,72.4638,138,38,38,0,1
Myopic++Rollout,477,33366.17578125,20532.818359375,1160.9825,11672.3740234375,61.4173,127,49,37,0,2
Myopic++Rollout,478,39439.11328125,22616.529296875,1258.0844,15564.501953125,62.573100000000004,171,64,41,0,1
Myopic++Rollout,479,32077.333984375,21411.58203125,1215.561,9450.1904296875,68.57140000000001,140,44,39,0,1
Myopic++Rollout,48,32037.34765625,21946.33203125,1199.5766,8891.439453125,73.6842,152,40,40,0,0
Myopic++Rollout,480,35440.8671875,22145.765625,1281.9783,12013.123046875,65.8385,161,55,40,0,0
Myopic++Rollout,481,31561.638671875,21178.14453125,1178.5589,9204.9384765625,70.922,141,41,38,0,0
Myopic++Rollout,482,32425.263671875,21186.787109375,1188.7409,10049.73828125,67.6259,139,45,38,0,0
Myopic++Rollout,483,35984.59375,22114.5625,1258.7658,12611.2646484375,62.091499999999996,153,58,40,0,2
Myopic++Rollout,484,34982.37890625,22592.720703125,1243.4691,11146.1904296875,72.3926,163,45,41,0,0
Myopic++Rollout,485,35197.2734375,22664.494140625,1287.0347,11245.744140625,67.8788,165,53,41,0,0
Myopic++Rollout,486,29941.26171875,21065.154296875,1192.0388,7684.0703125,73.5294,136,36,38,0,0
Myopic++Rollout,487,33996.03125,22263.994140625,1279.4709,10452.572265625,67.5159,157,51,40,0,3
Myopic++Rollout,488,28722.9765625,19879.673828125,1054.5145,7788.77978515625,69.7479,119,36,36,0,0
Myopic++Rollout,489,34982.99609375,23126.96875,1324.4051,10531.6201171875,68.04729999999999,169,54,42,0,0
Myopic++Rollout,49,41038.3046875,22252.67578125,1289.1657,17496.46484375,60.6452,155,61,40,0,0
Myopic++Rollout,490,31240.81640625,20457.150390625,1120.467,9663.1953125,70.6349,126,37,37,0,0
Myopic++Rollout,491,31252.455078125,21060.494140625,1212.0811,8979.8779296875,61.240300000000005,129,50,38,0,0
Myopic++Rollout,492,34323.79296875,21092.69921875,1218.1614,12012.9345703125,70.5882,136,40,38,0,1
Myopic++Rollout,493,29471.5078125,20592.61328125,1167.6731,7711.21826171875,72.8,125,34,37,0,0
Myopic++Rollout,494,31845.90625,21154.404296875,1154.1078,9537.3935546875,74.82520000000001,143,36,38,0,1
Myopic++Rollout,495,30789.314453125,21483.296875,1142.9533,8163.0654296875,68.2119,151,48,39,0,2
Myopic++Rollout,496,31101.517578125,21048.6796875,1181.0752,8871.7685546875,66.6667,138,46,38,0,0
Myopic++Rollout,497,47572.7421875,22852.96875,1364.8044,23354.96875,57.2289,166,71,41,0,2
Myopic++Rollout,498,29062.42578125,19455.24609375,1047.0689,8560.1142578125,63.063100000000006,111,41,35,0,0
Myopic++Rollout,499,27221.056640625,20060.0234375,1070.4034,6090.62548828125,81.6667,120,22,36,0,2
Myopic++Rollout,5,35884.67578125,20928.359375,1220.9522,13735.35546875,65.4412,136,47,38,0,0
Myopic++Rollout,50,37642.78515625,22588.1015625,1260.8634,13793.8203125,66.6667,165,55,41,0,0
Myopic++Rollout,500,48116.64453125,23679.7109375,1348.3978,23088.533203125,54.545500000000004,187,85,43,0,1
Myopic++Rollout,51,44274.05859375,23026.482421875,1321.2266,19926.353515625,66.4706,170,57,42,0,0
Myopic++Rollout,52,32363.869140625,21083.505859375,1129.4607,10150.8994140625,68.8406,138,43,38,0,0
Myopic++Rollout,53,41337.86328125,22071.33984375,1236.1469,18030.37109375,64.5963,161,57,40,0,2
Myopic++Rollout,54,31291.828125,20605.02734375,1098.3935,9588.40625,74.0458,131,34,37,0,0
Myopic++Rollout,55,32097.1328125,21458.966796875,1196.5934,9441.57421875,68.91890000000001,148,46,39,0,2
Myopic++Rollout,56,28381.439453125,19458.1796875,1051.8543,7871.40625,69.8276,116,35,35,0,2
Myopic++Rollout,57,30125.61328125,19927.884765625,1037.994,9159.736328125,70.7317,123,36,36,0,0
Myopic++Rollout,58,34662.62890625,21065.75,1212.9346,12383.939453125,64.49279999999999,138,49,38,0,1
Myopic++Rollout,59,63830.31640625,24925.470703125,1479.1991,37425.64453125,50.0,206,103,45,0,0
Myopic++Rollout,6,44673.8203125,24770.349609375,1368.0988,18535.380859375,57.767,206,87,45,0,3
Myopic++Rollout,60,33018.51171875,21346.482421875,1256.2976,10415.7294921875,62.328799999999994,146,55,39,0,0
Myopic++Rollout,61,30060.20703125,20932.689453125,1132.3423,7995.1826171875,76.1194,134,32,38,0,3
Myopic++Rollout,62,33183.2265625,21591.8359375,1240.6243,10350.7666015625,63.4483,145,53,39,0,0
Myopic++Rollout,63,32960.1171875,20929.19140625,1199.757,10831.171875,64.9254,134,47,38,0,1
Myopic++Rollout,64,36746.078125,21479.052734375,1204.5278,14062.4990234375,56.25,144,63,39,0,0
Myopic++Rollout,65,34255.34765625,20532.89453125,1178.9376,12543.5263671875,57.3643,129,55,37,0,0
Myopic++Rollout,66,33043.99609375,20625.5234375,1197.7261,11220.7470703125,68.88889999999999,135,42,37,0,1
Myopic++Rollout,67,44370.65234375,22761.466796875,1317.5773,20291.615234375,60.0,170,68,41,0,0
Myopic++Rollout,68,27868.978515625,19996.5,1117.8134,6754.66650390625,68.3761,117,37,36,0,1
Myopic++Rollout,69,29243.474609375,19841.8359375,1059.4874,8342.1455078125,68.6441,118,37,36,0,1
Myopic++Rollout,7,36537.4609375,21770.5390625,1234.6544,13532.263671875,65.33330000000001,150,52,39,0,1
Myopic++Rollout,70,36146.1171875,22802.337890625,1278.104,12065.6728515625,64.7059,170,60,41,0,1
Myopic++Rollout,71,30469.93359375,20632.30078125,1213.3956,8624.23046875,63.7795,127,46,37,0,1
Myopic++Rollout,72,27825.54296875,19333.1484375,1089.5292,7402.86376953125,73.1481,108,29,35,0,0
Myopic++Rollout,73,38368.05078125,23051.2109375,1282.0935,14034.7421875,69.186,172,53,42,0,0
Myopic++Rollout,74,35267.671875,20843.982421875,1151.3477,13272.3388671875,63.309400000000004,139,51,38,0,1
Myopic++Rollout,75,38300.59765625,22105.97265625,1213.1918,14981.435546875,65.8065,155,53,40,0,1
Myopic++Rollout,76,33524.2578125,20945.703125,1139.0879,11439.4677734375,69.697,132,40,38,0,1
Myopic++Rollout,77,27622.595703125,20375.509765625,1131.1862,6115.904296875,71.65350000000001,127,36,37,0,1
Myopic++Rollout,78,45538.69140625,22768.072265625,1333.229,21437.392578125,63.253,166,61,41,0,2
Myopic++Rollout,79,40729.01171875,22822.5625,1298.3959,16608.0546875,58.928599999999996,168,69,41,0,1
Myopic++Rollout,8,29722.69140625,20307.6328125,1117.9006,8297.1572265625,65.873,126,43,37,0,0
Myopic++Rollout,80,32067.64453125,21767.630859375,1241.4771,9058.53125,67.3469,147,48,39,0,1
Myopic++Rollout,81,44378.3515625,22894.005859375,1333.6189,20150.720703125,56.213,169,74,41,0,0
Myopic++Rollout,82,53148.55078125,23903.1171875,1336.303,27909.126953125,58.510600000000004,188,78,43,0,1
Myopic++Rollout,83,31569.02734375,21038.248046875,1157.846,9372.9345703125,79.1667,144,30,38,0,1
Myopic++Rollout,84,39231.04296875,22257.40625,1198.1792,15775.44921875,67.4847,163,53,40,0,1
Myopic++Rollout,85,36170.7578125,22574.48828125,1305.1896,12291.0771484375,61.11109999999999,162,63,41,0,2
Myopic++Rollout,86,29380.951171875,20989.73828125,1235.1376,7156.0673828125,72.0588,136,38,38,0,1
Myopic++Rollout,87,31135.986328125,21625.365234375,1168.4638,8342.15234375,65.7343,143,49,39,0,1
Myopic++Rollout,88,41530.9375,22739.3125,1258.4135,17533.21484375,60.81870000000001,171,67,41,0,2
Myopic++Rollout,89,28228.111328125,20555.83984375,1122.8205,6549.455078125,68.0851,141,45,37,0,0
Myopic++Rollout,9,28469.59765625,20085.80859375,1116.155,7267.6337890625,70.3125,128,38,36,0,2
Myopic++Rollout,90,33987.8359375,21712.84375,1234.2937,11040.701171875,69.1275,149,46,39,0,1
Myopic++Rollout,91,40043.49609375,22244.326171875,1196.3076,16602.859375,61.818200000000004,165,63,40,0,3
Myopic++Rollout,92,36876.578125,22241.541015625,1259.6388,13375.392578125,66.2162,148,50,40,0,1
Myopic++Rollout,93,34737.82421875,22558.1953125,1354.8395,10824.7861328125,67.70190000000001,161,52,41,0,1
Myopic++Rollout,94,35360.78515625,20553.771484375,1171.5522,13635.4638671875,65.6716,134,46,37,0,0
Myopic++Rollout,95,29314.748046875,19782.626953125,1091.2079,8440.9140625,76.66669999999999,120,28,36,0,0
Myopic++Rollout,96,28302.134765625,20065.34765625,1045.0755,7191.71826171875,71.65350000000001,127,36,36,0,0
Myopic++Rollout,97,38200.953125,22477.240234375,1188.2934,14535.41796875,67.70190000000001,161,52,41,0,0
Myopic++Rollout,98,30871.978515625,20770.4296875,1177.4059,8924.146484375,72.0588,136,38,38,0,0
Myopic++Rollout,99,32446.95703125,20583.25,1152.0313,10711.6728515625,71.2121,132,38,37,0,2
CFA+Rollout,1,32040.09375,21619.306640625,1173.8581,9246.92578125,68.9655,145,45,39,0,1
CFA+Rollout,10,36020.984375,22080.3984375,1217.3463,12723.234375,66.0256,156,53,40,0,1
CFA+Rollout,100,31423.482421875,21103.658203125,1095.5595,9224.2548828125,63.88890000000001,144,52,38,0,4
CFA+Rollout,101,32638.359375,21073.494140625,1123.5706,10441.294921875,71.5328,137,39,38,0,1
CFA+Rollout,102,33307.5625,22693.13671875,1212.9781,9401.4462890625,69.7531,162,49,41,0,0
CFA+Rollout,103,28795.47265625,20134.18359375,1045.838,7615.44970703125,69.7674,129,39,36,0,2
CFA+Rollout,104,37529.515625,23564.193359375,1269.2334,12696.0869140625,67.4157,178,58,43,0,3
CFA+Rollout,105,32418.4296875,22230.955078125,1218.5197,8968.955078125,69.8113,159,48,40,0,1
CFA+Rollout,106,33613.37109375,21922.62109375,1162.8218,10527.921875,75.31649999999999,158,39,40,0,2
CFA+Rollout,107,38455.85546875,22782.845703125,1247.6603,14425.3505859375,68.4211,171,54,41,0,3
CFA+Rollout,108,31688.86328125,20437.06640625,1102.1175,10149.6787109375,63.49209999999999,126,46,37,0,1
CFA+Rollout,109,30508.326171875,20691.6015625,1048.5366,8768.1884765625,72.6619,139,38,37,0,3
CFA+Rollout,11,34569.66015625,22518.361328125,1227.1698,10824.12890625,59.0643,171,70,41,0,1
CFA+Rollout,110,32594.83203125,20235.7265625,1083.2362,11275.869140625,63.281200000000005,128,47,37,0,1
CFA+Rollout,111,38730.1484375,22061.953125,1193.4402,15474.7548828125,60.5882,170,67,40,0,1
CFA+Rollout,112,30303.740234375,20615.263671875,1082.8407,8605.6357421875,73.8462,130,34,37,0,0
CFA+Rollout,113,32010.70703125,21606.517578125,1180.6542,9223.5400390625,69.7368,152,46,39,0,0
CFA+Rollout,114,32900.625,21048.232421875,1095.1664,10757.2265625,68.4932,146,46,38,0,0
CFA+Rollout,115,42809.2109375,23959.75390625,1296.9703,17552.4921875,65.1042,192,67,43,0,1
CFA+Rollout,116,36171.23828125,21323.01953125,1182.8899,13665.333984375,62.2378,143,54,39,0,1
CFA+Rollout,117,35206.16015625,22145.361328125,1173.939,11886.8603515625,65.8385,161,55,40,0,0
CFA+Rollout,118,31903.1171875,21360.162109375,1139.8185,9403.1318359375,66.8919,148,49,39,0,2
CFA+Rollout,119,28730.65625,19943.73828125,1064.8453,7722.07177734375,73.3871,124,33,36,0,2
CFA+Rollout,12,31475.951171875,21445.6640625,1147.0824,8883.2099609375,68.9655,145,45,39,0,1
CFA+Rollout,120,34899.59765625,21917.185546875,1161.4252,11820.9892578125,69.8718,156,47,40,0,1
CFA+Rollout,121,30253.056640625,20902.365234375,1113.4245,8237.26953125,71.0145,138,40,38,0,1
CFA+Rollout,122,28515.583984375,20123.82421875,1090.973,7300.787109375,72.2222,126,35,36,0,1
CFA+Rollout,123,31384.220703125,21501.99609375,1185.3862,8696.83203125,68.9655,145,45,39,0,1
CFA+Rollout,124,31297.111328125,21484.93359375,1183.7184,8628.45703125,64.4737,152,54,39,0,4
CFA+Rollout,125,32033.111328125,21668.66796875,1201.174,9163.267578125,70.9459,148,43,39,0,5
CFA+Rollout,126,31404.47265625,20036.13671875,1099.2258,10269.1142578125,67.7419,124,40,36,0,3
CFA+Rollout,127,33521.41796875,21962.0078125,1217.3534,10342.052734375,68.6275,153,48,40,0,3
CFA+Rollout,128,35202.1328125,22224.38671875,1242.1015,11735.6494140625,65.8537,164,56,40,0,2
CFA+Rollout,129,34876.6484375,22218.44921875,1206.0552,11452.1435546875,64.2424,165,59,40,0,1
CFA+Rollout,13,34218.04296875,21612.720703125,1156.7603,11448.5595703125,63.057300000000005,157,58,39,0,3
CFA+Rollout,130,34510.51171875,22830.05859375,1224.8033,10455.6513671875,70.1149,174,52,41,0,2
CFA+Rollout,131,40370.9296875,22148.79296875,1234.1582,16987.982421875,64.6707,167,59,40,0,2
CFA+Rollout,132,28951.986328125,21044.2265625,1053.0036,6854.76318359375,73.1544,149,40,38,0,1
CFA+Rollout,133,32521.8359375,22348.908203125,1275.5034,8897.41796875,69.4268,157,48,40,0,1
CFA+Rollout,134,30638.876953125,21098.740234375,1133.5306,8406.603515625,77.551,147,33,38,0,1
CFA+Rollout,135,37869.0234375,21978.96875,1152.3392,14737.716796875,60.6667,150,59,40,0,1
CFA+Rollout,136,47344.515625,23987.361328125,1344.7076,22012.458984375,64.89359999999999,188,66,43,0,2
CFA+Rollout,137,31132.234375,21066.642578125,1082.3224,8983.271484375,67.1053,152,50,38,0,1
CFA+Rollout,138,27316.86328125,20339.22265625,1050.122,5927.51953125,69.2913,127,39,37,0,1
CFA+Rollout,139,35190.61328125,22084.666015625,1204.7039,11901.2421875,69.2308,156,48,40,0,2
CFA+Rollout,14,29314.791015625,20588.5078125,1111.2205,7615.06298828125,73.6842,133,35,37,0,1
CFA+Rollout,140,28343.587890625,20543.75,1044.7599,6755.07177734375,71.4286,133,38,37,0,2
CFA+Rollout,141,39245.24609375,22587.615234375,1288.8415,15368.78515625,69.2771,166,51,41,0,1
CFA+Rollout,142,28550.275390625,21070.876953125,1131.6619,6347.73779296875,72.8571,140,38,38,0,2
CFA+Rollout,143,31855.744140625,20802.65234375,1103.9146,9949.177734375,68.0851,141,45,38,0,1
CFA+Rollout,144,29956.0390625,21449.640625,1182.8146,7323.58251953125,72.1088,147,41,39,0,2
CFA+Rollout,145,45837.2734375,24046.759765625,1293.2935,20497.21484375,60.39600000000001,202,80,43,0,1
CFA+Rollout,146,36583.2578125,21668.79296875,1115.9332,13798.5234375,66.0377,159,54,39,0,2
CFA+Rollout,147,30436.24609375,20535.443359375,1219.4417,8681.3603515625,71.5385,130,37,37,0,4
CFA+Rollout,148,32889.71484375,21468.533203125,1075.2311,10345.955078125,63.1579,152,56,39,0,1
CFA+Rollout,149,40852.98046875,22285.650390625,1259.4605,17307.8671875,66.4557,158,53,40,0,4
CFA+Rollout,15,31136.421875,19986.943359375,1101.9432,10047.5361328125,66.94210000000001,121,40,36,0,1
CFA+Rollout,150,30743.439453125,21945.7890625,1201.5661,7596.08056640625,65.3846,156,54,40,0,0
CFA+Rollout,151,30980.81640625,21024.77734375,1126.2212,8829.8154296875,68.57140000000001,140,44,38,0,2
CFA+Rollout,152,30515.36328125,21171.126953125,1143.582,8200.654296875,71.831,142,40,38,0,0
CFA+Rollout,153,28800.67578125,20269.626953125,1111.0726,7419.97265625,71.65350000000001,127,36,37,0,0
CFA+Rollout,154,30929.208984375,21190.87890625,1173.3712,8564.9609375,66.6667,135,45,38,0,1
CFA+Rollout,155,33145.375,21358.78515625,1067.4519,10719.138671875,67.3611,144,47,39,0,2
CFA+Rollout,156,42120.19921875,24418.830078125,1321.1798,16380.193359375,66.0099,203,69,44,0,0
CFA+Rollout,157,28460.67578125,19311.91796875,1032.6739,8116.08154296875,69.0265,113,35,35,0,0
CFA+Rollout,158,34584.6171875,21232.5234375,1158.7975,12193.2890625,62.1622,148,56,38,0,1
CFA+Rollout,159,35651.30078125,22034.056640625,1290.6812,12326.5654296875,70.7792,154,45,40,0,3
CFA+Rollout,16,34118.10546875,22330.3515625,1237.9223,10549.8388671875,72.1212,165,46,40,0,1
CFA+Rollout,160,26777.26953125,19872.966796875,1073.0262,5831.2783203125,66.3866,119,40,36,0,0
CFA+Rollout,161,29294.447265625,21246.43359375,1181.5847,6866.42822265625,68.6131,137,43,38,0,0
CFA+Rollout,162,29384.005859375,20550.71484375,1039.5058,7793.78466796875,73.4375,128,34,37,0,0
CFA+Rollout,163,30458.560546875,20513.2890625,1147.2568,8798.0126953125,70.6349,126,37,37,0,1
CFA+Rollout,164,34561.42578125,22247.1640625,1207.7891,11106.4736328125,72.7273,165,45,40,0,2
CFA+Rollout,165,35727.60546875,21191.17578125,1096.8055,13439.6220703125,67.8082,146,47,38,0,0
CFA+Rollout,166,38399.1953125,22910.98046875,1343.2056,14145.0068359375,65.5172,174,60,41,0,2
CFA+Rollout,167,40112.33984375,23397.828125,1387.1891,15327.3154296875,65.3409,176,61,42,0,1
CFA+Rollout,168,31356.9375,20578.990234375,1090.718,9687.2314453125,75.3846,130,32,37,0,2
CFA+Rollout,169,35093.21875,22270.908203125,1169.0649,11653.234375,61.72840000000001,162,62,40,0,0
CFA+Rollout,17,33111.8828125,22166.271484375,1175.1096,9770.505859375,65.4088,159,55,40,0,1
CFA+Rollout,170,32819.328125,21992.22265625,1181.5043,9645.5966796875,67.9245,159,51,40,0,2
CFA+Rollout,171,32817.3984375,21784.994140625,1131.8273,9900.5751953125,66.6667,162,54,39,0,1
CFA+Rollout,172,30661.337890625,20928.185546875,1116.7654,8616.3935546875,73.6111,144,38,38,0,2
CFA+Rollout,173,30387.244140625,21697.46484375,1159.027,7530.755859375,73.7931,145,38,39,0,2
CFA+Rollout,174,29208.26171875,20311.892578125,1065.1025,7831.26708984375,75.5906,127,31,37,0,1
CFA+Rollout,175,34066.27734375,21994.015625,1202.5891,10869.6748046875,67.08070000000001,161,53,40,0,0
CFA+Rollout,176,31779.98046875,21478.384765625,1122.7225,9178.876953125,66.9014,142,47,39,0,1
CFA+Rollout,177,36375.92578125,21620.6953125,1146.7618,13608.46875,68.4564,149,47,39,0,3
CFA+Rollout,178,38917.8359375,22653.630859375,1239.577,15024.626953125,65.0888,169,59,41,0,1
CFA+Rollout,179,39828.1640625,22647.216796875,1241.6361,15939.3076171875,68.4211,171,54,41,0,1
CFA+Rollout,18,36879.4296875,21607.748046875,1204.826,14066.8564453125,63.9456,147,53,39,0,1
CFA+Rollout,180,35486.43359375,21994.2421875,1211.1353,12281.056640625,63.4615,156,57,40,0,0
CFA+Rollout,181,33548.8359375,21568.5234375,1118.2923,10862.021484375,63.2258,155,57,39,0,2
CFA+Rollout,182,32757.96875,21690.15625,1205.59,9862.2255859375,71.0692,159,46,39,0,1
CFA+Rollout,183,34017.7734375,21726.783203125,1126.2239,11164.765625,66.6667,156,52,39,0,0
CFA+Rollout,184,36161.75390625,21945.294921875,1196.2814,13020.1796875,60.3774,159,63,40,0,1
CFA+Rollout,185,34851.54296875,22163.548828125,1206.3301,11481.66796875,60.6452,155,61,40,0,1
CFA+Rollout,186,38487.3125,22569.146484375,1268.1642,14649.998046875,67.2956,159,52,41,0,2
CFA+Rollout,187,38086.8828125,22559.923828125,1277.4982,14249.4658203125,64.2857,168,60,41,0,0
CFA+Rollout,188,27887.78515625,19523.251953125,1019.8671,7344.67138671875,67.2414,116,38,35,0,1
CFA+Rollout,189,36776.1328125,21102.845703125,1110.2583,14563.0224609375,65.7343,143,49,38,0,1
CFA+Rollout,19,39249.7109375,21999.208984375,1205.4,16045.09765625,62.091499999999996,153,58,40,0,0
CFA+Rollout,190,30034.892578125,20603.16015625,1071.3117,8360.4189453125,73.2394,142,38,37,0,1
CFA+Rollout,191,33091.0625,22201.28125,1178.0704,9711.7158203125,75.625,160,39,40,0,1
CFA+Rollout,192,31513.740234375,21511.890625,1097.0917,8904.759765625,72.66669999999999,150,41,39,0,0
CFA+Rollout,193,32388.791015625,20886.31640625,1042.4378,10460.0400390625,69.3431,137,42,38,0,2
CFA+Rollout,194,33156.91015625,21470.5234375,1131.4745,10554.9013671875,70.9459,148,43,39,0,0
CFA+Rollout,195,29928.697265625,20654.46875,1084.2256,8190.0,75.7576,132,32,37,0,1
CFA+Rollout,196,34836.91796875,21574.515625,1076.2348,12186.16796875,67.5159,157,51,39,0,0
CFA+Rollout,197,33661.390625,22219.083984375,1250.6817,10191.6220703125,72.956,159,43,40,0,1
CFA+Rollout,198,31163.544921875,20674.310546875,1054.3545,9434.8759765625,68.0556,144,46,37,0,2
CFA+Rollout,199,36842.91796875,22930.5859375,1212.1351,12700.2001953125,66.8571,175,58,41,0,0
CFA+Rollout,2,34248.75390625,21775.001953125,1240.6166,11233.1328125,73.8562,153,40,39,0,0
CFA+Rollout,20,31388.853515625,20944.94921875,1108.4327,9335.4765625,69.2308,143,44,38,0,0
CFA+Rollout,200,33262.6875,21319.47265625,1158.8961,10784.3173828125,68.3453,139,44,39,0,1
CFA+Rollout,201,35170.93359375,21527.205078125,1222.285,12421.4443359375,69.863,146,44,39,0,2
CFA+Rollout,202,34110.14453125,21437.763671875,1186.404,11485.9716796875,70.8333,144,42,39,0,0
CFA+Rollout,203,33733.33984375,20825.294921875,1029.9481,11878.0947265625,65.4676,139,48,38,0,1
CFA+Rollout,204,38837.66015625,21983.541015625,1164.2089,15689.9052734375,59.748400000000004,159,64,40,0,0
CFA+Rollout,205,34430.515625,21957.10546875,1194.9499,11278.4580078125,68.2927,164,52,40,0,2
CFA+Rollout,206,31996.83203125,21725.56640625,1122.3783,9148.8828125,72.1854,151,42,39,0,1
CFA+Rollout,207,33053.12890625,22058.5703125,1141.1676,9853.392578125,66.4516,155,52,40,0,2
CFA+Rollout,208,38146.72265625,22197.640625,1209.7661,14739.3154296875,66.0494,162,55,40,0,0
CFA+Rollout,209,40077.02734375,22035.583984375,1235.6819,16805.771484375,58.3851,161,67,40,0,2
CFA+Rollout,21,36060.55859375,22602.396484375,1290.694,12167.46484375,66.6667,174,58,41,0,3
CFA+Rollout,210,35005.48828125,21091.349609375,1126.1827,12787.94921875,71.0345,145,42,38,0,1
CFA+Rollout,211,32377.849609375,20606.81640625,1055.4969,10715.5341796875,67.7165,127,41,37,0,0
CFA+Rollout,212,32948.3046875,21238.021484375,1097.4937,10612.79296875,75.6757,148,36,38,0,2
CFA+Rollout,213,30214.322265625,21955.720703125,1192.2482,7066.3486328125,65.7895,152,52,40,0,3
CFA+Rollout,214,32957.03515625,21038.34375,1124.4185,10794.26953125,72.1429,140,39,38,0,1
CFA+Rollout,215,31026.201171875,21005.875,1104.7914,8915.5380859375,69.7183,142,43,38,0,3
CFA+Rollout,216,35237.06640625,21985.732421875,1180.9109,12070.4208984375,70.303,165,49,40,0,4
CFA+Rollout,217,30560.291015625,19942.44921875,1032.9961,9584.837890625,66.4,125,42,36,0,1
CFA+Rollout,218,29141.26171875,21141.8203125,1175.9173,6823.5234375,68.9655,145,45,38,0,0
CFA+Rollout,219,35312.48828125,22018.74609375,1150.5493,12143.1943359375,73.4177,158,42,40,0,2
CFA+Rollout,22,37814.23828125,22780.40625,1246.2082,13787.62890625,62.8571,175,65,41,0,0
CFA+Rollout,220,31333.00390625,21425.951171875,1124.3594,8782.6982421875,75.3425,146,36,39,0,2
CFA+Rollout,221,34366.1640625,22290.830078125,1267.8726,10807.4619140625,64.3312,157,56,40,0,1
CFA+Rollout,222,28688.33203125,20522.345703125,1078.911,7087.0791015625,70.4545,132,39,37,0,1
CFA+Rollout,223,31771.96875,20758.80859375,1158.8196,9854.3388671875,64.2857,140,50,38,0,0
CFA+Rollout,224,33460.453125,21994.23828125,1193.8602,10272.3544921875,66.0494,162,55,40,0,1
CFA+Rollout,225,45392.4375,22626.92578125,1251.9818,21513.52734375,56.7251,171,74,41,0,3
CFA+Rollout,226,31097.462890625,21715.515625,1177.6068,8204.3369140625,72.0,150,42,39,0,0
CFA+Rollout,227,34519.73828125,22487.05078125,1235.7469,10796.9462890625,72.45509999999999,167,46,41,0,1
CFA+Rollout,228,34134.04296875,22229.564453125,1192.7976,10711.6767578125,63.522,159,58,40,0,2
CFA+Rollout,229,27061.810546875,18757.0546875,971.3481,7333.41015625,66.3366,101,34,34,0,0
CFA+Rollout,23,33859.84375,21080.736328125,1110.5115,11668.6015625,68.4932,146,46,38,0,2
CFA+Rollout,230,43666.65625,23125.33984375,1331.3349,19209.9921875,61.4943,174,67,42,0,1
CFA+Rollout,231,34985.01953125,22531.99609375,1224.3882,11228.630859375,71.6763,173,49,41,0,0
CFA+Rollout,232,42335.24609375,21796.578125,1210.6908,19327.978515625,61.1465,157,61,39,0,1
CFA+Rollout,233,32167.203125,20891.248046875,1144.095,10131.859375,70.5036,139,41,38,0,0
CFA+Rollout,234,44009.2578125,22083.83203125,1289.6324,20635.7890625,61.290299999999995,155,60,40,0,0
CFA+Rollout,235,41562.328125,23138.861328125,1255.6365,17167.83203125,65.7609,184,63,42,0,2
CFA+Rollout,236,32671.62890625,20795.7265625,1095.7509,10780.146484375,66.1765,136,46,38,0,1
CFA+Rollout,237,30820.978515625,21368.931640625,1143.557,8308.4892578125,68.2432,148,47,39,0,0
CFA+Rollout,238,34695.32421875,20652.17578125,1063.5629,12979.5869140625,70.1493,134,40,37,0,1
CFA+Rollout,239,26715.673828125,19811.244140625,1034.4535,5869.9736328125,68.10340000000001,116,37,36,0,2
CFA+Rollout,24,32943.17578125,22017.26953125,1200.109,9725.7958984375,69.0909,165,51,40,0,4
CFA+Rollout,240,28317.171875,20101.0703125,1046.4453,7169.65771484375,69.35480000000001,124,38,36,0,1
CFA+Rollout,241,29366.134765625,20099.79296875,1030.5735,8235.767578125,75.969,129,31,36,0,0
CFA+Rollout,242,32548.5703125,21608.859375,1187.5602,9752.146484375,70.0,150,45,39,0,1
CFA+Rollout,243,45570.9140625,23986.509765625,1295.7294,20288.669921875,65.5,200,69,43,0,3
CFA+Rollout,244,40872.38671875,23934.576171875,1409.9883,15527.8193359375,69.3122,189,58,43,0,3
CFA+Rollout,245,26920.169921875,19172.115234375,971.7167,6776.341796875,70.4348,115,34,35,0,0
CFA+Rollout,246,36648.890625,22087.708984375,1197.7583,13363.421875,63.6364,154,56,40,0,1
CFA+Rollout,247,34275.23828125,21374.435546875,1074.4859,11826.314453125,68.2432,148,47,39,0,0
CFA+Rollout,248,40596.10546875,23145.904296875,1297.8206,16152.37109375,63.7931,174,63,42,0,2
CFA+Rollout,249,38590.16015625,21964.1328125,1287.5724,15338.4580078125,65.60510000000001,157,54,40,0,0
CFA+Rollout,25,35644.4921875,23400.302734375,1289.3954,10954.7939453125,71.4286,175,50,42,0,0
CFA+Rollout,250,33562.62890625,21140.47265625,1135.292,11286.8671875,71.3287,143,41,38,0,1
CFA+Rollout,251,31370.251953125,21168.244140625,1134.149,9067.8583984375,66.9014,142,47,38,0,2
CFA+Rollout,252,30716.63671875,21081.732421875,1116.2459,8518.6611328125,68.4932,146,46,38,0,2
CFA+Rollout,253,30931.673828125,20928.1171875,1163.9457,8839.6103515625,72.59259999999999,135,37,38,0,4
CFA+Rollout,254,31808.79296875,21780.185546875,1254.0568,8774.5546875,72.4359,156,43,39,0,1
CFA+Rollout,255,37013.98046875,22864.427734375,1262.7054,12886.84765625,69.8225,169,51,41,0,1
CFA+Rollout,256,32445.615234375,21139.669921875,1115.4245,10190.5283203125,72.9167,144,39,38,0,1
CFA+Rollout,257,32510.646484375,21932.306640625,1174.5784,9403.7587890625,63.522,159,58,40,0,1
CFA+Rollout,258,37277.78515625,22707.705078125,1274.6999,13295.3720703125,62.4242,165,62,41,0,1
CFA+Rollout,259,34959.015625,21324.193359375,1207.4064,12427.4150390625,64.5833,144,51,39,0,1
CFA+Rollout,26,30473.20703125,21207.494140625,1108.9495,8156.76220703125,64.1892,148,53,38,0,0
CFA+Rollout,260,39808.56640625,22301.021484375,1137.911,16369.634765625,66.6667,168,56,40,0,0
CFA+Rollout,261,34387.5078125,21627.712890625,1181.4963,11578.3017578125,67.5497,151,49,39,0,2
CFA+Rollout,262,31382.81640625,22003.455078125,1159.3494,8220.013671875,70.1863,161,48,40,0,1
CFA+Rollout,263,35185.5078125,20873.87890625,1134.5076,13177.1201171875,69.1176,136,42,38,0,0
CFA+Rollout,264,36350.30078125,21214.216796875,1188.6472,13947.435546875,67.3469,147,48,38,0,1
CFA+Rollout,265,32036.525390625,21779.279296875,1217.6392,9039.6044921875,73.3766,154,41,39,0,0
CFA+Rollout,266,27727.076171875,19332.697265625,1010.595,7383.7841796875,70.1754,114,34,35,0,0
CFA+Rollout,267,33853.60546875,21605.90625,1196.152,11051.5498046875,65.7895,152,52,39,0,2
CFA+Rollout,268,36112.5703125,23309.638671875,1252.8627,11550.06640625,73.913,184,48,42,0,2
CFA+Rollout,269,29669.1015625,20686.2734375,1100.1424,7882.68701171875,78.0142,141,31,37,0,2
CFA+Rollout,27,30553.810546875,20596.28515625,1200.0536,8757.4765625,70.229,131,39,37,0,1
CFA+Rollout,270,35284.4765625,22274.021484375,1222.7404,11787.7109375,70.0599,167,50,40,0,0
CFA+Rollout,271,34856.76953125,22745.052734375,1294.9631,10816.7529296875,67.0659,167,55,41,0,0
CFA+Rollout,272,30605.564453125,20643.423828125,1098.6137,8863.5224609375,71.7391,138,39,37,0,3
CFA+Rollout,273,32950.36328125,20895.361328125,1111.4568,10943.5419921875,70.7143,140,41,38,0,0
CFA+Rollout,274,31961.970703125,20525.37890625,1060.741,10375.849609375,64.4444,135,48,37,0,0
CFA+Rollout,275,35636.8046875,21672.943359375,1125.1264,12838.732421875,71.8121,149,42,39,0,0
CFA+Rollout,276,41239.5078125,22296.8046875,1160.7703,17781.923828125,64.0719,167,60,40,0,3
CFA+Rollout,277,31885.33203125,21743.3671875,1188.3419,8953.6220703125,69.9346,153,46,39,0,0
CFA+Rollout,278,34651.40625,21931.806640625,1152.5922,11567.005859375,67.9245,159,51,40,0,2
CFA+Rollout,279,35193.3125,22538.337890625,1299.2256,11355.7529296875,66.6667,162,54,41,0,1
CFA+Rollout,28,35335.76171875,23363.20703125,1256.8832,10715.6748046875,67.7419,186,60,42,0,0
CFA+Rollout,280,34029.5703125,21073.19140625,1077.3778,11879.00390625,69.3333,150,46,38,0,0
CFA+Rollout,281,33707.1328125,21576.98046875,1193.7748,10936.3779296875,62.1622,148,56,39,0,2
CFA+Rollout,282,30526.111328125,21077.931640625,1152.5417,8295.6416015625,70.0,140,42,38,0,1
CFA+Rollout,283,38097.3828125,22696.880859375,1228.0805,14172.4208984375,70.2381,168,50,41,0,0
CFA+Rollout,284,37957.3984375,21535.46875,1154.6104,15267.3134765625,74.3243,148,38,39,0,1
CFA+Rollout,285,31774.736328125,21659.998046875,1193.5116,8921.224609375,71.1409,149,43,39,0,1
CFA+Rollout,286,27317.91015625,19551.107421875,1093.2024,6673.6044921875,63.71679999999999,113,41,35,0,1
CFA+Rollout,287,32416.361328125,21469.271484375,1182.6386,9764.44921875,66.4384,146,49,39,0,2
CFA+Rollout,288,36266.8671875,22756.822265625,1249.0861,12260.9619140625,64.1176,170,61,41,0,0
CFA+Rollout,289,32821.546875,22183.04296875,1160.573,9477.9365234375,72.3926,163,45,40,0,1
CFA+Rollout,29,32704.8359375,21550.58984375,1167.0087,9987.240234375,68.5315,143,45,39,0,1
CFA+Rollout,290,31293.6796875,21169.416015625,1141.974,8982.2919921875,67.8322,143,46,38,0,2
CFA+Rollout,291,33497.06640625,22476.515625,1215.9829,9804.5693359375,70.0599,167,50,41,0,1
CFA+Rollout,292,28871.5703125,21027.755859375,1118.4199,6725.39990234375,70.2128,141,42,38,0,2
CFA+Rollout,293,29438.216796875,20566.890625,1120.7674,7750.56298828125,69.9248,133,40,37,0,2
CFA+Rollout,294,46562.0,23291.53125,1237.2129,22033.26171875,62.22220000000001,180,68,42,0,0
CFA+Rollout,295,28665.669921875,21148.234375,1145.9525,6371.48291015625,67.1642,134,44,38,0,1
CFA+Rollout,296,46565.74609375,23144.66015625,1213.3504,22207.740234375,59.090900000000005,176,72,42,0,2
CFA+Rollout,297,30325.75,20971.322265625,1104.0199,8250.408203125,74.6479,142,36,38,0,1
CFA+Rollout,298,34381.90625,21140.93359375,1213.5527,12027.4208984375,62.5,136,51,38,0,0
CFA+Rollout,299,35016.78515625,21980.833984375,1220.4033,11815.552734375,68.7898,157,49,40,0,0
CFA+Rollout,3,34072.33203125,21918.65234375,1222.6366,10931.0419921875,71.3376,157,45,40,0,1
CFA+Rollout,30,31447.27734375,20643.822265625,1023.1116,9780.3408203125,67.1642,134,44,37,0,1
CFA+Rollout,300,37273.953125,22041.8984375,1150.234,14081.822265625,66.0494,162,55,40,0,0
CFA+Rollout,301,36240.359375,22625.716796875,1277.1268,12337.51953125,69.2308,169,52,41,0,2
CFA+Rollout,302,43041.9609375,22787.962890625,1134.9145,19119.08203125,69.2737,179,55,41,0,1
CFA+Rollout,303,33714.8828125,21109.220703125,1129.4684,11476.1982421875,73.6842,152,40,38,0,1
CFA+Rollout,304,33153.5390625,22042.919921875,1086.1185,10024.4990234375,72.1212,165,46,40,0,1
CFA+Rollout,305,40604.0703125,23213.12890625,1343.3602,16047.5693359375,62.4309,181,68,42,0,0
CFA+Rollout,306,36047.05859375,21369.064453125,1120.2578,13557.732421875,67.5325,154,50,39,0,3
CFA+Rollout,307,45702.8515625,22041.390625,1231.8799,22429.5859375,54.140100000000004,157,72,40,0,0
CFA+Rollout,308,31994.00390625,20129.9609375,1080.9532,10783.0927734375,65.873,126,43,36,0,2
CFA+Rollout,309,26760.501953125,19972.521484375,1036.0536,5751.92822265625,72.58059999999999,124,34,36,0,0
CFA+Rollout,31,27039.384765625,20362.01953125,1033.8808,5643.48388671875,73.0159,126,34,37,0,0
CFA+Rollout,310,40764.984375,22895.806640625,1221.7376,16647.4375,67.4286,175,57,41,0,2
CFA+Rollout,311,33151.11328125,21755.3828125,1169.6428,10226.083984375,70.1299,154,46,39,0,2
CFA+Rollout,312,35405.0234375,22672.361328125,1290.2948,11442.37109375,70.5521,163,48,41,0,4
CFA+Rollout,313,29372.341796875,20048.056640625,1012.5528,8311.73828125,70.8661,127,37,36,0,3
CFA+Rollout,314,37021.703125,21010.109375,1114.7916,14896.7998046875,61.4286,140,54,38,0,2
CFA+Rollout,315,36212.7890625,20887.23046875,1108.1771,14217.3837890625,60.447799999999994,134,53,38,0,0
CFA+Rollout,316,33100.58984375,21039.37109375,1118.1725,10943.05078125,64.7887,142,50,38,0,1
CFA+Rollout,317,33432.80078125,21174.01953125,1174.3992,11084.37890625,66.89659999999999,145,48,38,0,0
CFA+Rollout,318,32159.392578125,21556.322265625,1248.428,9354.6455078125,71.8954,153,43,39,0,0
CFA+Rollout,319,29254.97265625,20468.580078125,1042.5955,7743.7998046875,75.3968,126,31,37,0,0
CFA+Rollout,32,40249.4765625,22122.79296875,1188.3724,16938.310546875,60.365899999999996,164,65,40,0,3
CFA+Rollout,320,30493.734375,20285.3203125,1046.1847,9162.2333984375,70.229,131,39,37,0,0
CFA+Rollout,321,32458.78125,21785.619140625,1231.295,9441.8642578125,73.5484,155,41,39,0,2
CFA+Rollout,322,27838.521484375,19479.8359375,973.807,7384.884765625,72.1739,115,32,35,0,2
CFA+Rollout,323,29355.705078125,20653.814453125,1091.3136,7610.576171875,69.403,134,41,37,0,1
CFA+Rollout,324,31689.765625,20832.552734375,1166.1567,9691.0576171875,75.18249999999999,137,34,38,0,1
CFA+Rollout,325,32567.357421875,21581.966796875,1136.9814,9848.4111328125,71.0526,152,44,39,0,2
CFA+Rollout,326,40216.35546875,23004.486328125,1278.5684,15933.298828125,67.2515,171,56,42,0,2
CFA+Rollout,327,34609.3828125,22169.240234375,1290.062,11150.0810546875,65.1899,158,55,40,0,1
CFA+Rollout,328,30919.2578125,19996.67578125,1076.8188,9845.7607421875,67.4797,123,40,36,0,1
CFA+Rollout,329,32119.13671875,21445.2109375,1158.4255,9515.5009765625,62.068999999999996,145,55,39,0,2
CFA+Rollout,33,38482.125,23141.03515625,1228.1404,14112.9443359375,63.4286,175,64,42,0,3
CFA+Rollout,330,31809.1328125,21746.6640625,1137.1141,8925.353515625,69.0323,155,48,39,0,1
CFA+Rollout,331,34898.515625,21546.4140625,1121.6271,12230.46875,68.4211,152,48,39,0,1
CFA+Rollout,332,31994.755859375,21108.505859375,1135.8769,9750.3642578125,76.7123,146,34,38,0,3
CFA+Rollout,333,35395.015625,21791.6640625,1130.6011,12472.751953125,72.4359,156,43,39,0,0
CFA+Rollout,334,29910.181640625,21029.48828125,1065.1253,7815.5673828125,65.493,142,49,38,0,4
CFA+Rollout,335,28790.48046875,20602.978515625,1080.2207,7107.28173828125,72.0588,136,38,37,0,3
CFA+Rollout,336,29307.013671875,21098.53125,1093.8057,7114.67431640625,73.9437,142,37,38,0,1
CFA+Rollout,337,35924.0859375,21644.66796875,1249.2521,13030.171875,73.1544,149,40,39,0,3
CFA+Rollout,338,33053.9375,21999.212890625,1153.2105,9901.5087890625,73.7179,156,41,40,0,0
CFA+Rollout,339,29205.958984375,21009.23828125,1097.4894,7099.23291015625,69.9301,143,43,38,0,1
CFA+Rollout,34,34694.3828125,22181.423828125,1211.6424,11301.3251953125,69.7531,162,49,40,0,0
CFA+Rollout,340,33957.49609375,21044.94921875,1149.2427,11763.30859375,73.913,138,36,38,0,1
CFA+Rollout,341,32765.943359375,20629.525390625,1103.6144,11032.7998046875,69.5312,128,39,37,0,1
CFA+Rollout,342,33693.64453125,21249.41796875,1109.9659,11334.25390625,66.2162,148,50,38,0,1
CFA+Rollout,343,32870.96484375,21356.1953125,1155.3271,10359.451171875,76.9231,143,33,39,0,1
CFA+Rollout,344,36126.10546875,23183.6328125,1243.1473,11699.333984375,69.9454,183,55,42,0,0
CFA+Rollout,345,32757.833984375,20872.36328125,1085.5342,10799.9345703125,63.5714,140,51,38,0,0
CFA+Rollout,346,34861.76953125,22619.568359375,1290.07,10952.130859375,69.0909,165,51,41,0,2
CFA+Rollout,347,32686.736328125,21776.369140625,1229.0437,9681.32421875,71.7241,145,41,39,0,2
CFA+Rollout,348,32516.1640625,21730.673828125,1201.2028,9584.28515625,70.9677,155,45,39,0,1
CFA+Rollout,349,36076.59375,23275.6796875,1299.7781,11501.1337890625,67.3913,184,60,42,0,2
CFA+Rollout,35,32628.236328125,20696.654296875,1129.0657,10802.5166015625,65.6716,134,46,37,0,1
CFA+Rollout,350,31857.59765625,21359.515625,1145.0556,9353.0263671875,71.1268,142,41,39,0,0
CFA+Rollout,351,37908.4296875,22518.255859375,1294.8628,14095.3154296875,69.9387,163,49,41,0,2
CFA+Rollout,352,29957.779296875,20838.099609375,1184.5681,7935.111328125,73.38130000000001,139,37,38,0,1
CFA+Rollout,353,33475.66015625,21533.224609375,1206.0133,10736.427734375,66.4474,152,51,39,0,0
CFA+Rollout,354,35409.55078125,21790.81640625,1105.4928,12513.2412109375,69.2771,166,51,39,0,0
CFA+Rollout,355,37811.71875,21570.97265625,1169.975,15070.7744140625,68.4564,149,47,39,0,1
CFA+Rollout,356,33665.796875,22905.642578125,1198.4329,9561.720703125,68.57140000000001,175,55,41,0,1
CFA+Rollout,357,34973.64453125,20555.404296875,1110.31,13307.9296875,76.29629999999999,135,32,37,0,1
CFA+Rollout,358,35425.91796875,22587.265625,1162.3585,11676.298828125,72.35289999999999,170,47,41,0,1
CFA+Rollout,359,36483.77734375,21240.939453125,1144.7657,14098.068359375,70.1389,144,43,38,0,1
CFA+Rollout,36,34355.6953125,21523.123046875,1194.9047,11637.662109375,73.913,161,42,39,0,0
CFA+Rollout,360,27339.8984375,20056.607421875,1030.3196,6252.970703125,73.8462,130,34,36,0,0
CFA+Rollout,361,32293.740234375,20667.71875,1057.7392,10568.283203125,65.493,142,49,37,0,1
CFA+Rollout,362,37324.6328125,22322.00390625,1193.9274,13808.708984375,63.5802,162,59,40,0,0
CFA+Rollout,363,35410.6484375,22712.53515625,1187.522,11510.58984375,66.4706,170,57,41,0,1
CFA+Rollout,364,45513.109375,24939.091796875,1430.5789,19143.435546875,63.6364,209,76,45,0,3
CFA+Rollout,365,29715.955078125,21364.962890625,1121.3878,7229.60888671875,65.5629,151,52,39,0,4
CFA+Rollout,366,27712.541015625,20395.22265625,1059.3104,6258.0107421875,71.4286,133,38,37,0,2
CFA+Rollout,367,37053.73046875,21957.7109375,1125.0956,13970.9228515625,67.7215,158,51,40,0,0
CFA+Rollout,368,31830.712890625,20837.751953125,1099.6702,9893.287109375,71.0345,145,42,38,0,1
CFA+Rollout,369,47277.94921875,23886.482421875,1263.7875,22127.69140625,62.827200000000005,191,71,43,0,1
CFA+Rollout,37,27648.7265625,20474.23828125,1032.1651,6142.3203125,77.41940000000001,124,28,37,0,0
CFA+Rollout,370,36333.0234375,21371.259765625,1176.4399,13785.3212890625,66.6667,141,47,39,0,1
CFA+Rollout,371,32504.67578125,20500.166015625,1066.3842,10938.126953125,74.6154,130,33,37,0,0
CFA+Rollout,372,32163.455078125,22357.041015625,1202.1762,8604.236328125,71.9512,164,46,40,0,2
CFA+Rollout,373,33506.875,21362.931640625,1119.0528,11024.8896484375,60.8108,148,58,39,0,1
CFA+Rollout,374,29594.982421875,21038.61328125,1080.5163,7475.8544921875,67.58619999999999,145,47,38,0,1
CFA+Rollout,375,37328.20703125,22727.83984375,1228.716,13371.6533203125,66.8605,172,57,41,0,2
CFA+Rollout,376,42275.91796875,22164.705078125,1206.1337,18905.07421875,63.855399999999996,166,60,40,0,4
CFA+Rollout,377,31608.171875,20763.01953125,1112.3535,9732.8046875,70.8955,134,39,38,0,0
CFA+Rollout,378,34570.94140625,21746.2109375,1139.1637,11685.5654296875,70.3947,152,45,39,0,3
CFA+Rollout,379,27071.3125,20826.322265625,1110.8678,5134.126953125,73.8806,134,35,38,0,2
CFA+Rollout,38,37687.94921875,21669.72265625,1183.4543,14834.7724609375,61.6883,154,59,39,0,2
CFA+Rollout,380,38478.2421875,22046.09765625,1173.0842,15259.0703125,63.3987,153,56,40,0,4
CFA+Rollout,381,42919.90625,24124.193359375,1269.2576,17526.458984375,57.513000000000005,193,82,44,0,1
CFA+Rollout,382,34412.3046875,20645.392578125,1088.3222,12678.5908203125,65.4412,136,47,37,0,2
CFA+Rollout,383,35301.07421875,22840.984375,1337.9551,11122.1337890625,62.5,168,63,41,0,2
CFA+Rollout,384,30368.666015625,19684.296875,1045.7873,9638.5791015625,68.3761,117,37,36,0,0
CFA+Rollout,385,30794.65625,20337.650390625,1057.7273,9399.2783203125,71.5385,130,37,37,0,1
CFA+Rollout,386,30627.2421875,19848.193359375,1017.8126,9761.240234375,61.9835,121,46,36,0,0
CFA+Rollout,387,33218.16796875,21362.76953125,1205.7402,10649.6552734375,67.3469,147,48,39,0,2
CFA+Rollout,388,35998.3828125,21840.63671875,1198.209,12959.548828125,71.6129,155,44,39,0,1
CFA+Rollout,389,29486.26953125,20377.490234375,1079.3723,8029.4111328125,70.6349,126,37,37,0,1
CFA+Rollout,39,30724.8125,21662.3203125,1174.2059,7888.2841796875,64.8649,148,52,39,0,3
CFA+Rollout,390,36063.609375,21317.38671875,1200.8969,13545.3251953125,62.9371,143,53,39,0,1
CFA+Rollout,391,32833.05859375,21998.919921875,1200.8524,9633.2880859375,73.4568,162,43,40,0,3
CFA+Rollout,392,50984.65234375,24745.025390625,1354.2983,24885.33203125,57.56099999999999,205,87,45,0,1
CFA+Rollout,393,34684.37890625,22037.142578125,1269.1447,11378.087890625,67.2956,159,52,40,0,3
CFA+Rollout,394,30160.94140625,20556.7109375,1071.9284,8532.3046875,67.66919999999999,133,43,37,0,1
CFA+Rollout,395,31646.1640625,20531.912109375,1225.0805,9889.1728515625,73.8095,126,33,37,0,0
CFA+Rollout,396,29954.109375,20081.130859375,1120.764,8752.21875,69.1057,123,38,36,0,1
CFA+Rollout,397,32148.09375,19867.517578125,1031.9021,11248.673828125,63.0769,130,48,36,0,3
CFA+Rollout,398,27178.466796875,19773.58984375,1013.5995,6391.2802734375,73.6,125,33,36,0,3
CFA+Rollout,399,36203.39453125,21772.89453125,1202.1433,13228.35546875,68.83120000000001,154,48,39,0,0
CFA+Rollout,4,27897.57421875,20048.04296875,1040.5741,6808.955078125,70.4918,122,36,36,0,0
CFA+Rollout,40,30704.642578125,20629.509765625,1103.9003,8971.2353515625,72.9927,137,37,37,0,1
CFA+Rollout,400,41984.02734375,22373.44921875,1265.6815,18344.90625,57.764,161,68,40,0,1
CFA+Rollout,401,28274.03125,19188.728515625,1066.957,8018.345703125,72.8155,103,28,35,0,2
CFA+Rollout,402,36492.84765625,22102.654296875,1102.0906,13288.1044921875,65.8065,155,53,40,0,3
CFA+Rollout,403,33474.48046875,20982.935546875,1126.1259,11365.4150390625,66.90650000000001,139,46,38,0,2
CFA+Rollout,404,37556.5078125,23182.890625,1263.6482,13109.962890625,67.2316,177,58,42,0,2
CFA+Rollout,405,33713.53515625,22017.853515625,1163.7008,10531.9814453125,67.2956,159,52,40,0,1
CFA+Rollout,406,34742.02734375,21163.125,1072.8355,12506.0634765625,66.4336,143,48,38,0,1
CFA+Rollout,407,28599.890625,20102.009765625,1032.1628,7465.720703125,75.0,128,32,36,0,2
CFA+Rollout,408,31013.5234375,21750.12890625,1125.4423,8137.9462890625,75.625,160,39,39,0,4
CFA+Rollout,409,29755.705078125,21067.396484375,1186.6837,7501.62939453125,71.94239999999999,139,39,38,0,2
CFA+Rollout,41,35399.203125,21656.1796875,1213.1665,12529.859375,63.57620000000001,151,55,39,0,3
CFA+Rollout,410,36555.59765625,21939.625,1118.7681,13497.205078125,65.5844,154,53,40,0,0
CFA+Rollout,411,38457.6953125,22182.2578125,1237.221,15038.2158203125,71.6981,159,45,40,0,2
CFA+Rollout,412,30428.00390625,20657.984375,1037.7949,8732.224609375,64.02879999999999,139,50,37,0,1
CFA+Rollout,413,36676.85546875,23308.373046875,1232.8559,12135.626953125,66.48039999999999,179,60,42,0,2
CFA+Rollout,414,32395.568359375,22039.873046875,1185.6978,9170.001953125,73.5849,159,42,40,0,1
CFA+Rollout,415,30691.078125,20800.689453125,1127.6073,8762.7802734375,67.9389,131,42,38,0,1
CFA+Rollout,416,33177.96484375,21878.650390625,1178.8792,10120.4365234375,75.33330000000001,150,37,40,0,3
CFA+Rollout,417,32647.529296875,22564.365234375,1224.7097,8858.45703125,71.875,160,45,41,0,0
CFA+Rollout,418,36196.24609375,21734.38671875,1160.3175,13301.546875,65.3061,147,51,39,0,1
CFA+Rollout,419,28450.69140625,20367.359375,1069.504,7013.826171875,73.8806,134,35,37,0,2
CFA+Rollout,42,35407.6484375,22477.125,1236.2549,11694.2744140625,67.6647,167,54,41,0,3
CFA+Rollout,420,27160.390625,19908.064453125,1067.2153,6185.1083984375,71.65350000000001,127,36,36,0,0
CFA+Rollout,421,32126.552734375,20619.798828125,1128.5586,10378.1953125,63.49209999999999,126,46,37,0,2
CFA+Rollout,422,34950.83203125,22102.2890625,1178.2027,11670.3310546875,67.0732,164,54,40,0,1
CFA+Rollout,423,29698.08984375,20351.576171875,1068.5298,8277.9765625,67.46029999999999,126,41,37,0,0
CFA+Rollout,424,31801.427734375,21407.21875,1159.1312,9235.0810546875,68.4564,149,47,39,0,2
CFA+Rollout,425,28674.013671875,20287.431640625,1098.714,7287.8662109375,69.2913,127,39,37,0,0
CFA+Rollout,426,43686.84765625,23337.830078125,1270.0882,19078.93359375,61.2022,183,71,42,0,2
CFA+Rollout,427,28575.337890625,20954.90625,1084.6266,6535.8046875,76.9231,143,33,38,0,1
CFA+Rollout,428,29722.5,21360.923828125,1100.5797,7260.99462890625,67.3333,150,49,39,0,0
CFA+Rollout,429,30925.2265625,20371.17578125,1072.7323,9481.3115234375,64.2857,126,45,37,0,1
CFA+Rollout,43,32070.640625,21625.837890625,1164.2995,9280.501953125,68.6275,153,48,39,0,4
CFA+Rollout,430,36010.11328125,22188.2578125,1211.0146,12610.853515625,67.90119999999999,162,52,40,0,3
CFA+Rollout,431,27061.82421875,19361.439453125,1074.6785,6625.7021484375,67.9245,106,34,35,0,2
CFA+Rollout,432,33145.02734375,22307.419921875,1254.2759,9583.3232421875,70.625,160,47,40,0,1
CFA+Rollout,433,40224.5234375,21772.673828125,1132.1602,17319.68359375,65.3846,156,54,39,0,0
CFA+Rollout,434,33971.2890625,22131.18359375,1169.2756,10670.8271484375,75.7396,169,41,40,0,1
CFA+Rollout,435,29869.970703125,20654.88671875,1082.1705,8132.9111328125,72.59259999999999,135,37,37,0,2
CFA+Rollout,436,32948.38671875,20999.275390625,1166.5161,10782.5927734375,68.3453,139,44,38,0,1
CFA+Rollout,437,36877.44921875,22305.1328125,1190.1088,13382.2119140625,68.4848,165,52,40,0,2
CFA+Rollout,438,31632.6328125,21038.330078125,1074.2013,9520.1015625,74.1497,147,38,38,0,2
CFA+Rollout,439,33991.45703125,21778.876953125,1203.0443,11009.5283203125,75.1592,157,39,39,0,0
CFA+Rollout,44,37508.76953125,22198.880859375,1146.794,14163.107421875,66.6667,168,56,40,0,1
CFA+Rollout,440,30279.037109375,20434.08984375,1038.6819,8806.2626953125,66.1871,139,47,37,0,2
CFA+Rollout,441,31479.412109375,21210.822265625,1187.6558,9080.9326171875,78.4722,144,31,38,0,1
CFA+Rollout,442,29443.8359375,20403.19921875,1078.7865,7961.8505859375,63.846199999999996,130,47,37,0,0
CFA+Rollout,443,39461.88671875,22242.087890625,1180.9379,16038.8740234375,59.6386,166,67,40,0,2
CFA+Rollout,444,33218.2578125,21515.94140625,1157.1805,10545.1357421875,72.1854,151,42,39,0,4
CFA+Rollout,445,41582.23046875,23052.501953125,1276.7776,17252.939453125,70.5202,173,51,42,0,2
CFA+Rollout,446,27355.4296875,19458.59375,1048.3751,6848.4638671875,71.6814,113,32,35,0,0
CFA+Rollout,447,33301.9296875,22319.986328125,1229.6851,9752.2587890625,67.6829,164,53,40,0,2
CFA+Rollout,448,33032.95703125,19933.896484375,1044.0953,12054.9677734375,62.295100000000005,122,46,36,0,2
CFA+Rollout,449,34414.5390625,20805.05859375,1115.3839,12494.1015625,70.8955,134,39,38,0,2
CFA+Rollout,45,28366.681640625,19956.75390625,1036.3442,7373.583984375,73.7288,118,31,36,0,0
CFA+Rollout,450,39360.66796875,22184.18359375,1262.6756,15913.8203125,63.522,159,58,40,0,0
CFA+Rollout,451,30822.296875,21108.4375,1087.1347,8626.7236328125,78.6207,145,31,38,0,1
CFA+Rollout,452,31227.955078125,21030.6015625,1129.0881,9068.26953125,67.66919999999999,133,43,38,0,1
CFA+Rollout,453,30749.99609375,20646.259765625,1133.0788,8970.658203125,66.90650000000001,139,46,37,0,3
CFA+Rollout,454,34748.296875,22193.916015625,1192.2854,11362.0947265625,71.5976,169,48,40,0,1
CFA+Rollout,455,28065.46484375,19968.76171875,1039.5698,7057.13525390625,70.0,120,36,36,0,0
CFA+Rollout,456,28611.728515625,19900.75390625,1048.0727,7662.89990234375,70.8333,120,35,36,0,0
CFA+Rollout,457,28187.6328125,20380.212890625,1092.2023,6715.21923828125,68.75,128,40,37,0,0
CFA+Rollout,458,31730.025390625,21377.853515625,1241.1561,9111.0146484375,67.8571,140,45,39,0,1
CFA+Rollout,459,40915.375,22148.296875,1252.9956,17514.080078125,63.9053,169,61,40,0,0
CFA+Rollout,46,31898.767578125,20525.185546875,1135.8337,10237.7548828125,63.909800000000004,133,48,37,0,1
CFA+Rollout,460,32126.841796875,21705.556640625,1258.3145,9162.96875,70.7483,147,43,39,0,2
CFA+Rollout,461,27551.490234375,19682.38671875,1052.4769,6816.62890625,69.5652,115,35,36,0,0
CFA+Rollout,462,40853.140625,23668.48828125,1268.177,15916.484375,63.4409,186,68,43,0,2
CFA+Rollout,463,31032.8515625,20937.193359375,1083.7808,9011.876953125,67.3759,141,46,38,0,1
CFA+Rollout,464,29580.84765625,20047.771484375,1048.1292,8484.943359375,75.8065,124,30,36,0,0
CFA+Rollout,465,34837.40625,22113.109375,1206.3275,11517.97265625,66.2338,154,52,40,0,1
CFA+Rollout,466,30020.552734375,19944.7734375,1062.999,9012.783203125,70.2479,121,36,36,0,1
CFA+Rollout,467,32355.001953125,21115.107421875,1099.9216,10139.970703125,68.0556,144,46,38,0,2
CFA+Rollout,468,36620.390625,22930.30078125,1296.8586,12393.234375,65.88239999999999,170,58,41,0,1
CFA+Rollout,469,31253.84375,20238.189453125,1083.3502,9932.3017578125,66.9231,130,43,37,0,0
CFA+Rollout,47,33907.7578125,22100.564453125,1276.9898,10530.2099609375,71.97449999999999,157,44,40,0,1
CFA+Rollout,470,39868.49609375,22289.474609375,1257.8624,16321.166015625,56.9697,165,71,40,0,4
CFA+Rollout,471,31930.77734375,22264.677734375,1174.3957,8491.703125,71.51520000000001,165,47,40,0,1
CFA+Rollout,472,34286.90625,21586.654296875,1188.4376,11511.8154296875,68.8742,151,47,39,0,3
CFA+Rollout,473,43199.28515625,23313.841796875,1270.1896,18615.255859375,65.2174,184,64,42,0,0
CFA+Rollout,474,28200.251953125,20100.703125,1019.1838,7080.36572265625,71.2,125,36,36,0,3
CFA+Rollout,475,33482.171875,20117.546875,1089.8843,12274.744140625,68.1481,135,43,36,0,1
CFA+Rollout,476,30440.8828125,20599.072265625,1081.0634,8760.74609375,74.0741,135,35,37,0,2
CFA+Rollout,477,27753.474609375,19083.107421875,989.3668,7681.00390625,65.0943,106,37,35,0,1
CFA+Rollout,478,34353.5703125,22485.05078125,1233.5382,10634.986328125,74.7059,170,43,41,0,2
CFA+Rollout,479,27443.279296875,20878.388671875,1161.9687,5402.91748046875,73.6842,133,35,38,0,0
CFA+Rollout,48,31909.046875,21554.578125,1119.0577,9235.416015625,74.1935,155,40,39,0,0
CFA+Rollout,480,32510.587890625,21254.2109375,1210.6977,10045.6787109375,67.8571,140,45,38,0,0
CFA+Rollout,481,27924.26953125,20501.423828125,1023.8173,6399.02392578125,69.9248,133,40,37,0,0
CFA+Rollout,482,34006.125,21596.0859375,1229.8046,11180.23828125,69.8718,156,47,39,0,1
CFA+Rollout,483,40162.890625,22745.44140625,1283.3603,16134.0849609375,56.470600000000005,170,74,41,0,1
CFA+Rollout,484,35354.50390625,22043.1328125,1198.2882,12113.0810546875,71.25,160,46,40,0,2
CFA+Rollout,485,40829.69921875,22066.453125,1180.5753,17582.669921875,60.3774,159,63,40,0,1
CFA+Rollout,486,27742.841796875,19476.482421875,973.5905,7292.7705078125,71.1864,118,34,35,0,6
CFA+Rollout,487,31757.5546875,21532.875,1203.0757,9021.6083984375,72.29729999999999,148,41,39,0,0
CFA+Rollout,488,25796.259765625,19481.26171875,1025.8455,5289.15234375,65.1786,112,39,35,0,3
CFA+Rollout,489,35502.828125,22694.873046875,1262.8596,11545.0947265625,65.2941,170,59,41,0,4
CFA+Rollout,49,32607.4375,21678.75390625,1159.6309,9769.0439453125,65.5844,154,53,39,0,1
CFA+Rollout,490,29814.080078125,19900.94140625,1058.2769,8854.86328125,67.46029999999999,126,41,36,0,1
CFA+Rollout,491,33306.59765625,20620.654296875,1181.5014,11504.4423828125,64.6154,130,46,37,0,0
CFA+Rollout,492,33398.58203125,21576.2734375,1205.1866,10617.12890625,68.9655,145,45,39,0,3
CFA+Rollout,493,34536.1171875,20864.59375,1132.2121,12539.3076171875,69.28569999999999,140,43,38,0,2
CFA+Rollout,494,31897.939453125,21083.080078125,1088.0055,9726.8486328125,68.7075,147,46,38,0,5
CFA+Rollout,495,33618.39453125,21702.5390625,1173.2518,10742.603515625,68.6275,153,48,39,0,1
CFA+Rollout,496,32569.123046875,21096.2421875,1121.6523,10351.2255859375,69.1176,136,42,38,0,2
CFA+Rollout,497,37190.9296875,22251.576171875,1163.99,13775.369140625,64.7799,159,56,40,0,0
CFA+Rollout,498,29885.27734375,20696.671875,1157.2006,8031.4111328125,72.09299999999999,129,36,37,0,0
CFA+Rollout,499,27399.599609375,20665.07421875,1064.0024,5670.5263671875,81.4815,135,25,37,0,3
CFA+Rollout,5,31753.517578125,20366.330078125,1100.4899,10286.7001953125,71.0938,128,37,37,0,1
CFA+Rollout,50,32078.755859375,21954.96484375,1173.1141,8950.6728515625,67.5159,157,51,40,0,0
CFA+Rollout,500,40008.28515625,22342.1953125,1207.8723,16458.22265625,62.804899999999996,164,61,40,0,1
CFA+Rollout,51,38760.1328125,21921.7578125,1196.4933,15641.8779296875,65.3595,153,53,40,0,1
CFA+Rollout,52,30412.349609375,20690.462890625,1068.2079,8653.6748046875,70.5036,139,41,37,0,0
CFA+Rollout,53,33937.765625,21476.51171875,1133.3612,11327.8955078125,66.2069,145,49,39,0,1
CFA+Rollout,54,31531.884765625,21506.927734375,1121.6563,8903.3037109375,74.026,154,40,39,0,2
CFA+Rollout,55,33104.515625,21414.970703125,1160.9937,10528.5537109375,71.3287,143,41,39,0,0
CFA+Rollout,56,32106.09375,21589.5,1167.6125,9348.978515625,69.1781,146,45,39,0,1
CFA+Rollout,57,35139.9140625,22628.017578125,1256.706,11255.193359375,70.4403,159,47,41,0,4
CFA+Rollout,58,30492.796875,21009.775390625,1107.6102,8375.408203125,67.91040000000001,134,43,38,0,0
CFA+Rollout,59,63581.4453125,25069.416015625,1436.3789,37075.66015625,48.1308,214,111,45,0,2
CFA+Rollout,6,37903.3828125,23112.208984375,1278.1955,13512.9794921875,65.3409,176,61,42,0,1
CFA+Rollout,60,30822.98828125,20874.40234375,1105.8212,8842.7646484375,62.8571,140,52,38,0,1
CFA+Rollout,61,30885.71484375,20584.3828125,1061.9177,9239.41015625,73.5294,136,36,37,0,1
CFA+Rollout,62,28065.720703125,20292.087890625,1115.9873,6657.6484375,67.2131,122,40,37,0,0
CFA+Rollout,63,33861.71875,21206.8203125,1069.1875,11585.705078125,67.1233,146,48,38,0,2
CFA+Rollout,64,38466.44921875,22435.029296875,1274.3071,14757.1171875,59.1195,159,65,41,0,2
CFA+Rollout,65,32906.25,21686.4609375,1235.754,9984.03125,61.6883,154,59,39,0,1
CFA+Rollout,66,32216.416015625,20618.435546875,1136.5544,10461.4306640625,68.3453,139,44,37,0,1
CFA+Rollout,67,43317.609375,23476.390625,1300.8168,18540.404296875,63.1579,190,70,42,0,3
CFA+Rollout,68,30251.32421875,20612.44921875,1050.0132,8588.865234375,68.70230000000001,131,41,37,0,0
CFA+Rollout,69,29083.705078125,19730.81640625,1055.1016,8297.7900390625,69.4915,118,36,36,0,4
CFA+Rollout,7,32654.62109375,21459.7265625,1145.5031,10049.3994140625,73.7931,145,38,39,0,0
CFA+Rollout,70,31475.41796875,21324.28125,1133.7976,9017.3369140625,67.3333,150,49,39,0,4
CFA+Rollout,71,33165.83984375,21150.197265625,1128.2811,10887.3662109375,65.71430000000001,140,48,38,0,2
CFA+Rollout,72,23457.107421875,18524.486328125,1001.3288,3931.2939453125,75.51020000000001,98,24,34,0,0
CFA+Rollout,73,38527.25390625,22562.380859375,1218.2576,14746.611328125,71.0843,166,48,41,0,0
CFA+Rollout,74,36966.1640625,21590.611328125,1174.9349,14200.6142578125,64.42949999999999,149,53,39,0,1
CFA+Rollout,75,29569.779296875,21084.189453125,1064.441,7421.14501953125,68.88889999999999,135,42,38,0,2
CFA+Rollout,76,35395.63671875,21542.796875,1104.4109,12748.4296875,67.5325,154,50,39,0,1
CFA+Rollout,77,27555.919921875,20624.138671875,1113.8389,5817.94189453125,68.3824,136,43,37,0,0
CFA+Rollout,78,43875.4453125,21921.873046875,1278.8458,20674.7265625,55.4839,155,69,40,0,1
CFA+Rollout,79,41812.51171875,23217.4140625,1227.6017,17367.486328125,64.2458,179,64,42,0,0
CFA+Rollout,8,28202.3515625,20449.173828125,1040.2856,6712.890625,68.4211,133,42,37,0,0
CFA+Rollout,80,36012.859375,21736.68359375,1128.384,13147.787109375,65.8065,155,53,39,0,2
CFA+Rollout,81,37166.19921875,22231.185546875,1170.7676,13764.2412109375,63.9053,169,61,40,0,1
CFA+Rollout,82,53279.76171875,24123.107421875,1309.2676,27847.392578125,56.701,194,84,44,0,2
CFA+Rollout,83,31243.173828125,21654.97265625,1109.9353,8478.26953125,72.4138,145,40,39,0,1
CFA+Rollout,84,35232.55078125,21631.181640625,1269.0661,12332.30859375,65.0685,146,51,39,0,0
CFA+Rollout,85,32218.6328125,21446.115234375,1157.2236,9615.294921875,66.2162,148,50,39,0,4
CFA+Rollout,86,28354.78125,21095.47265625,1137.5759,6121.72998046875,73.0496,141,38,38,0,1
CFA+Rollout,87,29013.71484375,21183.46484375,1157.8455,6672.40673828125,68.3824,136,43,38,0,0
CFA+Rollout,88,46045.21484375,23375.3828125,1272.4113,21397.423828125,57.29729999999999,185,79,42,0,2
CFA+Rollout,89,32358.4296875,22133.349609375,1188.9957,9036.0859375,61.96319999999999,163,62,40,0,2
CFA+Rollout,9,26189.74609375,19415.810546875,1080.5427,5693.3935546875,73.4513,113,30,35,0,0
CFA+Rollout,90,28098.5,20046.759765625,1066.6852,6985.05517578125,66.9355,124,41,36,0,1
CFA+Rollout,91,42429.8359375,23004.193359375,1354.9738,18070.66015625,59.1954,174,71,42,0,1
CFA+Rollout,92,32960.11328125,22030.72265625,1219.7874,9709.6044921875,66.8831,154,51,40,0,1
CFA+Rollout,93,37221.7578125,23089.171875,1341.7951,12790.7841796875,65.8683,167,57,42,0,0
CFA+Rollout,94,38301.703125,21593.77734375,1149.0816,15558.8388671875,70.1987,151,45,39,0,0
CFA+Rollout,95,29224.671875,20269.71875,1089.5397,7865.41015625,70.3125,128,38,37,0,3
CFA+Rollout,96,29929.83984375,20981.81640625,1182.0528,7765.97021484375,64.7059,136,48,38,0,1
CFA+Rollout,97,34438.29296875,22075.4609375,1247.9192,11114.9052734375,67.70190000000001,161,52,40,0,1
CFA+Rollout,98,28273.056640625,20032.263671875,1085.3933,7155.39990234375,80.80000000000001,125,24,36,0,2
CFA+Rollout,99,30433.89453125,19971.310546875,1066.0926,9396.494140625,71.7742,124,35,36,0,1
DB+Rollout,1,33848.9140625,22207.8671875,1189.0627,10451.984375,69.0789,152,47,40,0,1
DB+Rollout,10,37210.42578125,22014.40625,1176.5341,14019.48828125,69.6774,155,47,40,0,0
DB+Rollout,100,32098.060546875,20030.056640625,1045.5097,11022.498046875,65.3543,127,44,36,0,0
DB+Rollout,101,35614.25390625,22248.77734375,1241.0796,12124.40234375,64.4172,163,58,40,0,2
DB+Rollout,102,32828.25,22251.64453125,1215.4651,9361.1337890625,69.375,160,49,40,0,1
DB+Rollout,103,29405.5234375,20080.462890625,1057.0297,8268.03125,68.5039,127,40,36,0,0
DB+Rollout,104,33705.33203125,21560.146484375,1165.9914,10979.1943359375,70.7483,147,43,39,0,2
DB+Rollout,105,32146.310546875,21758.2578125,1205.6309,9182.4228515625,66.8831,154,51,39,0,0
DB+Rollout,106,31955.46484375,21683.212890625,1116.6399,9155.6083984375,73.4177,158,42,39,0,4
DB+Rollout,107,38902.36328125,22729.98828125,1237.1393,14935.240234375,67.2515,171,56,41,0,2
DB+Rollout,108,32377.90625,20832.412109375,1113.5223,10431.9765625,62.043800000000005,137,52,38,0,0
DB+Rollout,109,31039.39453125,21597.6875,1148.9458,8292.763671875,75.81700000000001,153,37,39,0,3
DB+Rollout,11,35087.11328125,22251.55078125,1187.2939,11648.2724609375,63.354,161,59,40,0,0
DB+Rollout,110,30739.076171875,20381.302734375,1101.4559,9256.31640625,63.4328,134,49,37,0,0
DB+Rollout,111,36799.3125,22644.19140625,1210.7096,12944.4111328125,65.88239999999999,170,58,41,0,1
DB+Rollout,112,30054.15625,20366.638671875,1144.3704,8543.1494140625,67.2131,122,40,37,0,2
DB+Rollout,113,30457.783203125,21459.408203125,1141.4616,7856.90869140625,68.4564,149,47,39,0,1
DB+Rollout,114,33219.2421875,21260.47265625,1102.3973,10856.37109375,68.91890000000001,148,46,38,0,1
DB+Rollout,115,33380.30859375,21426.04296875,1183.1141,10771.1533203125,68.4211,152,48,39,0,0
DB+Rollout,116,33613.12890625,21134.986328125,1220.1538,11257.984375,66.4234,137,46,38,0,0
DB+Rollout,117,32633.96875,21159.87109375,1140.1348,10333.955078125,67.3469,147,48,38,0,0
DB+Rollout,118,29206.666015625,20971.259765625,1100.6908,7134.7158203125,70.922,141,41,38,0,1
DB+Rollout,119,30818.8515625,21047.138671875,1187.6087,8584.1083984375,71.11110000000001,135,39,38,0,0
DB+Rollout,12,30143.30859375,21624.306640625,1147.9707,7371.03369140625,72.1854,151,42,39,0,1
DB+Rollout,120,36244.32421875,22138.841796875,1192.7624,12912.7255859375,64.19749999999999,162,58,40,0,2
DB+Rollout,121,30746.234375,21040.1015625,1104.7603,8601.373046875,65.4676,139,48,38,0,2
DB+Rollout,122,27087.5390625,19759.287109375,1062.1189,6266.12841796875,73.1092,119,32,36,0,3
DB+Rollout,123,26390.22265625,20061.2890625,1045.4271,5283.50634765625,72.58059999999999,124,34,36,0,3
DB+Rollout,124,33952.80078125,21659.345703125,1227.0255,11066.427734375,60.0,150,60,39,0,2
DB+Rollout,125,30528.482421875,21514.947265625,1108.1961,7905.33984375,70.5479,146,43,39,0,1
DB+Rollout,126,32530.47265625,20489.369140625,1083.5197,10957.595703125,68.18180000000001,132,42,37,0,1
DB+Rollout,127,31429.048828125,21040.375,1142.3826,9246.29296875,68.57140000000001,140,44,38,0,3
DB+Rollout,128,32850.93359375,22295.46484375,1215.9574,9339.513671875,73.7805,164,43,40,0,2
DB+Rollout,129,36126.34765625,22576.1171875,1185.8167,12364.4111328125,70.0,170,51,41,0,0
DB+Rollout,13,35739.22265625,21546.21484375,1067.8348,13125.1806640625,63.6364,154,56,39,0,1
DB+Rollout,130,33227.9609375,22065.234375,1187.3585,9975.3671875,73.2919,161,43,40,0,2
DB+Rollout,131,42906.4921875,22754.86328125,1226.883,18924.748046875,61.4943,174,67,41,0,0
DB+Rollout,132,28921.076171875,21158.970703125,1129.2082,6632.89501953125,78.169,142,31,38,0,5
DB+Rollout,133,28930.853515625,20977.291015625,1102.8387,6850.72216796875,70.2128,141,42,38,0,2
DB+Rollout,134,31032.20703125,20861.537109375,1054.0941,9116.5791015625,70.8333,144,42,38,0,0
DB+Rollout,135,36184.28125,20965.68359375,1099.7554,14118.8427734375,64.02879999999999,139,50,38,0,0
DB+Rollout,136,45750.15625,22879.240234375,1288.0466,21582.87890625,60.241,166,66,41,0,1
DB+Rollout,137,29979.693359375,21183.66796875,1192.6475,7603.3798828125,71.6216,148,42,38,0,0
DB+Rollout,138,26922.767578125,19650.919921875,1017.1605,6254.685546875,74.16669999999999,120,31,36,0,1
DB+Rollout,139,30550.056640625,21523.87890625,1228.9727,7797.20068359375,65.035,143,50,39,0,0
DB+Rollout,14,30208.466796875,21173.341796875,1094.5172,7940.6103515625,73.38130000000001,139,37,38,0,0
DB+Rollout,140,29465.53515625,20016.05859375,1030.8931,8418.5849609375,66.3866,119,40,36,0,1
DB+Rollout,141,42289.6328125,22873.595703125,1270.2205,18145.8125,62.573100000000004,171,64,41,0,3
DB+Rollout,142,28787.703125,20395.630859375,1114.5578,7277.517578125,75.0,128,32,37,0,1
DB+Rollout,143,30739.046875,20694.19921875,1103.2224,8941.623046875,68.1481,135,43,37,0,3
DB+Rollout,144,30452.306640625,21318.80859375,1088.4124,8045.09375,75.0,144,36,39,0,0
DB+Rollout,145,40204.45703125,21581.494140625,1107.7897,17515.171875,59.090900000000005,154,63,39,0,1
DB+Rollout,146,33832.98046875,21529.76953125,1148.8938,11154.3134765625,66.2252,151,51,39,0,3
DB+Rollout,147,25781.484375,19255.6328125,1027.286,5498.57080078125,74.0741,108,28,35,0,1
DB+Rollout,148,31630.607421875,20656.564453125,1015.6461,9958.4052734375,62.5,136,51,37,0,1
DB+Rollout,149,39228.4453125,22438.166015625,1216.1814,15574.103515625,63.8037,163,59,41,0,0
DB+Rollout,15,31484.19140625,20759.47265625,1107.1222,9617.595703125,71.7557,131,37,38,0,0
DB+Rollout,150,30264.552734375,21784.638671875,1154.7995,7325.119140625,67.9739,153,49,39,0,1
DB+Rollout,151,31115.830078125,21175.0234375,1133.4271,8807.3779296875,68.0851,141,45,38,0,1
DB+Rollout,152,33254.87890625,22234.615234375,1274.953,9745.3115234375,72.7273,165,45,40,0,2
DB+Rollout,153,27726.8828125,19810.974609375,1084.0008,6831.90625,75.2,125,31,36,0,1
DB+Rollout,154,29166.515625,20901.306640625,1169.9354,7095.2666015625,67.4242,132,43,38,0,0
DB+Rollout,155,33717.7109375,21165.5703125,1081.6654,11470.470703125,67.6056,142,46,38,0,2
DB+Rollout,156,38050.42578125,23599.431640625,1265.6689,13185.3212890625,66.8394,193,64,43,0,1
DB+Rollout,157,30443.9609375,19490.2109375,1028.2662,9925.4833984375,67.2566,113,37,35,0,1
DB+Rollout,158,32860.73828125,20598.390625,1097.195,11165.15625,65.9259,135,46,37,0,1
DB+Rollout,159,34488.875,21478.34765625,1209.2243,11801.2958984375,71.2329,146,42,39,0,4
DB+Rollout,16,32771.03125,21001.568359375,1095.1128,10674.35546875,70.27029999999999,148,44,38,0,0
DB+Rollout,160,27867.267578125,19784.48046875,1129.2553,6953.5302734375,71.31150000000001,122,35,36,0,1
DB+Rollout,161,28950.326171875,20420.767578125,1051.2698,7478.28857421875,66.6667,129,43,37,0,0
DB+Rollout,162,28898.3203125,20110.486328125,1039.2218,7748.61181640625,73.9837,123,32,36,0,1
DB+Rollout,163,28728.802734375,20944.775390625,1165.1159,6618.9091796875,70.3704,135,40,38,0,2
DB+Rollout,164,34129.05859375,22576.619140625,1181.746,10370.6953125,73.0994,171,46,41,0,3
DB+Rollout,165,39706.84375,23338.4453125,1227.8126,15140.59375,66.48349999999999,182,61,42,0,2
DB+Rollout,166,36421.4296875,22324.0625,1221.6495,12875.7177734375,63.0952,168,62,40,0,1
DB+Rollout,167,40706.95703125,22632.09375,1268.2272,16806.6328125,61.290299999999995,155,60,41,0,1
DB+Rollout,168,29592.81640625,19847.07421875,1050.8808,8694.861328125,70.0,120,36,36,0,0
DB+Rollout,169,34391.34765625,22705.392578125,1224.4242,10461.5302734375,62.4242,165,62,41,0,2
DB+Rollout,17,31377.71484375,21739.3828125,1191.9926,8446.3359375,67.1053,152,50,39,0,0
DB+Rollout,170,30233.84375,21146.169921875,1093.0873,7994.58740234375,67.7852,149,48,38,0,1
DB+Rollout,171,35231.02734375,21790.3125,1098.2115,12342.50390625,70.1863,161,48,39,0,2
DB+Rollout,172,29541.439453125,21155.162109375,1128.4775,7257.79736328125,74.82520000000001,143,36,38,0,4
DB+Rollout,173,29237.580078125,21026.990234375,1199.6407,7010.9501953125,72.59259999999999,135,37,38,0,1
DB+Rollout,174,31123.92578125,21206.224609375,1140.064,8777.63671875,74.2857,140,36,38,0,3
DB+Rollout,175,34904.91015625,21684.11328125,1228.8477,11991.9521484375,67.5159,157,51,39,0,1
DB+Rollout,176,32836.46875,21919.935546875,1111.7057,9804.828125,66.8831,154,51,40,0,1
DB+Rollout,177,32375.9453125,21639.51171875,1214.2524,9522.1748046875,70.27029999999999,148,44,39,0,2
DB+Rollout,178,36585.4375,22664.904296875,1271.081,12649.4482421875,67.2619,168,55,41,0,1
DB+Rollout,179,40065.86328125,22212.22265625,1231.8236,16621.828125,64.0523,153,55,40,0,1
DB+Rollout,18,34108.484375,21490.60546875,1142.6647,11475.2109375,65.9864,147,50,39,0,0
DB+Rollout,180,35626.4921875,21756.158203125,1148.3794,12721.953125,65.1613,155,54,39,0,2
DB+Rollout,181,39845.48828125,22298.4375,1206.6239,16340.4267578125,60.479000000000006,167,66,40,0,0
DB+Rollout,182,32314.7734375,21653.064453125,1211.8107,9449.8994140625,70.9677,155,45,39,0,0
DB+Rollout,183,34958.421875,21699.025390625,1135.6155,12123.7802734375,66.6667,156,52,39,0,1
DB+Rollout,184,39487.96875,22485.146484375,1263.9966,15738.82421875,59.50919999999999,163,66,41,0,4
DB+Rollout,185,36360.765625,22712.5546875,1264.2539,12383.9560546875,57.49999999999999,160,68,41,0,1
DB+Rollout,186,36782.0234375,22204.0390625,1206.442,13371.5380859375,65.8228,158,54,40,0,1
DB+Rollout,187,37123.14453125,22326.005859375,1264.2259,13532.9169921875,65.45450000000001,165,57,40,0,2
DB+Rollout,188,28931.41796875,20389.888671875,1150.4446,7391.0849609375,67.9688,128,41,37,0,0
DB+Rollout,189,32641.5625,21016.56640625,1114.1357,10510.865234375,72.3404,141,39,38,0,0
DB+Rollout,19,42202.4375,21953.220703125,1167.215,19082.005859375,58.642,162,67,40,0,4
DB+Rollout,190,29104.0,20706.322265625,1057.1501,7340.52978515625,70.5036,139,41,37,0,3
DB+Rollout,191,33920.171875,21170.6640625,1120.4728,11629.029296875,65.493,142,49,38,0,0
DB+Rollout,192,33247.390625,21808.72265625,1174.6308,10264.03515625,69.1275,149,46,39,0,4
DB+Rollout,193,31038.931640625,20335.044921875,1064.1168,9639.7666015625,67.66919999999999,133,43,37,0,2
DB+Rollout,194,32353.173828125,20931.419921875,1081.3541,10340.400390625,69.7183,142,43,38,0,1
DB+Rollout,195,27868.943359375,20367.935546875,1104.5787,6396.43212890625,75.1938,129,32,37,0,2
DB+Rollout,196,35463.36328125,22256.142578125,1249.1933,11958.0283203125,70.7317,164,48,40,0,0
DB+Rollout,197,37108.3828125,22158.291015625,1171.5443,13778.5419921875,74.2331,163,42,40,0,2
DB+Rollout,198,30741.748046875,21424.806640625,1151.7726,8165.16552734375,68.6667,150,47,39,0,5
DB+Rollout,199,40127.9765625,24200.46875,1391.4903,14536.0146484375,67.1717,198,65,44,0,0
DB+Rollout,2,34250.55078125,22316.724609375,1256.9405,10676.8818359375,71.3415,164,47,40,0,4
DB+Rollout,20,32056.951171875,20763.01953125,1178.9082,10115.0205078125,66.4234,137,46,38,0,1
DB+Rollout,200,33868.58984375,21680.48828125,1127.2416,11060.8623046875,62.6761,142,53,39,0,1
DB+Rollout,201,33533.15625,21418.134765625,1161.7296,10953.2919921875,69.863,146,44,39,0,0
DB+Rollout,202,32668.330078125,20237.30078125,1090.5193,11340.5107421875,68.5039,127,40,37,0,1
DB+Rollout,203,34746.4140625,21026.890625,1102.4047,12617.1162109375,64.9635,137,48,38,0,2
DB+Rollout,204,39302.37890625,21816.83984375,1123.2184,16362.3330078125,57.9618,157,66,39,0,0
DB+Rollout,205,32478.74609375,20764.193359375,1115.9883,10598.5634765625,63.5714,140,51,38,0,3
DB+Rollout,206,35849.859375,23243.7734375,1253.5773,11352.513671875,66.2791,172,58,42,0,0
DB+Rollout,207,30545.279296875,20496.470703125,1077.0092,8971.7978515625,70.6767,133,39,37,0,2
DB+Rollout,208,39537.3125,22379.884765625,1211.3974,15946.0322265625,64.6341,164,58,40,0,0
DB+Rollout,209,38318.5859375,21830.25,1224.7914,15263.5458984375,58.9744,156,64,39,0,1
DB+Rollout,21,32702.2109375,21155.08984375,1169.0775,10378.044921875,65.7718,149,51,38,0,3
DB+Rollout,210,30590.06640625,20368.138671875,1112.9573,9108.96875,72.3881,134,37,37,0,0
DB+Rollout,211,33664.31640625,20447.8828125,1133.6165,12082.818359375,67.1875,128,42,37,0,0
DB+Rollout,212,33248.72265625,22135.216796875,1231.4896,9882.0166015625,72.327,159,44,40,0,0
DB+Rollout,213,28723.57421875,21138.0703125,1105.2922,6480.2158203125,64.7887,142,50,38,0,0
DB+Rollout,214,35163.7421875,22704.787109375,1213.0998,11245.86328125,73.8095,168,44,41,0,2
DB+Rollout,215,29992.6953125,20565.33203125,1116.6077,8310.7568359375,74.8148,135,34,37,0,0
DB+Rollout,216,33688.56640625,21826.4140625,1157.3374,10704.818359375,69.1824,159,49,39,0,3
DB+Rollout,217,35949.609375,21364.33984375,1162.2026,13423.068359375,64.3836,146,52,39,0,1
DB+Rollout,218,31587.181640625,21409.30859375,1206.1509,8971.720703125,66.8919,148,49,39,0,0
DB+Rollout,219,32630.861328125,21919.2890625,1123.3424,9588.23046875,74.8387,155,39,40,0,2
DB+Rollout,22,34641.8203125,21959.84765625,1163.0372,11518.931640625,66.2651,166,56,40,0,1
DB+Rollout,220,30040.482421875,21058.986328125,1145.3992,7836.0986328125,78.7234,141,30,38,0,2
DB+Rollout,221,34533.3515625,22592.078125,1252.7639,10688.5068359375,61.72840000000001,162,62,41,0,1
DB+Rollout,222,31126.220703125,21419.37109375,1135.3989,8571.455078125,70.4698,149,44,39,0,0
DB+Rollout,223,33154.5625,21723.57421875,1223.549,10207.439453125,63.57620000000001,151,55,39,0,1
DB+Rollout,224,37338.9921875,22494.365234375,1231.4756,13613.158203125,60.119,168,67,41,0,2
DB+Rollout,225,48993.796875,22611.51171875,1298.165,25084.125,54.9708,171,77,41,0,2
DB+Rollout,226,29609.89453125,21834.6953125,1174.3314,6600.8681640625,74.0,150,39,39,0,0
DB+Rollout,227,39815.3203125,23146.724609375,1353.6019,15315.001953125,67.05879999999999,170,56,42,0,2
DB+Rollout,228,33218.9453125,21754.466796875,1181.8316,10282.646484375,66.4516,155,52,39,0,1
DB+Rollout,229,28464.78125,19883.513671875,1058.4554,7522.81201171875,66.3866,119,40,36,0,0
DB+Rollout,23,36761.68359375,21555.802734375,1174.0068,14031.869140625,70.7792,154,45,39,0,0
DB+Rollout,230,41418.77734375,22485.392578125,1237.1172,17696.26953125,67.8788,165,53,41,0,0
DB+Rollout,231,37289.1953125,22651.623046875,1226.9533,13410.623046875,66.6667,177,59,41,0,2
DB+Rollout,232,39006.78125,21477.048828125,1133.0892,16396.640625,66.01310000000001,153,52,39,0,2
DB+Rollout,233,33370.77734375,21407.421875,1174.626,10788.7314453125,67.5497,151,49,39,0,3
DB+Rollout,234,45876.32421875,22269.5078125,1244.0075,22362.814453125,59.1195,159,65,40,0,2
DB+Rollout,235,38571.30078125,22235.021484375,1193.0316,15143.25,62.4242,165,62,40,0,2
DB+Rollout,236,36324.50390625,21754.29296875,1067.1526,13503.0498046875,62.02530000000001,158,60,39,0,0
DB+Rollout,237,31323.814453125,21360.11328125,1168.3254,8795.3759765625,68.9655,145,45,39,0,0
DB+Rollout,238,36403.62109375,20983.1796875,1137.9964,14282.4404296875,65.94200000000001,138,47,38,0,2
DB+Rollout,239,28839.0390625,21145.015625,1185.8647,6508.162109375,68.79429999999999,141,44,38,0,0
DB+Rollout,24,31744.33984375,22160.732421875,1188.2225,8395.3857421875,70.1863,161,48,40,0,0
DB+Rollout,240,29576.916015625,20492.458984375,1022.2632,8062.18798828125,72.3077,130,36,37,0,1
DB+Rollout,241,30635.091796875,21446.810546875,1055.7228,8132.556640625,76.66669999999999,150,35,39,0,1
DB+Rollout,242,33538.54296875,21590.30078125,1163.0304,10785.20703125,67.2956,159,52,39,0,2
DB+Rollout,243,49997.5546875,25086.82421875,1373.1519,23537.580078125,62.4413,213,80,45,0,2
DB+Rollout,244,42841.44921875,24027.947265625,1346.8989,17466.603515625,64.0625,192,69,43,0,0
DB+Rollout,245,28998.490234375,20327.4296875,1094.0604,7577.00146484375,65.625,128,44,37,0,0
DB+Rollout,246,33992.015625,22292.736328125,1177.4386,10521.8369140625,70.5882,170,50,40,0,4
DB+Rollout,247,32519.25390625,20963.048828125,1112.8426,10443.3623046875,68.57140000000001,140,44,38,0,0
DB+Rollout,248,39498.40625,22770.5078125,1238.6711,15489.2275390625,64.1618,173,62,41,0,4
DB+Rollout,249,37453.62109375,22216.2265625,1247.6862,13989.7138671875,64.9682,157,55,40,0,1
DB+Rollout,25,36411.140625,23500.640625,1293.153,11617.3515625,71.03829999999999,183,53,42,0,2
DB+Rollout,250,35795.87109375,21649.587890625,1117.9006,13028.3896484375,70.0637,157,47,39,0,1
DB+Rollout,251,31014.595703125,20544.95703125,1081.2448,9388.392578125,69.9248,133,40,37,0,2
DB+Rollout,252,33633.40234375,21604.28125,1206.9918,10822.1328125,72.3684,152,42,39,0,0
DB+Rollout,253,29832.6953125,21324.193359375,1156.5484,7351.94873046875,70.8333,144,42,39,0,2
DB+Rollout,254,34224.1484375,22091.2890625,1276.14,10856.7177734375,67.7215,158,51,40,0,1
DB+Rollout,255,34555.50390625,21249.259765625,1093.3217,12212.921875,69.2308,156,48,38,0,0
DB+Rollout,256,32288.791015625,21105.033203125,1142.7453,10041.0078125,73.75890000000001,141,37,38,0,1
DB+Rollout,257,32210.515625,21239.83984375,1087.5816,9883.0966796875,68.6667,150,47,38,0,1
DB+Rollout,258,35907.25,22010.671875,1194.0763,12702.4921875,63.4615,156,57,40,0,3
DB+Rollout,259,34212.125,21477.533203125,1201.0602,11533.5234375,69.1781,146,45,39,0,2
DB+Rollout,26,30623.232421875,21120.28515625,1087.7112,8415.2353515625,67.3469,147,48,38,0,1
DB+Rollout,260,33856.3359375,22062.828125,1117.9007,10675.6103515625,69.87950000000001,166,50,40,0,1
DB+Rollout,261,36069.98828125,22307.328125,1168.5006,12594.16015625,66.4671,167,56,40,0,0
DB+Rollout,262,32483.587890625,21351.80078125,1050.4787,10081.3134765625,70.32260000000001,155,46,39,0,0
DB+Rollout,263,35620.15234375,21720.328125,1164.3519,12735.4736328125,67.0968,155,51,39,0,2
DB+Rollout,264,36069.57421875,21620.61328125,1222.7615,13226.1962890625,65.7534,146,50,39,0,1
DB+Rollout,265,32483.107421875,20882.814453125,1175.6565,10424.6376953125,68.8406,138,43,38,0,1
DB+Rollout,266,32028.787109375,19705.7890625,1098.4054,11224.5947265625,67.7419,124,40,36,0,1
DB+Rollout,267,40365.2265625,23305.361328125,1307.1138,15752.75,60.5714,175,69,42,0,0
DB+Rollout,268,35514.1875,22684.15625,1204.1385,11625.8935546875,70.85709999999999,175,51,41,0,2
DB+Rollout,269,31685.91015625,21117.2265625,1115.0799,9453.599609375,75.0,148,37,38,0,2
DB+Rollout,27,32355.3046875,21139.39453125,1102.4302,10113.48046875,71.1268,142,41,38,0,1
DB+Rollout,270,31137.333984375,21643.859375,1135.4933,8357.98046875,75.641,156,38,39,0,1
DB+Rollout,271,38174.00390625,23768.708984375,1364.2301,13041.0634765625,64.5161,186,66,43,0,0
DB+Rollout,272,30282.455078125,20439.67578125,1112.5777,8730.19921875,68.75,128,40,37,0,0
DB+Rollout,273,32752.6171875,21254.912109375,1131.4718,10366.236328125,74.1497,147,38,38,0,2
DB+Rollout,274,30990.076171875,19772.38671875,1044.6019,10173.0888671875,65.5738,122,42,36,0,1
DB+Rollout,275,37024.9375,21948.826171875,1189.4635,13886.65625,71.4286,154,44,40,0,1
DB+Rollout,276,41590.2890625,22432.77734375,1220.051,17937.46875,66.4634,164,55,41,0,0
DB+Rollout,277,33380.89453125,21772.58203125,1231.919,10376.3916015625,67.9739,153,49,39,0,0
DB+Rollout,278,35509.0,21397.78515625,1111.4272,12999.7744140625,67.58619999999999,145,47,39,0,1
DB+Rollout,279,34051.50390625,22853.765625,1292.8549,9904.87890625,68.0723,166,53,41,0,0
DB+Rollout,28,36744.9921875,24161.2734375,1257.1677,11326.55078125,67.0,200,66,44,0,3
DB+Rollout,280,36733.34375,21501.416015625,1165.0766,14066.8525390625,66.01310000000001,153,52,39,0,1
DB+Rollout,281,32929.515625,20945.369140625,1134.0466,10850.1005859375,68.6131,137,43,38,0,1
DB+Rollout,282,30772.7734375,21100.70703125,1166.7283,8505.34375,68.57140000000001,140,44,38,0,0
DB+Rollout,283,32348.63671875,21099.626953125,1198.2282,10050.77734375,70.7143,140,41,38,0,1
DB+Rollout,284,36510.16796875,21801.9765625,1201.3609,13506.8251953125,73.8255,149,39,39,0,4
DB+Rollout,285,31069.986328125,21361.7734375,1125.8602,8582.3525390625,74.4966,149,38,39,0,3
DB+Rollout,286,29920.00390625,20069.771484375,1054.5122,8795.71875,66.1417,127,43,36,0,0
DB+Rollout,287,29828.3671875,21075.888671875,1152.5627,7599.91259765625,69.5652,138,42,38,0,0
DB+Rollout,288,37992.578125,23443.365234375,1327.4299,13221.7939453125,63.9535,172,62,42,0,0
DB+Rollout,289,32901.98828125,21404.888671875,1143.4415,10353.6611328125,71.2329,146,42,39,0,1
DB+Rollout,29,32299.818359375,21371.19921875,1156.9614,9771.658203125,71.63119999999999,141,40,39,0,2
DB+Rollout,290,30666.083984375,21377.3203125,1092.3193,8196.4443359375,68.91890000000001,148,46,39,0,0
DB+Rollout,291,36196.57421875,22195.876953125,1116.5876,12884.111328125,63.5294,170,62,40,0,1
DB+Rollout,292,29494.4921875,20905.2265625,1118.9126,7470.35302734375,70.7143,140,41,38,0,1
DB+Rollout,293,31269.90625,20198.650390625,1054.5132,10016.744140625,65.873,126,43,37,0,2
DB+Rollout,294,47620.171875,23187.0625,1320.9978,23112.107421875,59.2179,179,73,42,0,3
DB+Rollout,295,26403.251953125,19369.044921875,1035.8653,5998.341796875,67.5676,111,36,35,0,1
DB+Rollout,296,40712.94140625,22542.955078125,1275.2178,16894.7734375,61.627900000000004,172,66,41,0,2
DB+Rollout,297,30703.490234375,21483.88671875,1216.0027,8003.6025390625,70.8333,144,42,39,0,1
DB+Rollout,298,29477.98046875,20044.828125,1061.1365,8372.0166015625,72.5,120,33,36,0,3
DB+Rollout,299,35869.7265625,22269.40625,1224.1828,12376.12890625,70.0,160,48,40,0,0
DB+Rollout,3,31526.220703125,20758.166015625,1024.1702,9743.8818359375,71.3287,143,41,38,0,2
DB+Rollout,30,31193.5625,20198.166015625,1052.8465,9942.5439453125,66.4,125,42,37,0,0
DB+Rollout,300,36982.09375,21947.13671875,1174.1424,13860.8125,67.4847,163,53,40,0,0
DB+Rollout,301,31755.1015625,21553.046875,1244.7608,8957.29296875,64.3836,146,52,39,0,0
DB+Rollout,302,36140.609375,21806.66796875,1127.0759,13206.8623046875,73.00609999999999,163,44,39,0,3
DB+Rollout,303,33279.44921875,22349.669921875,1204.3389,9725.44140625,72.7811,169,46,40,0,1
DB+Rollout,304,31823.71484375,22128.966796875,1130.4471,8564.294921875,70.8075,161,47,40,0,2
DB+Rollout,305,45952.35546875,23927.880859375,1325.5974,20698.87890625,58.4211,190,79,43,0,2
DB+Rollout,306,35504.98046875,22088.2578125,1226.7364,12189.984375,67.08070000000001,161,53,40,0,0
DB+Rollout,307,47766.25390625,23159.744140625,1263.6013,23342.91796875,51.1364,176,86,42,0,1
DB+Rollout,308,29746.888671875,20097.072265625,1086.9671,8562.8525390625,65.5738,122,42,36,0,1
DB+Rollout,309,26104.783203125,19441.990234375,1008.9379,5653.85888671875,72.03389999999999,118,33,35,0,1
DB+Rollout,31,28403.419921875,21061.462890625,1127.2812,6214.6806640625,74.6377,138,35,38,0,1
DB+Rollout,310,37914.1484375,22894.63671875,1256.716,13762.798828125,68.6047,172,54,41,0,0
DB+Rollout,311,31737.498046875,21630.380859375,1191.1387,8915.9775390625,68.91890000000001,148,46,39,0,2
DB+Rollout,312,32731.935546875,22259.76953125,1195.8574,9276.3154296875,71.0059,169,49,40,0,1
DB+Rollout,313,28791.251953125,20331.85546875,1118.8254,7340.56982421875,72.4409,127,35,37,0,3
DB+Rollout,314,37710.54296875,21465.345703125,1143.6732,15101.5234375,59.4595,148,60,39,0,0
DB+Rollout,315,34487.8515625,21042.529296875,1113.8408,12331.4833984375,64.9254,134,47,38,0,0
DB+Rollout,316,32748.216796875,21492.40625,1170.9224,10084.88671875,68.83120000000001,154,48,39,0,0
DB+Rollout,317,32225.8046875,20820.298828125,1163.2908,10242.21875,66.6667,141,47,38,0,1
DB+Rollout,318,30517.05859375,21164.412109375,1146.6121,8206.03515625,71.831,142,40,38,0,1
DB+Rollout,319,29077.61328125,20022.576171875,1066.7729,7988.259765625,72.5,120,33,36,0,0
DB+Rollout,32,40310.6015625,22254.431640625,1219.3177,16836.849609375,61.0063,159,62,40,0,1
DB+Rollout,320,32635.189453125,21201.513671875,1099.4048,10334.271484375,69.9301,143,43,38,0,0
DB+Rollout,321,30197.78515625,20802.65234375,1038.9671,8356.16796875,73.1884,138,37,38,0,1
DB+Rollout,322,31307.564453125,20946.783203125,1119.6674,9241.1171875,71.7391,138,39,38,0,2
DB+Rollout,323,29177.4296875,21170.23828125,1110.0978,6897.09375,69.5035,141,43,38,0,0
DB+Rollout,324,34923.6484375,21465.546875,1153.9798,12304.1142578125,66.2252,151,51,39,0,1
DB+Rollout,325,32390.826171875,21783.318359375,1170.4801,9437.0263671875,71.6216,148,42,39,0,1
DB+Rollout,326,34897.796875,22604.392578125,1262.6838,11030.7177734375,67.08070000000001,161,53,41,0,2
DB+Rollout,327,31173.05859375,21557.8125,1207.7203,8407.52734375,69.4805,154,47,39,0,1
DB+Rollout,328,28150.169921875,19975.224609375,1067.5758,7107.37255859375,66.3793,116,39,36,0,0
DB+Rollout,329,34928.13671875,22049.453125,1252.8956,11625.791015625,63.1579,152,56,40,0,0
DB+Rollout,33,34983.84375,22486.40625,1150.1017,11347.3359375,64.881,168,59,41,0,0
DB+Rollout,330,32972.91796875,22843.548828125,1262.4134,8866.95703125,72.619,168,46,41,0,0
DB+Rollout,331,35504.80859375,21638.6640625,1217.6191,12648.5244140625,66.2252,151,51,39,0,1
DB+Rollout,332,31557.7734375,21224.77734375,1158.7197,9174.27734375,71.5278,144,41,38,0,0
DB+Rollout,333,37650.87109375,22543.015625,1285.4836,13822.37890625,69.5122,164,50,41,0,2
DB+Rollout,334,30932.927734375,20588.015625,1016.4084,9328.5078125,64.7482,139,49,37,0,1
DB+Rollout,335,30178.99609375,21364.779296875,1111.9179,7702.29345703125,77.1242,153,35,39,0,0
DB+Rollout,336,31453.658203125,21210.73046875,1152.9144,9090.0146484375,71.5278,144,41,38,0,0
DB+Rollout,337,35209.80859375,21449.91796875,1110.461,12649.4267578125,72.0,150,42,39,0,2
DB+Rollout,338,32974.0625,22115.74609375,1180.8064,9677.5107421875,71.51520000000001,165,47,40,0,2
DB+Rollout,339,28454.861328125,19910.58203125,1037.2132,7507.0712890625,70.4348,115,34,36,0,0
DB+Rollout,34,37165.46875,22268.029296875,1143.4033,13754.0322265625,69.0058,171,53,40,0,2
DB+Rollout,340,34379.8828125,20634.474609375,1138.5411,12606.8662109375,73.28240000000001,131,35,37,0,1
DB+Rollout,341,29965.66796875,20532.39453125,1115.6286,8317.6474609375,70.7692,130,38,37,0,1
DB+Rollout,342,33926.5078125,21689.1171875,1228.2758,11009.119140625,68.0,150,48,39,0,0
DB+Rollout,343,31014.4921875,20078.578125,1014.7686,9921.142578125,73.5537,121,32,36,0,1
DB+Rollout,344,38094.55078125,23414.8515625,1246.6691,13433.0322265625,67.027,185,61,42,0,0
DB+Rollout,345,34623.14453125,21500.978515625,1201.6246,11920.541015625,64.6259,147,52,39,0,1
DB+Rollout,346,32459.484375,22136.32421875,1186.7474,9136.41796875,69.9387,163,49,40,0,1
DB+Rollout,347,31748.015625,21492.6171875,1252.8993,9002.50390625,71.5278,144,41,39,0,0
DB+Rollout,348,35686.3984375,22593.701171875,1222.1678,11870.525390625,69.8225,169,51,41,0,1
DB+Rollout,349,36294.5546875,22858.33984375,1253.6881,12182.5263671875,72.5146,171,47,41,0,0
DB+Rollout,35,31516.279296875,20689.880859375,1077.8138,9748.578125,68.1159,138,44,37,0,1
DB+Rollout,350,29729.880859375,20406.470703125,1139.8552,8183.55419921875,73.6434,129,34,37,0,0
DB+Rollout,351,34907.63671875,22623.291015625,1269.5274,11014.8212890625,70.0,170,51,41,0,4
DB+Rollout,352,30875.693359375,20875.708984375,1142.6463,8857.3388671875,72.1429,140,39,38,0,2
DB+Rollout,353,34999.44921875,21477.23828125,1109.4478,12412.7626953125,63.8158,152,55,39,0,1
DB+Rollout,354,36900.46484375,22282.490234375,1225.3567,13392.615234375,67.64710000000001,170,55,40,0,3
DB+Rollout,355,32856.59765625,21151.158203125,1148.1346,10557.3046875,65.9722,144,49,38,0,2
DB+Rollout,356,34139.59765625,21890.4296875,1074.7998,11174.373046875,66.879,157,52,40,0,1
DB+Rollout,357,32886.80078125,19872.576171875,1049.6629,11964.560546875,71.31150000000001,122,35,36,0,2
DB+Rollout,358,38681.08984375,23260.947265625,1178.7971,14241.34375,67.20429999999999,186,61,42,0,1
DB+Rollout,359,37148.01171875,22391.4296875,1234.1798,13522.3935546875,66.4596,161,54,40,0,2
DB+Rollout,36,34593.359375,21751.763671875,1213.5557,11628.041015625,71.8954,153,43,39,0,2
DB+Rollout,360,27957.677734375,20611.94921875,1075.7443,6269.9814453125,75.188,133,33,37,0,0
DB+Rollout,361,31396.044921875,20639.75390625,1073.5702,9682.720703125,71.3287,143,41,37,0,0
DB+Rollout,362,36050.0546875,21573.85546875,1142.6403,13333.560546875,67.1141,149,49,39,0,1
DB+Rollout,363,37262.05078125,23258.57421875,1265.9052,12737.5771484375,66.8539,178,59,42,0,3
DB+Rollout,364,45091.765625,25412.939453125,1388.6628,18290.158203125,66.6667,216,72,46,0,3
DB+Rollout,365,32226.953125,21746.654296875,1209.1667,9271.1298828125,65.5629,151,52,39,0,1
DB+Rollout,366,29088.98828125,20335.677734375,1093.028,7660.279296875,67.1875,128,42,37,0,0
DB+Rollout,367,37309.3515625,22624.091796875,1159.7062,13525.5537109375,63.583800000000004,173,63,41,0,2
DB+Rollout,368,35183.87109375,21608.595703125,1142.0762,12433.197265625,66.4557,158,53,39,0,1
DB+Rollout,369,49400.89453125,24009.6875,1285.7824,24105.419921875,63.451800000000006,197,72,43,0,1
DB+Rollout,37,25692.484375,20446.009765625,1041.9391,4204.53564453125,81.25,128,24,37,0,1
DB+Rollout,370,38875.7578125,22363.5625,1321.9743,15190.2177734375,65.5844,154,53,40,0,1
DB+Rollout,371,27038.44140625,20362.10546875,1078.878,5597.455078125,77.6923,130,29,37,0,2
DB+Rollout,372,32286.154296875,22183.73046875,1152.5893,8949.830078125,72.2892,166,46,40,0,2
DB+Rollout,373,36248.25,21763.798828125,1184.8977,13299.560546875,63.871,155,56,39,0,2
DB+Rollout,374,29035.25390625,20284.419921875,1012.995,7737.83984375,70.1493,134,40,37,0,2
DB+Rollout,375,34988.984375,22252.509765625,1169.4596,11567.017578125,66.2722,169,57,40,0,4
DB+Rollout,376,42942.2109375,22267.994140625,1199.1154,19475.09375,64.0719,167,60,40,0,1
DB+Rollout,377,28217.216796875,20000.001953125,1073.2127,7143.99853515625,69.1667,120,37,36,0,5
DB+Rollout,378,38397.1875,22647.8671875,1200.8208,14548.50390625,72.1893,169,47,41,0,2
DB+Rollout,379,26913.783203125,20542.169921875,1114.9474,5256.66796875,74.6154,130,33,37,0,1
DB+Rollout,38,46974.02734375,24799.62109375,1387.957,20786.447265625,63.8614,202,73,45,0,2
DB+Rollout,380,38983.5625,21171.857421875,1131.1225,16680.583984375,67.8082,146,47,38,0,1
DB+Rollout,381,42222.578125,24004.541015625,1347.0398,16871.00390625,58.375600000000006,197,82,43,0,1
DB+Rollout,382,30856.912109375,19515.91015625,997.6665,10343.337890625,63.7931,116,42,35,0,1
DB+Rollout,383,33650.8125,22002.814453125,1236.2022,10411.7939453125,60.3896,154,61,40,0,1
DB+Rollout,384,31252.515625,20107.3984375,1015.403,10129.7158203125,69.5312,128,39,36,0,1
DB+Rollout,385,33281.70703125,20764.193359375,1136.1511,11381.359375,71.63119999999999,141,40,38,0,0
DB+Rollout,386,33369.75,21133.751953125,1057.8009,11178.1943359375,69.5946,148,45,38,0,4
DB+Rollout,387,34965.0859375,21630.666015625,1224.6404,12109.7822265625,69.5364,151,46,39,0,1
DB+Rollout,388,35092.7265625,21601.728515625,1218.8731,12272.1220703125,71.4286,147,42,39,0,0
DB+Rollout,389,29274.265625,20559.505859375,1091.374,7623.38232421875,69.35480000000001,124,38,37,0,1
DB+Rollout,39,32392.125,21657.21484375,1110.5453,9624.3642578125,65.54050000000001,148,51,39,0,1
DB+Rollout,390,36622.3515625,21129.8828125,1192.1756,14300.2939453125,61.3139,137,53,38,0,0
DB+Rollout,391,32025.517578125,22287.35546875,1123.7604,8614.3994140625,75.1515,165,41,40,0,0
DB+Rollout,392,41449.99609375,23327.662109375,1344.7786,16777.56640625,63.388,183,67,42,0,3
DB+Rollout,393,31863.337890625,20853.109375,1102.2726,9907.9541015625,65.4412,136,47,38,0,1
DB+Rollout,394,32320.0859375,21225.609375,1146.84,9947.638671875,66.2069,145,49,38,0,1
DB+Rollout,395,31000.33203125,21054.427734375,1139.963,8805.9404296875,71.63119999999999,141,40,38,0,1
DB+Rollout,396,29785.09375,20252.224609375,1067.0853,8465.787109375,70.39999999999999,125,37,37,0,0
DB+Rollout,397,34446.765625,21928.595703125,1144.1041,11374.0615234375,67.0968,155,51,40,0,1
DB+Rollout,398,29954.146484375,20431.966796875,1060.0179,8462.1640625,70.7692,130,38,37,0,1
DB+Rollout,399,38353.9375,22820.53515625,1269.7315,14263.6689453125,66.8639,169,56,41,0,1
DB+Rollout,4,27770.38671875,19735.69921875,1051.0361,6983.65283203125,65.812,117,40,36,0,3
DB+Rollout,40,31130.509765625,20845.2734375,1061.2918,9223.9453125,69.1781,146,45,38,0,0
DB+Rollout,400,38823.453125,21799.119140625,1206.2592,15818.0732421875,60.2564,156,62,39,0,3
DB+Rollout,401,29625.587890625,19713.96484375,992.071,8919.5546875,68.9655,116,36,36,0,0
DB+Rollout,402,35353.66796875,21730.25390625,1123.6666,12499.75,71.3333,150,43,39,0,0
DB+Rollout,403,37260.34375,21464.96875,1163.6885,14631.6796875,66.8919,148,49,39,0,0
DB+Rollout,404,35633.66015625,22053.80859375,1273.8643,12305.9833984375,59.8726,157,63,40,0,0
DB+Rollout,405,32913.421875,21447.142578125,1140.0153,10326.2626953125,66.1972,142,48,39,0,0
DB+Rollout,406,36079.29296875,21185.552734375,1093.4446,13800.2939453125,67.3759,141,46,38,0,1
DB+Rollout,407,30399.173828125,20600.8984375,1012.4392,8785.841796875,71.3235,136,39,37,0,3
DB+Rollout,408,29360.431640625,21144.212890625,1077.9003,7138.31689453125,72.973,148,40,38,0,2
DB+Rollout,409,28968.083984375,19833.02734375,1048.1567,8086.8974609375,72.0,125,35,36,0,1
DB+Rollout,41,34415.44140625,21124.546875,1144.89,12146.001953125,61.11109999999999,144,56,38,0,1
DB+Rollout,410,34347.31640625,21553.396484375,1164.3598,11629.56640625,63.8158,152,55,39,0,2
DB+Rollout,411,38386.12109375,21998.97265625,1207.7136,15179.4306640625,68.3544,158,50,40,0,3
DB+Rollout,412,27806.572265625,19846.86328125,1013.643,6946.0654296875,64.75410000000001,122,43,36,0,3
DB+Rollout,413,34218.65234375,22817.36328125,1235.1627,10166.1240234375,68.2635,167,53,41,0,1
DB+Rollout,414,30863.615234375,20873.67578125,1101.3503,8888.59375,72.8571,140,38,38,0,2
DB+Rollout,415,31933.34765625,21053.326171875,1133.1475,9746.87109375,67.3913,138,45,38,0,2
DB+Rollout,416,31888.154296875,20836.72265625,1128.962,9922.46875,73.28240000000001,131,35,38,0,1
DB+Rollout,417,36503.07421875,22304.439453125,1186.7146,13011.9208984375,70.122,164,49,40,0,1
DB+Rollout,418,36401.24609375,22348.185546875,1181.1818,12871.8876953125,67.284,162,53,40,0,1
DB+Rollout,419,28132.908203125,19918.533203125,1043.1068,7171.26708984375,74.0157,127,33,36,0,2
DB+Rollout,42,35322.52734375,22514.322265625,1253.7374,11554.4619140625,67.6647,167,54,41,0,1
DB+Rollout,420,30075.349609375,21113.46875,1184.1499,7777.7353515625,72.3404,141,39,38,0,0
DB+Rollout,421,33951.890625,21227.806640625,1173.3421,11550.7421875,64.3357,143,51,38,0,0
DB+Rollout,422,30642.40625,21711.0,1173.1186,7758.2841796875,73.50989999999999,151,40,39,0,0
DB+Rollout,423,29147.376953125,19365.244140625,991.4312,8790.7001953125,63.71679999999999,113,41,35,0,1
DB+Rollout,424,34231.89453125,22063.40625,1180.655,10987.8271484375,67.2956,159,52,40,0,1
DB+Rollout,425,26934.767578125,18969.916015625,968.0602,6996.7958984375,69.9115,113,34,34,0,2
DB+Rollout,426,44652.625,23862.42578125,1322.9605,19467.234375,58.1152,191,80,43,0,0
DB+Rollout,427,27154.376953125,20391.27734375,1031.3033,5731.80517578125,80.303,132,26,37,0,1
DB+Rollout,428,29986.587890625,21789.169921875,1165.5469,7031.8681640625,70.8075,161,47,39,0,1
DB+Rollout,429,30676.259765625,20651.662109375,1097.3722,8927.21875,63.503600000000006,137,50,37,0,0
DB+Rollout,43,28578.818359375,20714.345703125,1042.1908,6822.2880859375,69.0647,139,43,37,0,0
DB+Rollout,430,34063.1484375,22537.923828125,1193.4808,10331.7490234375,71.9512,164,46,41,0,1
DB+Rollout,431,26790.373046875,18965.046875,1031.5203,6793.79931640625,63.725500000000004,102,37,34,0,1
DB+Rollout,432,33605.78515625,22133.1875,1206.7162,10265.8837890625,69.6203,158,48,40,0,1
DB+Rollout,433,41651.72265625,21619.73828125,1199.8069,18832.181640625,60.6667,150,59,39,0,0
DB+Rollout,434,29393.5625,20498.564453125,1057.3477,7837.6494140625,68.88889999999999,135,42,37,0,2
DB+Rollout,435,31792.19921875,20567.482421875,1059.1076,10165.6123046875,72.3881,134,37,37,0,1
DB+Rollout,436,33492.3828125,21211.99609375,1121.476,11158.9091796875,75.6944,144,35,38,0,2
DB+Rollout,437,39644.5703125,22953.3203125,1239.5007,15451.7470703125,66.4773,176,59,41,0,1
DB+Rollout,438,31202.38671875,20982.484375,1064.091,9155.810546875,72.1088,147,41,38,0,1
DB+Rollout,439,31893.96875,22002.3984375,1277.0289,8614.5390625,70.2532,158,47,40,0,1
DB+Rollout,44,36918.546875,22159.755859375,1123.8523,13634.9453125,67.2727,165,54,40,0,0
DB+Rollout,440,32422.1640625,21147.00390625,1149.1315,10126.03125,69.5035,141,43,38,0,3
DB+Rollout,441,31830.240234375,20944.23046875,1100.2715,9785.7431640625,72.1088,147,41,38,0,3
DB+Rollout,442,31038.986328125,20545.3125,1117.1422,9376.53125,66.16539999999999,133,45,37,0,0
DB+Rollout,443,40578.00390625,22519.833984375,1161.2656,16896.90234375,60.452,177,70,41,0,1
DB+Rollout,444,33148.4921875,21253.275390625,1152.3312,10742.87890625,75.3425,146,36,38,0,1
DB+Rollout,445,42360.5703125,22907.603515625,1284.996,18167.9765625,68.3908,174,55,41,0,1
DB+Rollout,446,26896.5,20020.408203125,1092.2639,5783.8271484375,73.9496,119,31,36,0,1
DB+Rollout,447,31153.654296875,21052.603515625,1118.2842,8982.7666015625,69.863,146,44,38,0,0
DB+Rollout,448,34081.10546875,20968.84765625,1180.007,11932.2529296875,65.1852,135,47,38,0,0
DB+Rollout,449,34716.62109375,21588.58984375,1234.4354,11893.595703125,71.9178,146,41,39,0,2
DB+Rollout,45,27053.0390625,19468.296875,939.3448,6645.396484375,75.65220000000001,115,28,35,0,4
DB+Rollout,450,37354.625,22706.7421875,1243.7061,13404.1767578125,66.8639,169,56,41,0,3
DB+Rollout,451,29449.47265625,21052.630859375,1179.3175,7217.5234375,72.1429,140,39,38,0,2
DB+Rollout,452,32858.453125,20475.716796875,1093.9948,11288.740234375,66.15379999999999,130,44,37,0,2
DB+Rollout,453,32754.88671875,21802.361328125,1143.543,9808.9755859375,68.98729999999999,158,49,39,0,3
DB+Rollout,454,33529.890625,21695.431640625,1098.7457,10735.7119140625,68.83120000000001,154,48,39,0,1
DB+Rollout,455,27524.240234375,19979.060546875,1103.0903,6442.08544921875,75.42370000000001,118,29,36,0,0
DB+Rollout,456,26437.146484375,19463.72265625,999.557,5973.865234375,75.0,116,29,35,0,2
DB+Rollout,457,27734.45703125,19910.009765625,1050.5549,6773.89208984375,76.2295,122,29,36,0,1
DB+Rollout,458,30697.021484375,20913.57421875,1142.4058,8641.0400390625,67.1533,137,45,38,0,0
DB+Rollout,459,40984.35546875,22444.486328125,1270.91,17268.96484375,55.9748,159,70,41,0,1
DB+Rollout,46,31833.650390625,20633.9453125,1115.2286,10084.478515625,60.5839,137,54,37,0,3
DB+Rollout,460,30968.080078125,21220.7109375,1246.6159,8500.748046875,66.6667,141,47,38,0,1
DB+Rollout,461,30314.056640625,20616.55078125,1119.3078,8578.19921875,65.4135,133,46,37,0,1
DB+Rollout,462,36084.12109375,22789.716796875,1193.8982,12100.5078125,66.4706,170,57,41,0,2
DB+Rollout,463,28399.6796875,20588.6171875,1053.8521,6757.20947265625,66.9118,136,45,37,0,3
DB+Rollout,464,30157.158203125,20053.5234375,1058.158,9045.4814453125,72.7273,121,33,36,0,4
DB+Rollout,465,29132.52734375,20527.78125,1175.5368,7429.21142578125,72.0,125,35,37,0,0
DB+Rollout,466,31526.419921875,20087.369140625,1066.2261,10372.818359375,66.129,124,42,36,0,2
DB+Rollout,467,33124.21875,22764.841796875,1303.2458,9056.1318359375,67.2727,165,54,41,0,4
DB+Rollout,468,38474.3046875,23461.33984375,1316.5643,13696.3955078125,62.295100000000005,183,69,42,0,2
DB+Rollout,469,30396.806640625,20942.384765625,1108.1175,8346.3056640625,69.5035,141,43,38,0,0
DB+Rollout,47,29073.658203125,20975.158203125,1164.1308,6934.37109375,71.63119999999999,141,40,38,0,0
DB+Rollout,470,35770.359375,21761.853515625,1076.9846,12931.5185546875,58.860800000000005,158,65,39,0,1
DB+Rollout,471,31148.4765625,21215.1171875,1136.3985,8796.9599609375,70.1389,144,43,38,0,1
DB+Rollout,472,31253.96875,20915.505859375,1089.2265,9249.2353515625,71.2329,146,42,38,0,4
DB+Rollout,473,44823.7890625,23925.00390625,1303.824,19594.958984375,66.13759999999999,189,64,43,0,2
DB+Rollout,474,28603.3671875,20052.95703125,1015.7806,7534.62890625,70.16130000000001,124,37,36,0,0
DB+Rollout,475,35284.046875,20920.20703125,1094.4196,13269.41796875,67.3611,144,47,38,0,2
DB+Rollout,476,33181.3125,21584.82421875,1143.4697,10453.0224609375,74.3421,152,39,39,0,0
DB+Rollout,477,28460.19140625,19416.798828125,1031.7587,8011.6318359375,59.8131,107,43,35,0,1
DB+Rollout,478,33231.80078125,20461.927734375,1118.0995,11651.7744140625,66.9173,133,44,37,0,1
DB+Rollout,479,32566.77734375,20622.40625,1051.9719,10892.40234375,64.2857,140,50,37,0,0
DB+Rollout,48,35679.765625,22597.328125,1269.4844,11812.9521484375,69.186,172,53,41,0,1
DB+Rollout,480,31815.828125,21062.7578125,1179.4391,9573.6318359375,65.95739999999999,141,48,38,0,0
DB+Rollout,481,27009.033203125,20000.3046875,1013.2242,5995.5078125,70.4918,122,36,36,0,0
DB+Rollout,482,34328.9375,21764.14453125,1259.4019,11305.390625,67.9487,156,50,39,0,1
DB+Rollout,483,38505.05859375,22514.134765625,1287.0164,14703.9091796875,57.05519999999999,163,70,41,0,1
DB+Rollout,484,33384.27734375,21929.23046875,1172.9132,10282.1337890625,73.8562,153,40,40,0,0
DB+Rollout,485,38160.80859375,21464.09375,1203.9564,15492.7568359375,62.9139,151,56,39,0,2
DB+Rollout,486,26854.703125,19558.8125,1044.8252,6251.0654296875,72.2689,119,33,35,0,0
DB+Rollout,487,32665.439453125,21686.001953125,1184.4399,9795.0,69.9346,153,46,39,0,2
DB+Rollout,488,24697.00390625,18800.37890625,1013.7265,4882.89794921875,65.2632,95,33,34,0,0
DB+Rollout,489,33878.46875,22243.3671875,1179.8421,10455.251953125,64.0244,164,59,40,0,4
DB+Rollout,49,33611.03125,20573.646484375,1070.6492,11966.7431640625,63.9706,136,49,37,0,1
DB+Rollout,490,30481.474609375,20041.34765625,1029.6274,9410.4931640625,65.60000000000001,125,43,36,0,1
DB+Rollout,491,29918.931640625,20764.193359375,1239.6744,7915.0654296875,66.15379999999999,130,44,38,0,1
DB+Rollout,492,31026.166015625,21242.05859375,1107.8741,8676.234375,67.8571,140,45,38,0,1
DB+Rollout,493,34909.40625,21031.357421875,1140.1618,12737.892578125,71.1268,142,41,38,0,1
DB+Rollout,494,33505.37890625,22084.365234375,1137.1927,10283.8193359375,70.4819,166,49,40,0,1
DB+Rollout,495,36513.75,22907.72265625,1308.5749,12297.4462890625,66.6667,171,57,41,0,0
DB+Rollout,496,33769.79296875,20927.2734375,1118.6584,11723.8564453125,63.829800000000006,141,51,38,0,1
DB+Rollout,497,41210.7578125,23087.39453125,1340.0063,16783.3515625,65.5172,174,60,42,0,0
DB+Rollout,498,30370.962890625,21141.890625,1141.7659,8087.310546875,73.1343,134,36,38,0,2
DB+Rollout,499,31774.40625,21184.146484375,1144.5195,9445.7373046875,77.33330000000001,150,34,38,0,1
DB+Rollout,5,37016.49609375,21561.568359375,1189.7311,14265.201171875,66.443,149,50,39,0,0
DB+Rollout,50,31941.58984375,22049.826171875,1186.4609,8705.302734375,67.9245,159,51,40,0,1
DB+Rollout,500,38762.6328125,22284.109375,1207.1587,15271.361328125,64.45779999999999,166,59,40,0,1
DB+Rollout,51,40547.046875,22637.955078125,1334.1057,16574.990234375,61.4907,161,62,41,0,0
DB+Rollout,52,30448.099609375,20335.650390625,1074.8321,9037.61328125,70.229,131,39,37,0,1
DB+Rollout,53,34490.88671875,21633.1640625,1138.4171,11719.3017578125,65.5629,151,52,39,0,1
DB+Rollout,54,31038.58203125,20950.390625,1099.2433,8988.9501953125,66.4286,140,47,38,0,2
DB+Rollout,55,32132.130859375,21078.640625,1164.4981,9888.9951171875,71.94239999999999,139,39,38,0,1
DB+Rollout,56,31876.8984375,21501.712890625,1113.3484,9261.8408203125,71.7105,152,43,39,0,1
DB+Rollout,57,33167.875,20875.16796875,1151.9759,11140.7333984375,69.5652,138,42,38,0,1
DB+Rollout,58,32996.69140625,21318.80859375,1147.0338,10530.8427734375,67.14290000000001,140,46,39,0,2
DB+Rollout,59,66776.796875,25596.9453125,1576.8016,39603.0625,47.7273,220,115,46,0,0
DB+Rollout,6,43930.796875,24404.01171875,1301.4447,18225.34375,61.3861,202,78,44,0,0
DB+Rollout,60,30119.369140625,20455.888671875,1071.9443,8591.5322265625,69.9248,133,40,37,0,1
DB+Rollout,61,33575.27734375,21368.634765625,1097.7715,11108.8759765625,71.8121,149,42,39,0,1
DB+Rollout,62,27658.01953125,20596.998046875,1080.169,5980.85302734375,72.3881,134,37,37,0,0
DB+Rollout,63,33551.8515625,21018.716796875,1081.9084,11451.23046875,68.4932,146,46,38,0,1
DB+Rollout,64,39380.890625,22433.70703125,1255.1502,15692.0322265625,58.12500000000001,160,67,41,0,0
DB+Rollout,65,37050.54296875,22732.056640625,1242.9926,13075.494140625,63.1902,163,60,41,0,1
DB+Rollout,66,35425.6875,22076.5,1199.438,12149.7529296875,69.1358,162,50,40,0,0
DB+Rollout,67,41559.7578125,23635.640625,1286.6017,16637.51171875,65.2406,187,65,43,0,2
DB+Rollout,68,32212.265625,21078.32421875,1085.9846,10047.951171875,67.3759,141,46,38,0,1
DB+Rollout,69,27923.638671875,20204.28125,1057.0358,6662.32080078125,71.4286,126,36,37,0,2
DB+Rollout,7,33792.1015625,21635.796875,1156.8202,10999.484375,70.0,150,45,39,0,0
DB+Rollout,70,32641.75,22497.28515625,1210.9854,8933.4755859375,68.3908,174,55,41,0,5
DB+Rollout,71,33216.27734375,21142.236328125,1140.5174,10933.5302734375,65.95739999999999,141,48,38,0,1
DB+Rollout,72,25981.015625,19418.62109375,1055.7422,5506.65185546875,76.9912,113,26,35,0,2
DB+Rollout,73,38132.953125,23029.068359375,1278.3616,13825.5283203125,75.14450000000001,173,43,42,0,1
DB+Rollout,74,30396.021484375,20377.203125,1105.4857,8913.3310546875,65.89150000000001,129,44,37,0,3
DB+Rollout,75,30085.79296875,21726.248046875,1241.6479,7117.89697265625,73.2877,146,39,39,0,5
DB+Rollout,76,33769.41796875,20689.1875,1078.417,12001.818359375,68.6131,137,43,37,0,0
DB+Rollout,77,27591.2265625,20019.51953125,1108.8147,6462.89306640625,72.35770000000001,123,34,36,0,2
DB+Rollout,78,44605.70703125,22565.859375,1308.6945,20731.171875,53.939400000000006,165,76,41,0,0
DB+Rollout,79,37870.26953125,22514.048828125,1255.5674,14100.6484375,63.0303,165,61,41,0,0
DB+Rollout,8,27182.181640625,20439.390625,1049.0638,5693.7314453125,68.70230000000001,131,41,37,0,0
DB+Rollout,80,31026.73046875,20918.96484375,1119.2592,8988.5048828125,62.5,136,51,38,0,1
DB+Rollout,81,40026.05078125,22213.58984375,1170.2841,16642.173828125,57.2289,166,71,40,0,1
DB+Rollout,82,48205.94140625,22715.646484375,1168.0148,24322.28515625,56.424600000000005,179,78,41,0,3
DB+Rollout,83,29326.615234375,20688.744140625,1070.0462,7567.82177734375,73.33330000000001,135,36,37,0,1
DB+Rollout,84,34623.62890625,21324.193359375,1136.7689,12162.6640625,65.54050000000001,148,51,39,0,0
DB+Rollout,85,33415.5390625,22044.587890625,1255.0053,10115.947265625,64.9682,157,55,40,0,1
DB+Rollout,86,28515.650390625,20948.25390625,1172.5439,6394.85107421875,69.5652,138,42,38,0,0
DB+Rollout,87,35058.21484375,21318.650390625,1149.9953,12589.5673828125,64.1892,148,53,39,0,1
DB+Rollout,88,46929.1171875,24130.919921875,1362.1313,21436.06640625,59.0426,188,77,44,0,2
DB+Rollout,89,29374.12890625,20572.353515625,1064.0149,7737.75830078125,65.94200000000001,138,47,37,0,1
DB+Rollout,9,31718.861328125,20595.986328125,1113.5129,10009.3642578125,69.85289999999999,136,41,37,0,0
DB+Rollout,90,26284.716796875,19824.72265625,1030.0409,5429.95263671875,70.8333,120,35,36,0,1
DB+Rollout,91,43317.2734375,21884.28125,1203.6361,20229.36328125,59.627300000000005,161,65,40,0,1
DB+Rollout,92,31246.505859375,22146.5078125,1195.1193,7904.880859375,65.5629,151,52,40,0,1
DB+Rollout,93,35879.10546875,22148.93359375,1256.405,12473.7666015625,65.5629,151,52,40,0,1
DB+Rollout,94,33767.515625,21052.697265625,1072.7301,11642.08984375,69.1781,146,45,38,0,1
DB+Rollout,95,29130.626953125,20501.7421875,1078.8529,7550.0341796875,72.93230000000001,133,36,37,0,1
DB+Rollout,96,28133.33984375,19673.0390625,983.9419,7476.36181640625,68.8525,122,38,36,0,3
DB+Rollout,97,31605.970703125,21743.7109375,1199.1319,8663.1279296875,70.0637,157,47,39,0,1
DB+Rollout,98,29312.642578125,20530.939453125,1054.3187,7727.38623046875,73.33330000000001,135,36,37,0,1
DB+Rollout,99,30553.73828125,20243.828125,1061.4388,9248.470703125,71.65350000000001,127,36,37,0,1
