ID;Ladeeinrichtungs-ID;Betreiber;Anzeigename (Karte);Status;Art der Ladeeinrichtung;Anzahl Ladepunkte;Nennleistung Ladeeinrichtung [kW];Inbetriebnahmedatum;Straße;Hausnummer;Adresszusatz;Postleitzahl;Ort;Kreis/kreisfreie Stadt;Bundesland;Breitengrad;Längengrad;Standortbezeichnung;Informationen zum Parkraum;Bezahlsysteme;Öffnungszeiten;Öffnungszeiten: Wochentage;Öffnungszeiten: Tageszeiten;Steckertypen1;Nennleistung Stecker1;EVSE-ID1;Public Key1;Steckertypen2;Nennleistung Stecker2;EVSE-ID2;Public Key2;Steckertypen3;Nennleistung Stecker3;EVSE-ID3;Public Key3;Steckertypen4;Nennleistung Stecker4;EVSE-ID4;Public Key4;Steckertypen5;Nennleistung Stecker5;EVSE-ID5;Public Key5;Steckertypen6;Nennleistung Stecker6;EVSE-ID6;Public Key6;geopunkt
1;1040856;Stadtwerke Würzburg AG;;In Betrieb;Normalladeeinrichtung;2.0;33.0;01-01-29;Wallgasse;4;;97070;Würzburg;Kreisfreie Stadt Würzburg;Bayern;49.799515;9.936886;;;;Keine Angabe;;;AC Typ 2 Steckdose;22;;;AC Typ 2 Steckdose;22;;;;;;;;;;;;;;;;;;;49.799515, 9.936886
2;1040857;Stadtwerke Würzburg AG;;In Betrieb;Normalladeeinrichtung;2.0;33.0;01-01-29;Wallgasse;4;;97070;Würzburg;Kreisfreie Stadt Würzburg;Bayern;49.79952;9.936937;;;;Keine Angabe;;;AC Typ 2 Steckdose;22;;;AC Typ 2 Steckdose;22;;;;;;;;;;;;;;;;;;;49.79952, 9.936937
3;1040859;Stadtwerke Würzburg AG;;In Betrieb;Normalladeeinrichtung;2.0;44.0;01-01-04;Haugerpfarrgasse;14;;97070;Würzburg;Kreisfreie Stadt Würzburg;Bayern;49.79771;9.935638;;;;Keine Angabe;;;AC Typ 2 Steckdose;22;;;AC Typ 2 Steckdose;22;;;;;;;;;;;;;;;;;;;49.79771, 9.935638
4;1040865;Stadtwerke Würzburg AG;;In Betrieb;Normalladeeinrichtung;2.0;33.0;01-01-13;Pleicherschulgasse;1;;97070;Würzburg;Kreisfreie Stadt Würzburg;Bayern;49.79657;9.92719;;;;Keine Angabe;;;AC Typ 2 Steckdose;22;;;AC Typ 2 Steckdose;22;;;;;;;;;;;;;;;;;;;49.79657, 9.92719
5;1040870;Stadtwerke Würzburg AG;;In Betrieb;Normalladeeinrichtung;2.0;33.0;01-01-26;Turmgasse;9;;97070;Würzburg;Kreisfreie Stadt Würzburg;Bayern;49.798173;9.926092;;;;Keine Angabe;;;AC Typ 2 Steckdose;22;;;AC Typ 2 Steckdose;22;;;;;;;;;;;;;;;;;;;49.798173, 9.926092
6;1040880;Stadtwerke Würzburg AG;;In Betrieb;Normalladeeinrichtung;2.0;44.0;01-01-21;Neutorstraße;11;;97070;Würzburg;Kreisfreie Stadt Würzburg;Bayern;49.799176;9.939611;;;"Onlinezahlungsverfahren;RFID-Karte";Keine Angabe;;;AC Typ 2 Steckdose;22;;;AC Typ 2 Steckdose;22;;;;;;;;;;;;;;;;;;;49.799176, 9.939611
7;1040893;Stadtwerke Würzburg AG;;In Betrieb;Normalladeeinrichtung;2.0;44.0;01-01-17;Neutorstraße;3;;97070;Würzburg;Kreisfreie Stadt Würzburg;Bayern;49.798293;9.939207;;;"Onlinezahlungsverfahren;RFID-Karte";Keine Angabe;;;AC Typ 2 Steckdose;22;;;AC Typ 2 Steckdose;22;;;;;;;;;;;;;;;;;;;49.798293, 9.939207
8;1040907;Stadtwerke Würzburg AG;;In Betrieb;Normalladeeinrichtung;2.0;33.0;01-01-02;Rüdigerstr.;3;;97070;Würzburg;Kreisfreie Stadt Würzburg;Bayern;49.795855;9.937994;;;"Onlinezahlungsverfahren;RFID-Karte";Keine Angabe;;;AC Typ 2 Steckdose;11;;;AC Typ 2 Steckdose;22;;;;;;;;;;;;;;;;;;;49.795855, 9.937994
9;1040908;Stadtwerke Würzburg AG;;In Betrieb;Normalladeeinrichtung;2.0;44.0;01-01-12;Karmelitenstraße;30;;97070;Würzburg;Kreisfreie Stadt Würzburg;Bayern;49.794061;9.927645;;;"Onlinezahlungsverfahren;RFID-Karte";Keine Angabe;;;AC Typ 2 Steckdose;22;;;AC Typ 2 Steckdose;22;;;;;;;;;;;;;;;;;;;49.794061, 9.927645
10;1040910;Stadtwerke Würzburg AG;;In Betrieb;Normalladeeinrichtung;2.0;44.0;01-01-16;Ursulinengasse;15;;97070;Würzburg;Kreisfreie Stadt Würzburg;Bayern;49.79129;9.929933;;;"Onlinezahlungsverfahren;RFID-Karte";Keine Angabe;;;AC Typ 2 Steckdose;22;;;AC Typ 2 Steckdose;22;;;;;;;;;;;;;;;;;;;49.79129, 9.929933
11;1040934;Stadtwerke Würzburg AG;;In Betrieb;Normalladeeinrichtung;2.0;44.0;01-01-06;Stephanstraße;2;;97070;Würzburg;Kreisfreie Stadt Würzburg;Bayern;49.78985;9.934482;;;"Onlinezahlungsverfahren;RFID-Karte";Keine Angabe;;;AC Typ 2 Steckdose;22;;;AC Typ 2 Steckdose;22;;;;;;;;;;;;;;;;;;;49.78985, 9.934482
12;1040935;Stadtwerke Würzburg AG;;In Betrieb;Normalladeeinrichtung;2.0;44.0;01-01-06;Stephanstraße;2;;97070;Würzburg;Kreisfreie Stadt Würzburg;Bayern;49.78985;9.934482;;;"Onlinezahlungsverfahren;RFID-Karte";Keine Angabe;;;AC Typ 2 Steckdose;22;;;AC Typ 2 Steckdose;22;;;;;;;;;;;;;;;;;;;49.78985, 9.934482
13;1040938;Stadtwerke Würzburg AG;;In Betrieb;Schnellladeeinrichtung;2.0;150.0;01-01-15;Paradeplatz;1;;97070;Würzburg;Kreisfreie Stadt Würzburg;Bayern;49.792957;9.932753;;;"Onlinezahlungsverfahren;RFID-Karte";Keine Angabe;;;DC Fahrzeugkupplung Typ Combo 2 (CCS);150;;;DC Fahrzeugkupplung Typ Combo 2 (CCS);150;;;;;;;;;;;;;;;;;;;49.792957, 9.932753
14;1040943;Stadtwerke Würzburg AG;;In Betrieb;Normalladeeinrichtung;2.0;22.0;01-01-05;Pleichertorstraße;5;;97070;Würzburg;Kreisfreie Stadt Würzburg;Bayern;49.799142;9.925584;;;"Onlinezahlungsverfahren;RFID-Karte";Keine Angabe;;;AC Typ 2 Steckdose;11;;;AC Typ 2 Steckdose;11;;;;;;;;;;;;;;;;;;;49.799142, 9.925584
15;1040944;Stadtwerke Würzburg AG;;In Betrieb;Normalladeeinrichtung;2.0;22.0;01-01-05;Pleichertorstraße;5;;97070;Würzburg;Kreisfreie Stadt Würzburg;Bayern;49.799142;9.925584;;;"Onlinezahlungsverfahren;RFID-Karte";Keine Angabe;;;AC Typ 2 Steckdose;11;;;AC Typ 2 Steckdose;11;;;;;;;;;;;;;;;;;;;49.799142, 9.925584
16;1040945;Stadtwerke Würzburg AG;;In Betrieb;Normalladeeinrichtung;2.0;22.0;01-01-05;Pleichertorstraße;5;;97070;Würzburg;Kreisfreie Stadt Würzburg;Bayern;49.799142;9.925584;;;"Onlinezahlungsverfahren;RFID-Karte";Keine Angabe;;;AC Typ 2 Steckdose;11;;;AC Typ 2 Steckdose;11;;;;;;;;;;;;;;;;;;;49.799142, 9.925584
17;1040946;Stadtwerke Würzburg AG;;In Betrieb;Normalladeeinrichtung;2.0;22.0;01-01-05;Pleichertorstraße;5;;97070;Würzburg;Kreisfreie Stadt Würzburg;Bayern;49.799142;9.925584;;;"Kreditkarte (NFC);Onlinezahlungsverfahren;RFID-Karte";Keine Angabe;;;AC Typ 2 Steckdose;11;;;AC Typ 2 Steckdose;11;;;;;;;;;;;;;;;;;;;49.799142, 9.925584
18;1049671;E.ON Drive Infrastructure GmbH;E.ON Drive Infrastructure;In Betrieb;Schnellladeeinrichtung;2.0;98.0;01-01-08;Raststätte Würzburg Süd;0;BAB3;97070;Würzburg;Kreisfreie Stadt Würzburg;Bayern;49.750848;9.963149;;;"Onlinezahlungsverfahren;RFID-Karte";Keine Angabe;;;DC Fahrzeugkupplung Typ Combo 2 (CCS);50;;;DC Fahrzeugkupplung Typ Combo 2 (CCS);50;;;;;;;;;;;;;;;;;;;49.750848, 9.963149
19;1049702;E.ON Drive Infrastructure GmbH;E.ON Drive Infrastructure;In Betrieb;Schnellladeeinrichtung;2.0;98.0;01-01-08;Raststätte Würzburg Nord;0;BAB3;97070;Würzburg;Kreisfreie Stadt Würzburg;Bayern;49.755871;9.959829;;;"Onlinezahlungsverfahren;RFID-Karte";Keine Angabe;;;DC Fahrzeugkupplung Typ Combo 2 (CCS);50;;;DC Fahrzeugkupplung Typ Combo 2 (CCS);50;;;;;;;;;;;;;;;;;;;49.755871, 9.959829
20;1097967;Stadtwerke Würzburg AG;;In Betrieb;Normalladeeinrichtung;2.0;44.0;01-01-28;Pleicherschulgasse;1;;97070;Würzburg;Kreisfreie Stadt Würzburg;Bayern;49.796615;9.927154;;Keine Beschränkung;"RFID-Karte;Sonstige;Onlinezahlungsverfahren";Keine Angabe;;;AC Typ 2 Steckdose;22;;;AC Typ 2 Steckdose;22;;;;;;;;;;;;;;;;;;;49.796615, 9.927154
21;1103766;Stadtwerke Würzburg AG;;In Betrieb;Schnellladeeinrichtung;2.0;150.0;01-01-17;Wallgasse;4;;97070;Würzburg;Kreisfreie Stadt Würzburg;Bayern;49.799545;9.936764;;Keine Beschränkung;"Kreditkarte (Lesegerät);RFID-Karte;Onlinezahlungsverfahren;Sonstige";Keine Angabe;;;DC Fahrzeugkupplung Typ Combo 2 (CCS);150;;;DC Fahrzeugkupplung Typ Combo 2 (CCS);150;;;;;;;;;;;;;;;;;;;49.799545, 9.936764
22;1103767;Stadtwerke Würzburg AG;;In Betrieb;Schnellladeeinrichtung;2.0;150.0;01-01-17;Wallgasse;4;;97070;Würzburg;Kreisfreie Stadt Würzburg;Bayern;49.799545;9.936764;;Keine Beschränkung;"Kreditkarte (Lesegerät);RFID-Karte;Onlinezahlungsverfahren;Sonstige";Keine Angabe;;;DC Fahrzeugkupplung Typ Combo 2 (CCS);150;;;DC Fahrzeugkupplung Typ Combo 2 (CCS);150;;;;;;;;;;;;;;;;;;;49.799545, 9.936764
23;1104094;Fürstlich Castell'sche Bank, Credit-Casse AG;;In Betrieb;Normalladeeinrichtung;2.0;22.0;;Hofstr.;8;;97070;Würzburg;Kreisfreie Stadt Würzburg;Bayern;49.793298;9.934394;;;Onlinezahlungsverfahren;Keine Angabe;;;AC Typ 2 Steckdose;22;;;AC Typ 2 Steckdose;22;;;;;;;;;;;;;;;;;;;49.793298, 9.934394
24;1104095;Fürstlich Castell'sche Bank, Credit-Casse AG;;In Betrieb;Normalladeeinrichtung;2.0;22.0;;Hofstr.;8;;97070;Würzburg;Kreisfreie Stadt Würzburg;Bayern;49.793303;9.93438;;;Onlinezahlungsverfahren;Keine Angabe;;;AC Typ 2 Fahrzeugkupplung;22;;;AC Typ 2 Fahrzeugkupplung;22;;;;;;;;;;;;;;;;;;;49.793303, 9.93438
25;1040867;Stadtwerke Würzburg AG;;In Betrieb;Normalladeeinrichtung;2.0;33.0;01-01-15;Virchowstr.;6;;97072;Würzburg;Kreisfreie Stadt Würzburg;Bayern;49.784763;9.932609;;;;Keine Angabe;;;AC Typ 2 Steckdose;22;;;AC Typ 2 Steckdose;22;;;;;;;;;;;;;;;;;;;49.784763, 9.932609
26;1040869;Stadtwerke Würzburg AG;;In Betrieb;Normalladeeinrichtung;2.0;33.0;01-01-17;Residenzplatz;0;;97072;Würzburg;Kreisfreie Stadt Würzburg;Bayern;49.792825;9.936622;;;;Keine Angabe;;;AC Typ 2 Steckdose;22;;;AC Typ 2 Steckdose;22;;;;;;;;;;;;;;;;;;;49.792825, 9.936622
27;1040872;Stadtwerke Würzburg AG;;In Betrieb;Normalladeeinrichtung;2.0;33.0;01-01-19;Platenstraße;12;;97072;Würzburg;Kreisfreie Stadt Würzburg;Bayern;49.779524;9.9349;;;;Keine Angabe;;;AC Typ 2 Steckdose;22;;;AC Typ 2 Steckdose;22;;;;;;;;;;;;;;;;;;;49.779524, 9.9349
28;1040886;Stadtwerke Würzburg AG;;In Betrieb;Normalladeeinrichtung;2.0;44.0;01-01-28;Danzigerstraße;1;;97072;Würzburg;Kreisfreie Stadt Würzburg;Bayern;49.777909;9.936588;;;"Onlinezahlungsverfahren;RFID-Karte";Keine Angabe;;;AC Typ 2 Steckdose;22;;;AC Typ 2 Steckdose;22;;;;;;;;;;;;;;;;;;;49.777909, 9.936588
29;1040898;Stadtwerke Würzburg AG;;In Betrieb;Normalladeeinrichtung;2.0;44.0;01-01-05;Sonnenstraße;8;;97072;Würzburg;Kreisfreie Stadt Würzburg;Bayern;49.781263;9.932562;;;"Onlinezahlungsverfahren;RFID-Karte";Keine Angabe;;;AC Typ 2 Steckdose;22;;;AC Typ 2 Steckdose;22;;;;;;;;;;;;;;;;;;;49.781263, 9.932562
30;1040902;Stadtwerke Würzburg AG;;In Betrieb;Normalladeeinrichtung;2.0;44.0;01-01-04;Friedenstraße;46;;97072;Würzburg;Kreisfreie Stadt Würzburg;Bayern;49.7832;9.93692;;;"Onlinezahlungsverfahren;RFID-Karte";Keine Angabe;;;AC Typ 2 Steckdose;22;;;AC Typ 2 Steckdose;22;;;;;;;;;;;;;;;;;;;49.7832, 9.93692
31;1040903;Stadtwerke Würzburg AG;;In Betrieb;Normalladeeinrichtung;2.0;44.0;01-01-04;Friedenstraße;46;;97072;Würzburg;Kreisfreie Stadt Würzburg;Bayern;49.7832;9.93692;;;"Onlinezahlungsverfahren;RFID-Karte";Keine Angabe;;;AC Typ 2 Steckdose;22;;;AC Typ 2 Steckdose;22;;;;;;;;;;;;;;;;;;;49.7832, 9.93692
32;1040912;Stadtwerke Würzburg AG;;In Betrieb;Normalladeeinrichtung;2.0;44.0;01-01-23;Crevennastraße;6;;97072;Würzburg;Kreisfreie Stadt Würzburg;Bayern;49.793653;9.94828;;;"Onlinezahlungsverfahren;RFID-Karte";Keine Angabe;;;AC Typ 2 Steckdose;22;;;AC Typ 2 Steckdose;22;;;;;;;;;;;;;;;;;;;49.793653, 9.94828
33;1061565;Stadtwerke Würzburg AG;;In Betrieb;Schnellladeeinrichtung;2.0;225.0;01-01-18;Weingartenstr.;25;;97072;Würzburg;Kreisfreie Stadt Würzburg;Bayern;49.784738;9.935208;;Keine Beschränkung;"Onlinezahlungsverfahren;RFID-Karte";Keine Angabe;;;DC Fahrzeugkupplung Typ Combo 2 (CCS);225;;;DC Fahrzeugkupplung Typ Combo 2 (CCS);225;;;;;;;;;;;;;;;;;;;49.784738, 9.935208
34;1067110;Kemal Yalcin;;In Betrieb;Normalladeeinrichtung;1.0;11.0;01-01-06;Königsberger Str.;18;;97072;Würzburg;Kreisfreie Stadt Würzburg;Bayern;49.774799;9.935305;;;Kostenlos;Keine Angabe;;;AC Typ 2 Steckdose;11;;;;;;;;;;;;;;;;;;;;;;;49.774799, 9.935305
35;1069304;vryon GmbH;;In Betrieb;Normalladeeinrichtung;2.0;44.0;01-01-06;Königsberger Str.;6;;97072;Würzburg;Kreisfreie Stadt Würzburg;Bayern;49.775444;9.936223;;;"Kreditkarte (NFC);Debitkarte (NFC)";Keine Angabe;;;AC Typ 2 Steckdose;22;;8FD5 BDE4 B76C 9336 483D 62D2 9A9F 02CF B8A6 719F E7D3 2152 541D 82A6 D66E 72D7 F0C6 D781 1AE1 3859 C6F3 9A86 0720 91A4;AC Typ 2 Steckdose;22;;332B 221B 8242 825D 02EA E3DE 4105 B028 2AB1 1B18 5241 AB6D 94BD 8E5E 2992 1044 2F90 2944 9DAB 6480 A3F4 6CB1 D225 51E1;;;;;;;;;;;;;;;;;49.775444, 9.936223
36;1074989;Evio Mobility GmbH;;In Betrieb;Normalladeeinrichtung;2.0;22.0;01-01-04;Scheffelstraße;6;;97072;Würzburg;Kreisfreie Stadt Würzburg;Bayern;49.781215;9.93759;;;"Kreditkarte (Lesegerät);Kreditkarte (NFC);Debitkarte (Lesegerät);Debitkarte (NFC);Onlinezahlungsverfahren;RFID-Karte";Keine Angabe;;;AC Typ 2 Steckdose;22;;;AC Typ 2 Steckdose;22;;;;;;;;;;;;;;;;;;;49.781215, 9.93759
37;1080563;Meyer & Frey Rechtsanwälte (Einzelfirma);unfallfrey.de;In Betrieb;Normalladeeinrichtung;2.0;22.0;01-01-31;Friedrich-Ebert-Ring;2;;97072;Würzburg;Kreisfreie Stadt Würzburg;Bayern;49.792269;9.943399;;Nur für Kunden/Besucher;"Bargeld;Sonstige";Keine Angabe;;;AC Typ 2 Fahrzeugkupplung;11;;;AC Typ 2 Fahrzeugkupplung;22;;;;;;;;;;;;;;;;;;;49.792269, 9.943399
38;1080565;Meyer & Frey Rechtsanwälte (Einzelfirma);unfallfrey.de;In Betrieb;Normalladeeinrichtung;2.0;22.0;01-01-31;Friedrich-Ebert-Ring;2;;97072;Würzburg;Kreisfreie Stadt Würzburg;Bayern;49.792269;9.943399;;Nur für Kunden/Besucher;"Bargeld;Sonstige";Keine Angabe;;;AC Typ 2 Fahrzeugkupplung;11;;;AC Typ 2 Fahrzeugkupplung;22;;;;;;;;;;;;;;;;;;;49.792269, 9.943399
39;1103765;Stadtwerke Würzburg AG;;In Betrieb;Normalladeeinrichtung;2.0;44.0;01-01-18;Weingartenstr.;1;;97072;Würzburg;Kreisfreie Stadt Würzburg;Bayern;49.786572;9.936317;;Keine Beschränkung;"RFID-Karte;Onlinezahlungsverfahren;Sonstige";Keine Angabe;;;AC Typ 2 Steckdose;22;;;AC Typ 2 Steckdose;22;;;;;;;;;;;;;;;;;;;49.786572, 9.936317
40;1120175;Stadtwerke Würzburg AG;;In Betrieb;Normalladeeinrichtung;2.0;44.0;01-01-12;Ludwigkai;9;;97072;Würzburg;Kreisfreie Stadt Würzburg;Bayern;49.782048;9.929595;;Keine Beschränkung;"Kreditkarte (NFC);Onlinezahlungsverfahren;RFID-Karte";Keine Angabe;;;AC Typ 2 Steckdose;22;;;AC Typ 2 Steckdose;22;;;;;;;;;;;;;;;;;;;49.782048, 9.929595
41;1040868;Stadtwerke Würzburg AG;;In Betrieb;Normalladeeinrichtung;2.0;33.0;01-01-26;Leightonstraße;3;;97074;Würzburg;Kreisfreie Stadt Würzburg;Bayern;49.786808;9.979973;;;;Keine Angabe;;;AC Typ 2 Steckdose;22;;;AC Typ 2 Steckdose;22;;;;;;;;;;;;;;;;;;;49.786808, 9.979973
42;1040871;Stadtwerke Würzburg AG;;In Betrieb;Normalladeeinrichtung;2.0;33.0;01-01-13;Rottendorfer Str.;79;;97074;Würzburg;Kreisfreie Stadt Würzburg;Bayern;49.79073;9.972385;;;;Keine Angabe;;;AC Typ 2 Steckdose;22;;;AC Typ 2 Steckdose;22;;;;;;;;;;;;;;;;;;;49.79073, 9.972385
43;1040876;Stadtwerke Würzburg AG;;In Betrieb;Schnellladeeinrichtung;2.0;300.0;01-01-21;Salvatorstraße;26;;97074;Würzburg;Kreisfreie Stadt Würzburg;Bayern;49.79161;9.99531;;;"Onlinezahlungsverfahren;RFID-Karte;Sonstige";Keine Angabe;;;DC Fahrzeugkupplung Typ Combo 2 (CCS);300;;;DC Fahrzeugkupplung Typ Combo 2 (CCS);300;;;;;;;;;;;;;;;;;;;49.79161, 9.99531
44;1040892;Stadtwerke Würzburg AG;;In Betrieb;Normalladeeinrichtung;2.0;44.0;01-01-27;Seuffertstraße;16;;97074;Würzburg;Kreisfreie Stadt Würzburg;Bayern;49.784155;9.945319;;;"Onlinezahlungsverfahren;RFID-Karte";Keine Angabe;;;AC Typ 2 Steckdose;22;;;AC Typ 2 Steckdose;22;;;;;;;;;;;;;;;;;;;49.784155, 9.945319
45;1040894;Stadtwerke Würzburg AG;;In Betrieb;Normalladeeinrichtung;2.0;44.0;01-01-05;Brettreichstraße;12;;97074;Würzburg;Kreisfreie Stadt Würzburg;Bayern;49.781738;9.948026;;;"Onlinezahlungsverfahren;RFID-Karte";Keine Angabe;;;AC Typ 2 Steckdose;22;;;AC Typ 2 Steckdose;22;;;;;;;;;;;;;;;;;;;49.781738, 9.948026
46;1040895;Stadtwerke Würzburg AG;;In Betrieb;Normalladeeinrichtung;2.0;44.0;01-01-05;Brettreichstraße;12;;97074;Würzburg;Kreisfreie Stadt Würzburg;Bayern;49.781738;9.948026;;;"Onlinezahlungsverfahren;RFID-Karte";Keine Angabe;;;AC Typ 2 Steckdose;22;;;AC Typ 2 Steckdose;22;;;;;;;;;;;;;;;;;;;49.781738, 9.948026
47;1040897;Stadtwerke Würzburg AG;;In Betrieb;Normalladeeinrichtung;2.0;44.0;01-01-05;Mozartstraße;10;;97074;Würzburg;Kreisfreie Stadt Würzburg;Bayern;49.784866;9.953968;;;"Onlinezahlungsverfahren;RFID-Karte";Keine Angabe;;;AC Typ 2 Steckdose;22;;;AC Typ 2 Steckdose;22;;;;;;;;;;;;;;;;;;;49.784866, 9.953968
48;1040899;Stadtwerke Würzburg AG;;In Betrieb;Normalladeeinrichtung;2.0;44.0;01-01-11;Jakob-Riedinger-Straße;8;;97074;Würzburg;Kreisfreie Stadt Würzburg;Bayern;49.783523;9.948161;;;"Onlinezahlungsverfahren;RFID-Karte";Keine Angabe;;;AC Typ 2 Steckdose;22;;;AC Typ 2 Steckdose;22;;;;;;;;;;;;;;;;;;;49.783523, 9.948161
49;1040900;Stadtwerke Würzburg AG;;In Betrieb;Normalladeeinrichtung;2.0;44.0;01-01-16;Cronthalstraße;11;;97074;Würzburg;Kreisfreie Stadt Würzburg;Bayern;49.775083;9.955834;;;"Onlinezahlungsverfahren;RFID-Karte";Keine Angabe;;;AC Typ 2 Steckdose;22;;;AC Typ 2 Steckdose;22;;;;;;;;;;;;;;;;;;;49.775083, 9.955834
50;1040909;Stadtwerke Würzburg AG;;In Betrieb;Normalladeeinrichtung;2.0;44.0;01-01-30;Magdalene-Schoch-Straße;5;;97074;Würzburg;Kreisfreie Stadt Würzburg;Bayern;49.7868;9.967915;;;"Onlinezahlungsverfahren;RFID-Karte";Keine Angabe;;;AC Typ 2 Steckdose;22;;;AC Typ 2 Steckdose;22;;;;;;;;;;;;;;;;;;;49.7868, 9.967915
51;1040913;Stadtwerke Würzburg AG;;In Betrieb;Normalladeeinrichtung;2.0;22.0;01-01-26;Leightonstraße;3a;;97074;Würzburg;Kreisfreie Stadt Würzburg;Bayern;49.786749;9.980488;;;"Onlinezahlungsverfahren;RFID-Karte";Keine Angabe;;;AC Typ 2 Steckdose;22;;;AC Typ 2 Steckdose;22;;;;;;;;;;;;;;;;;;;49.786749, 9.980488
52;1040914;Stadtwerke Würzburg AG;;In Betrieb;Normalladeeinrichtung;2.0;22.0;01-01-26;Leightonstraße;3a;;97074;Würzburg;Kreisfreie Stadt Würzburg;Bayern;49.786749;9.980488;;;"Onlinezahlungsverfahren;RFID-Karte";Keine Angabe;;;AC Typ 2 Steckdose;22;;;AC Typ 2 Steckdose;22;;;;;;;;;;;;;;;;;;;49.786749, 9.980488
53;1040915;Stadtwerke Würzburg AG;;In Betrieb;Normalladeeinrichtung;2.0;22.0;01-01-26;Leightonstraße;3a;;97074;Würzburg;Kreisfreie Stadt Würzburg;Bayern;49.786749;9.980488;;;"Onlinezahlungsverfahren;RFID-Karte";Keine Angabe;;;AC Typ 2 Steckdose;22;;;AC Typ 2 Steckdose;22;;;;;;;;;;;;;;;;;;;49.786749, 9.980488
54;1040916;Stadtwerke Würzburg AG;;In Betrieb;Normalladeeinrichtung;2.0;22.0;01-01-26;Leightonstraße;3a;;97074;Würzburg;Kreisfreie Stadt Würzburg;Bayern;49.786749;9.980488;;;"Onlinezahlungsverfahren;RFID-Karte";Keine Angabe;;;AC Typ 2 Steckdose;22;;;AC Typ 2 Steckdose;22;;;;;;;;;;;;;;;;;;;49.786749, 9.980488
55;1040917;Stadtwerke Würzburg AG;;In Betrieb;Normalladeeinrichtung;2.0;22.0;01-01-26;Leightonstraße;3a;;97074;Würzburg;Kreisfreie Stadt Würzburg;Bayern;49.786749;9.980488;;;"Onlinezahlungsverfahren;RFID-Karte";Keine Angabe;;;AC Typ 2 Steckdose;22;;;AC Typ 2 Steckdose;22;;;;;;;;;;;;;;;;;;;49.786749, 9.980488
56;1040928;Stadtwerke Würzburg AG;;In Betrieb;Schnellladeeinrichtung;2.0;150.0;01-01-19;Zeppelinstr.;122;;97074;Würzburg;Kreisfreie Stadt Würzburg;Bayern;49.780324;9.964992;;;"Onlinezahlungsverfahren;RFID-Karte";Keine Angabe;;;DC Fahrzeugkupplung Typ Combo 2 (CCS);150;;;DC Fahrzeugkupplung Typ Combo 2 (CCS);150;;;;;;;;;;;;;;;;;;;49.780324, 9.964992
57;1040930;Stadtwerke Würzburg AG;;In Betrieb;Normalladeeinrichtung;2.0;44.0;01-01-25;Barbarastraße;28;;97074;Würzburg;Kreisfreie Stadt Würzburg;Bayern;49.796123;9.95692;;;"Onlinezahlungsverfahren;RFID-Karte";Keine Angabe;;;AC Typ 2 Steckdose;22;;;AC Typ 2 Steckdose;22;;;;;;;;;;;;;;;;;;;49.796123, 9.95692
58;1040931;Stadtwerke Würzburg AG;;In Betrieb;Normalladeeinrichtung;2.0;44.0;01-01-25;Barbarastraße;28;;97074;Würzburg;Kreisfreie Stadt Würzburg;Bayern;49.796123;9.95692;;;"Onlinezahlungsverfahren;RFID-Karte";Keine Angabe;;;AC Typ 2 Steckdose;22;;;AC Typ 2 Steckdose;22;;;;;;;;;;;;;;;;;;;49.796123, 9.95692
59;1040941;Stadtwerke Würzburg AG;;In Betrieb;Schnellladeeinrichtung;2.0;300.0;01-01-29;Salvatorstraße;21;;97074;Würzburg;Kreisfreie Stadt Würzburg;Bayern;49.791927;9.953638;;;"Onlinezahlungsverfahren;RFID-Karte";Keine Angabe;;;DC Fahrzeugkupplung Typ Combo 2 (CCS);300;;;DC Fahrzeugkupplung Typ Combo 2 (CCS);300;;;;;;;;;;;;;;;;;;;49.791927, 9.953638
60;1048139;Stadtwerke Würzburg AG;;In Betrieb;Normalladeeinrichtung;2.0;22.0;01-01-05;Am Hubland;16;;97074;Würzburg;Kreisfreie Stadt Würzburg;Bayern;49.782005;9.996804;;Keine Beschränkung;"Onlinezahlungsverfahren;RFID-Karte";Keine Angabe;;;AC Typ 2 Steckdose;22;;;AC Typ 2 Steckdose;22;;;;;;;;;;;;;;;;;;;49.782005, 9.996804
61;1048140;Stadtwerke Würzburg AG;;In Betrieb;Normalladeeinrichtung;2.0;22.0;01-01-05;Am Hubland;16;;97074;Würzburg;Kreisfreie Stadt Würzburg;Bayern;49.782005;9.996804;;Keine Beschränkung;"RFID-Karte;Onlinezahlungsverfahren;";Keine Angabe;;;AC Typ 2 Steckdose;22;;;AC Typ 2 Steckdose;22;;;;;;;;;;;;;;;;;;;49.782005, 9.996804
62;1048142;Stadtwerke Würzburg AG;;In Betrieb;Normalladeeinrichtung;2.0;22.0;01-01-05;Am Hubland;16;;97074;Würzburg;Kreisfreie Stadt Würzburg;Bayern;49.782005;9.996804;;Keine Beschränkung;"Onlinezahlungsverfahren;RFID-Karte;";Keine Angabe;;;AC Typ 2 Steckdose;22;;;AC Typ 2 Steckdose;22;;;;;;;;;;;;;;;;;;;49.782005, 9.996804
63;1048144;Stadtwerke Würzburg AG;;In Betrieb;Normalladeeinrichtung;2.0;22.0;01-01-05;Am Hubland;16;;97074;Würzburg;Kreisfreie Stadt Würzburg;Bayern;49.782005;9.996804;;Keine Beschränkung;"RFID-Karte;Onlinezahlungsverfahren;";Keine Angabe;;;AC Typ 2 Steckdose;22;;;AC Typ 2 Steckdose;22;;;;;;;;;;;;;;;;;;;49.782005, 9.996804
64;1048145;Stadtwerke Würzburg AG;;In Betrieb;Normalladeeinrichtung;1.0;11.0;01-01-05;Am Hubland;16;;97074;Würzburg;Kreisfreie Stadt Würzburg;Bayern;49.782005;9.996804;;Keine Beschränkung;"Onlinezahlungsverfahren;RFID-Karte";Keine Angabe;;;AC Typ 2 Steckdose;11;;;;;;;;;;;;;;;;;;;;;;;49.782005, 9.996804
65;1048146;Stadtwerke Würzburg AG;;In Betrieb;Normalladeeinrichtung;1.0;11.0;01-01-05;Am Hubland;16;;97074;Würzburg;Kreisfreie Stadt Würzburg;Bayern;49.782005;9.996804;;Keine Beschränkung;"Onlinezahlungsverfahren;RFID-Karte";Keine Angabe;;;AC Typ 2 Steckdose;11;;;;;;;;;;;;;;;;;;;;;;;49.782005, 9.996804
66;1074986;Evio Mobility GmbH;;In Betrieb;Schnellladeeinrichtung;2.0;200.0;01-01-07;Am Hubland;16b;;97074;Würzburg;Kreisfreie Stadt Würzburg;Bayern;49.778504;9.966184;;;"Kreditkarte (Lesegerät);Kreditkarte (NFC);Debitkarte (Lesegerät);Debitkarte (NFC);Onlinezahlungsverfahren;RFID-Karte;Plug & Charge";Keine Angabe;;;DC Fahrzeugkupplung Typ Combo 2 (CCS);150;;;DC Fahrzeugkupplung Typ Combo 2 (CCS);150;;;;;;;;;;;;;;;;;;;49.778504, 9.966184
67;1081117;Stadtwerke Würzburg AG;;In Betrieb;Schnellladeeinrichtung;2.0;150.0;01-01-22;Leightonstr.;2;;97074;Würzburg;Kreisfreie Stadt Würzburg;Bayern;49.787047;9.980141;;Keine Beschränkung;"Onlinezahlungsverfahren;RFID-Karte;Kreditkarte (Lesegerät)";Keine Angabe;;;DC Fahrzeugkupplung Typ Combo 2 (CCS);150;;;DC Fahrzeugkupplung Typ Combo 2 (CCS);150;;;;;;;;;;;;;;;;;;;49.787047, 9.980141
68;1120174;Stadtwerke Würzburg AG;;In Betrieb;Normalladeeinrichtung;2.0;44.0;01-01-12;Lortzingstr.;1;;97074;Würzburg;Kreisfreie Stadt Würzburg;Bayern;49.78861;9.95592;;Keine Beschränkung;"Kreditkarte (Lesegerät);RFID-Karte;Onlinezahlungsverfahren";Keine Angabe;;;AC Typ 2 Steckdose;22;;;AC Typ 2 Steckdose;22;;;;;;;;;;;;;;;;;;;49.78861, 9.95592
69;1120914;Stadtwerke Würzburg AG;;In Betrieb;Normalladeeinrichtung;2.0;22.0;01-01-26;Am Galgenberg;49;;97074;Würzburg;Kreisfreie Stadt Würzburg;Bayern;49.787497;9.963786;;Keine Beschränkung;"Kreditkarte (NFC);Onlinezahlungsverfahren;RFID-Karte";Keine Angabe;;;AC Typ 2 Steckdose;22;;;AC Typ 2 Steckdose;22;;;;;;;;;;;;;;;;;;;49.787497, 9.963786
70;1120916;Stadtwerke Würzburg AG;;In Betrieb;Normalladeeinrichtung;2.0;22.0;01-01-26;Am Galgenberg;49;;97074;Würzburg;Kreisfreie Stadt Würzburg;Bayern;49.787497;9.963786;;Keine Beschränkung;"Kreditkarte (NFC);Onlinezahlungsverfahren;RFID-Karte";Keine Angabe;;;AC Typ 2 Steckdose;22;;;AC Typ 2 Steckdose;22;;;;;;;;;;;;;;;;;;;49.787497, 9.963786
71;1120917;Stadtwerke Würzburg AG;;In Betrieb;Normalladeeinrichtung;2.0;22.0;01-01-26;Am Galgenberg;49;;97074;Würzburg;Kreisfreie Stadt Würzburg;Bayern;49.787497;9.963786;;Keine Beschränkung;"Kreditkarte (NFC);RFID-Karte;Onlinezahlungsverfahren";Keine Angabe;;;AC Typ 2 Steckdose;22;;;AC Typ 2 Steckdose;22;;;;;;;;;;;;;;;;;;;49.787497, 9.963786
72;1120918;Stadtwerke Würzburg AG;;In Betrieb;Normalladeeinrichtung;2.0;22.0;01-01-26;Am Galgenberg;49;;97074;Würzburg;Kreisfreie Stadt Würzburg;Bayern;49.787497;9.963786;;Keine Beschränkung;"Kreditkarte (NFC);Onlinezahlungsverfahren;RFID-Karte";Keine Angabe;;;AC Typ 2 Steckdose;22;;;AC Typ 2 Steckdose;22;;;;;;;;;;;;;;;;;;;49.787497, 9.963786
73;1121503;Baudekor Leipzig GmbH;;In Betrieb;Normalladeeinrichtung;1.0;22.0;01-01-05;Kantstr.;48;;97074;Würzburg;Kreisfreie Stadt Würzburg;Bayern;49.774149;9.944616;;Keine Beschränkung;"Onlinezahlungsverfahren;RFID-Karte";247;"Montag; Dienstag; Mittwoch; Donnerstag; Freitag; Samstag; Sonntag";"00:00-23:59; 00:00-23:59; 00:00-23:59; 00:00-23:59; 00:00-23:59; 00:00-23:59; 00:00-23:59";AC Typ 2 Steckdose;22;;;;;;;;;;;;;;;;;;;;;;;49.774149, 9.944616
74;1126128;Stadtwerke Würzburg AG;;In Betrieb;Normalladeeinrichtung;2.0;22.0;01-01-30;Mariannhillstr.;6;;97074;Würzburg;Kreisfreie Stadt Würzburg;Bayern;49.794675;9.958031;;Keine Beschränkung;"RFID-Karte;Sonstige;Kreditkarte (Lesegerät)";Keine Angabe;;;AC Typ 2 Steckdose;22;;;AC Typ 2 Steckdose;22;;;;;;;;;;;;;;;;;;;49.794675, 9.958031
75;1126129;Stadtwerke Würzburg AG;;In Betrieb;Normalladeeinrichtung;2.0;22.0;01-01-30;Mariannhillstr.;6;;97074;Würzburg;Kreisfreie Stadt Würzburg;Bayern;49.794675;9.958031;;Keine Beschränkung;"Kreditkarte (Lesegerät);RFID-Karte;Sonstige";Keine Angabe;;;AC Typ 2 Steckdose;22;;;AC Typ 2 Steckdose;22;;;;;;;;;;;;;;;;;;;49.794675, 9.958031
76;1010635;SKZ KFE gGmbH;SKZ;In Betrieb;Normalladeeinrichtung;4.0;22.0;01-01-26;Friedrich-Bergius-Ring;21;;97076;Würzburg;Kreisfreie Stadt Würzburg;Bayern;49.80347;10.00173;;;Onlinezahlungsverfahren;Keine Angabe;;;AC Typ 2 Fahrzeugkupplung;22;;3059 3013 0607 2A86 48CE 3D02 0106 082A 8648 CE3D 0301 0703 4200 0453 7F43 C867 11BA 72AA EFAF C765 D5A1 E6BD 21D9 161D 87C7 BD7D A71D 9588 9CF4 BEC2 19CE 383D AB36 CD95 3AE5 360E 9FF3 6CDC B828 0F93 9A04 8A3C 17AC E11B 810E 00;AC Typ 2 Fahrzeugkupplung;22;;3059 3013 0607 2A86 48CE 3D02 0106 082A 8648 CE3D 0301 0703 4200 0484 C2C8 A934 6A3D 118F 8B2C 5FC2 B69A D847 7312 B46F 109A 86E4 F89C BBF2 2E75 347C D1CC 83FD 96BF 6850 6E45 9B42 04BB F3F0 66AC C687 CC8A 5636 1B15 F315 BE07 29;AC Typ 2 Fahrzeugkupplung;22.0;;3059 3013 0607 2A86 48CE 3D02 0106 082A 8648 CE3D 0301 0703 4200 04CC 1260 4353 D15B 158C 181F E349 D3C7 A57E 35AC D448 4FEA F65A 3A05 DF70 DF8F DC14 B182 489F B532 313A 1E60 B970 25F6 F074 98B4 1352 95D2 74C6 67A0 8201 BABE 45;AC Typ 2 Fahrzeugkupplung;22.0;;3059 3013 0607 2A86 48CE 3D02 0106 082A 8648 CE3D 0301 0703 4200 04B7 56A8 9E78 3FFa E970 8A81 F5D4 202C C918 8A50 E220 E1C9 912F 1026 FDA8 1B8F 5CD7 046C 3545 FB67 9423 94FF 74A8 64A1 4478 CODE A7DD 58F9 E804 9D4B FA8D BDA0 95;;;;;;;;;49.80347, 10.00173
77;1010638;SKZ Testing GmbH;SKZ-Testing;In Betrieb;Normalladeeinrichtung;4.0;22.0;01-01-26;Friedrich-Bergius-Ring;22;;97076;Würzburg;Kreisfreie Stadt Würzburg;Bayern;49.80304;10.00048;;;Onlinezahlungsverfahren;Keine Angabe;;;AC Typ 2 Steckdose;22;;3059 3013 0607 2A86 48CE 3D02 0106 082A 8648 CE3D 0301 0703 4200 04CE E76F 09E3 0546 9C66 2951 6B73 D2F2 725C A56F 07D9 0F6A C62B 4695 7898 5B75 4068 B338 6F57 5BC6 07F1 0DC6 CD09 6BC0 BC08 3DF4 CED7 7633 907B 9578 8AED 66BB EB;AC Typ 2 Steckdose;22;;3059 3013 0607 2A86 48CE 3D02 0106 082A 8648 CE3D 0301 0703 4200 0481 398A EEAE E3DE FB1E 81D2 669B 535F 99E0 A2D3 B720 0EB2 F865 1C58 2362 2C2E B4CA 6A51 F7EF ED3A 1DD1 E81E 6F06 EA3B 7AD2 3665 46E2 3418 0C77 56E1 B043 A9B5 14;AC Typ 2 Steckdose;22.0;;3059 3013 0607 2A86 48CE 3D02 0106 082A 8648 CE3D 0301 0703 4200 0429 D8D8 23C9 961C ECF1 E574 A962 B734 67E4 F6A4 2728 9CC2 3468 CCAE 759C 6486 2E5D C5AE EACF DA67 CB0A 1EBE 173E 5316 C2DB 4F21 FBF8 07B2 7004 8BA2 811C 4303 25;AC Typ 2 Steckdose;22.0;;3059 3013 0607 2A86 48CE 3D02 0106 082A 8648 CE3D 0301 0703 4200 0446 7CCB 7222 04B2 484F F707 E691 987E 5850 398E 5B87 E2C6 2A20 06F3 1FEA 201E B43A 89B2 5283 8D16 EA88 3FDF D1AC EF45 D546 83BF 8A3F 0AA5 4855 DAD5 B5BC 57C5 26;;;;;;;;;49.80304, 10.00048
78;1010639;SKZ Testing GmbH;SKZ-Testing;In Betrieb;Normalladeeinrichtung;2.0;22.0;01-01-26;Friedrich-Bergius-Ring;22;;97076;Würzburg;Kreisfreie Stadt Würzburg;Bayern;49.80304;10.00048;;;Onlinezahlungsverfahren;Keine Angabe;;;AC Typ 2 Steckdose;22;;3059 3013 0607 2A86 48CE 3D02 0106 082A 8648 CE3D 0301 0703 4200 04B3 E1E4 0AEE 387B 38F8 E035 2A0D C049 B2DC 0E70 BFD1 40C5 44D9 ED1E 22C0 B1CB 2B7C 6BE3 1357 3DB7 46A1 9153 532F 633F A12C B485 BA23 463C 99A1 0480 D5FD 7746 07;AC Typ 2 Steckdose;22;;3059 3013 0607 2A86 48CE 3D02 0106 082A 8648 CE3D 0301 0703 4200 04EF C714 B701 991F B293 31AB C72B 2BEE 0799 D81F 1601 FD8C 67B8 1748 C2DE C4F7 CF98 5C0F 1173 37E3 7AA6 191B B803 5AC8 5958 97D2 A68B 4F2C 7C41 CF8D B67C 7759 CF;;;;;;;;;;;;;;;;;49.80304, 10.00048
79;1010640;SKZ Testing GmbH;SKZ-Testing;In Betrieb;Normalladeeinrichtung;4.0;22.0;01-01-26;Friedrich-Bergius-Ring;22;;97076;Würzburg;Kreisfreie Stadt Würzburg;Bayern;49.80315;9.99918;;;Onlinezahlungsverfahren;Keine Angabe;;;AC Typ 2 Steckdose;22;;3059 3013 0607 2A86 48CE 3D02 0106 082A 8648 CE3D 0301 0703 4200 0485 CE23 F262 36E4 48E1 A929 51A1 0FE5 333F 1E76 BC9A DC29 B1AA 39AC 4602 FA76 8A04 9585 4A72 F41B BEEF 4FAA A720 E437 6CCC 1F99 BD93 DEC5 7826 299A 40C3 61EA 8B;AC Typ 2 Steckdose;22;;3059 3013 0607 2A86 48CE 3D02 0106 082A 8648 CE3D 0301 0703 4200 04A9 AF86 CAE6 06B6 22A9 797E 7A3E 7CF4 093A F25D EFC5 18FA 8CC5 C1C9 B7CC 36BE EEB9 634B 0448 9A60 57F1 8D4E 74D3 7344 81E4 8BFF F357 0EEB A0E0 CAAB 43CB 6491 42;AC Typ 2 Steckdose;22.0;;3059 3013 0607 2A86 48CE 3D02 0106 082A 8648 CE3D 0301 0703 4200 040B E36B AD9B 0C72 68E7 958F 7B67 3BBA 8540 DB4A F99D 540B 1DC7 00D5 8134 1920 4EE5 D0D9 3FAB 9086 803D 7748 8239 21BF ECB4 6004 482C FB66 F4FE 745E 480C CC2A 00;AC Typ 2 Steckdose;22.0;;3059 3013 0607 2A86 48CE 3D02 0106 082A 8648 CE3D 0301 0703 4200 042F 4491 03C8 B3E8 B886 CB73 9EFE E5CF 77B6 E540 EA23 0487 E2F3 D4E9 B160 7466 9126 46C7 88A8 EA62 04CB EC5D C192 45FD A76A B5FD 29D4 030A F139 A0CE CB2F 8C56 EF;;;;;;;;;49.80315, 9.99918
80;1021789;EWE Go GmbH;EWE Go GmbH;In Betrieb;Schnellladeeinrichtung;2.0;300.0;01-01-29;Faulenbergstr.;1;;97076;Würzburg;Kreisfreie Stadt Würzburg;Bayern;49.797603;9.987159;;;Onlinezahlungsverfahren;Keine Angabe;;;DC Fahrzeugkupplung Typ Combo 2 (CCS);300;;;DC Fahrzeugkupplung Typ Combo 2 (CCS);300;;;;;;;;;;;;;;;;;;;49.797603, 9.987159
81;1027407;EnBW mobility+ AG und Co.KG;;In Betrieb;Schnellladeeinrichtung;2.0;150.0;01-01-29;Nürnberger Straße;133;;97076;Würzburg;Kreisfreie Stadt Würzburg;Bayern;49.79388;10.00296;;;"Onlinezahlungsverfahren;RFID-Karte;Sonstige";Keine Angabe;;;DC Fahrzeugkupplung Typ Combo 2 (CCS);150;;;DC Fahrzeugkupplung Typ Combo 2 (CCS);150;;;;;;;;;;;;;;;;;;;49.79388, 10.00296
82;1027408;EnBW mobility+ AG und Co.KG;;In Betrieb;Schnellladeeinrichtung;2.0;150.0;01-01-29;Nürnberger Straße;133;;97076;Würzburg;Kreisfreie Stadt Würzburg;Bayern;49.79388;10.00296;;;"Onlinezahlungsverfahren;RFID-Karte;Sonstige";Keine Angabe;;;DC Fahrzeugkupplung Typ Combo 2 (CCS);150;;;DC Fahrzeugkupplung Typ Combo 2 (CCS);150;;;;;;;;;;;;;;;;;;;49.79388, 10.00296
83;1027409;EnBW mobility+ AG und Co.KG;;In Betrieb;Schnellladeeinrichtung;2.0;150.0;01-01-29;Nürnberger Straße;133;;97076;Würzburg;Kreisfreie Stadt Würzburg;Bayern;49.79388;10.00296;;;"Onlinezahlungsverfahren;RFID-Karte;Sonstige";Keine Angabe;;;DC Fahrzeugkupplung Typ Combo 2 (CCS);150;;;DC Fahrzeugkupplung Typ Combo 2 (CCS);150;;;;;;;;;;;;;;;;;;;49.79388, 10.00296
84;1027410;EnBW mobility+ AG und Co.KG;;In Betrieb;Schnellladeeinrichtung;2.0;300.0;01-01-29;Nürnberger Straße;133;;97076;Würzburg;Kreisfreie Stadt Würzburg;Bayern;49.79388;10.00296;;;"Onlinezahlungsverfahren;RFID-Karte;Sonstige";Keine Angabe;;;DC Fahrzeugkupplung Typ Combo 2 (CCS);300;;;DC Fahrzeugkupplung Typ Combo 2 (CCS);300;;;;;;;;;;;;;;;;;;;49.79388, 10.00296
85;1040873;Stadtwerke Würzburg AG;;In Betrieb;Normalladeeinrichtung;2.0;33.0;01-01-30;Nürnberger Str.;126;;97076;Würzburg;Kreisfreie Stadt Würzburg;Bayern;49.795804;10.000048;;;;Keine Angabe;;;AC Typ 2 Steckdose;22;;;AC Typ 2 Steckdose;22;;;;;;;;;;;;;;;;;;;49.795804, 10.000048
86;1040896;Stadtwerke Würzburg AG;;In Betrieb;Normalladeeinrichtung;2.0;44.0;01-01-05;Herrnhofstraße;14;;97076;Würzburg;Kreisfreie Stadt Würzburg;Bayern;49.810509;9.985893;;;"Onlinezahlungsverfahren;RFID-Karte";Keine Angabe;;;AC Typ 2 Steckdose;22;;;AC Typ 2 Steckdose;22;;;;;;;;;;;;;;;;;;;49.810509, 9.985893
87;1040911;Stadtwerke Würzburg AG;;In Betrieb;Schnellladeeinrichtung;2.0;150.0;01-01-17;Am Handelshof;19;;97076;Würzburg;Kreisfreie Stadt Würzburg;Bayern;49.818515;9.986064;;;"Onlinezahlungsverfahren;RFID-Karte";Keine Angabe;;;DC Fahrzeugkupplung Typ Combo 2 (CCS);150;;;DC Fahrzeugkupplung Typ Combo 2 (CCS);150;;;;;;;;;;;;;;;;;;;49.818515, 9.986064
88;1040936;Stadtwerke Würzburg AG;;In Betrieb;Schnellladeeinrichtung;2.0;150.0;01-01-14;Nürnbergerstraße;57;;97076;Würzburg;Kreisfreie Stadt Würzburg;Bayern;49.796359;9.977662;;;"Onlinezahlungsverfahren;RFID-Karte";Keine Angabe;;;DC Fahrzeugkupplung Typ Combo 2 (CCS);150;;;DC Fahrzeugkupplung Typ Combo 2 (CCS);150;;;;;;;;;;;;;;;;;;;49.796359, 9.977662
89;1040952;Stadtwerke Würzburg AG;;In Betrieb;Schnellladeeinrichtung;2.0;150.0;01-01-29;Louis-Pasteur-Straße;7;;97076;Würzburg;Kreisfreie Stadt Würzburg;Bayern;49.793918;9.996757;;;"Onlinezahlungsverfahren;RFID-Karte";Keine Angabe;;;DC Fahrzeugkupplung Typ Combo 2 (CCS);150;;;DC Fahrzeugkupplung Typ Combo 2 (CCS);150;;;;;;;;;;;;;;;;;;;49.793918, 9.996757
90;1050765;Pfalzwerke AG;Pfalzwerke AG;In Betrieb;Schnellladeeinrichtung;2.0;300.0;01-01-25;Am Handelshof;9;;97076;Würzburg;Kreisfreie Stadt Würzburg;Bayern;49.816082;9.981394;;;"Onlinezahlungsverfahren;RFID-Karte;Sonstige";Keine Angabe;;;DC Fahrzeugkupplung Typ Combo 2 (CCS);300;;;DC Fahrzeugkupplung Typ Combo 2 (CCS);300;;;;;;;;;;;;;;;;;;;49.816082, 9.981394
91;1050766;Pfalzwerke AG;Pfalzwerke AG;In Betrieb;Schnellladeeinrichtung;2.0;300.0;01-01-25;Am Handelshof;5;;97076;Würzburg;Kreisfreie Stadt Würzburg;Bayern;49.816114;9.981422;;;"Onlinezahlungsverfahren;RFID-Karte;Sonstige";Keine Angabe;;;DC Fahrzeugkupplung Typ Combo 2 (CCS);300;;;DC Fahrzeugkupplung Typ Combo 2 (CCS);300;;;;;;;;;;;;;;;;;;;49.816114, 9.981422
92;1050767;Pfalzwerke AG;Pfalzwerke AG;In Betrieb;Schnellladeeinrichtung;2.0;150.0;01-01-25;Am Handelshof;5;;97076;Würzburg;Kreisfreie Stadt Würzburg;Bayern;49.816143;9.981461;;;"Onlinezahlungsverfahren;RFID-Karte;Sonstige";Keine Angabe;;;DC Fahrzeugkupplung Typ Combo 2 (CCS);150;;;DC Fahrzeugkupplung Typ Combo 2 (CCS);150;;;;;;;;;;;;;;;;;;;49.816143, 9.981461
93;1050768;Pfalzwerke AG;Pfalzwerke AG;In Betrieb;Normalladeeinrichtung;2.0;22.0;01-01-25;Am Handelshof;5;;97076;Würzburg;Kreisfreie Stadt Würzburg;Bayern;49.815984;9.981261;;;"Onlinezahlungsverfahren;RFID-Karte;Sonstige";Keine Angabe;;;AC Typ 2 Steckdose;22;;;AC Typ 2 Steckdose;22;;;;;;;;;;;;;;;;;;;49.815984, 9.981261
94;1050872;Pfalzwerke AG;Pfalzwerke AG;In Betrieb;Schnellladeeinrichtung;2.0;300.0;01-01-05;Robert-Bunsen-Straße;4;;97076;Würzburg;Kreisfreie Stadt Würzburg;Bayern;49.797215;9.99132;;;"Onlinezahlungsverfahren;RFID-Karte;Sonstige";Keine Angabe;;;DC Fahrzeugkupplung Typ Combo 2 (CCS);300;;;DC Fahrzeugkupplung Typ Combo 2 (CCS);300;;;;;;;;;;;;;;;;;;;49.797215, 9.99132
95;1050873;Pfalzwerke AG;Pfalzwerke AG;In Betrieb;Schnellladeeinrichtung;2.0;300.0;01-01-05;Robert-Bunsen-Straße;4;;97076;Würzburg;Kreisfreie Stadt Würzburg;Bayern;49.797233;9.991266;;;"Onlinezahlungsverfahren;RFID-Karte;Sonstige";Keine Angabe;;;DC Fahrzeugkupplung Typ Combo 2 (CCS);300;;;DC Fahrzeugkupplung Typ Combo 2 (CCS);300;;;;;;;;;;;;;;;;;;;49.797233, 9.991266
96;1050874;Pfalzwerke AG;Pfalzwerke AG;In Betrieb;Normalladeeinrichtung;2.0;22.0;01-01-05;Robert-Bunsen-Straße;4;;97076;Würzburg;Kreisfreie Stadt Würzburg;Bayern;49.797274;9.991353;;;"Onlinezahlungsverfahren;RFID-Karte;Sonstige";Keine Angabe;;;AC Typ 2 Steckdose;22;;;AC Typ 2 Steckdose;22;;;;;;;;;;;;;;;;;;;49.797274, 9.991353
97;1050875;Pfalzwerke AG;Pfalzwerke AG;In Betrieb;Normalladeeinrichtung;2.0;22.0;01-01-05;Robert-Bunsen-Straße;4;;97076;Würzburg;Kreisfreie Stadt Würzburg;Bayern;49.797259;9.991337;;;"Onlinezahlungsverfahren;RFID-Karte;Sonstige";Keine Angabe;;;AC Typ 2 Steckdose;22;;;AC Typ 2 Steckdose;22;;;;;;;;;;;;;;;;;;;49.797259, 9.991337
98;1062937;Autohaus Heermann und Rhein GmbH;;In Betrieb;Schnellladeeinrichtung;2.0;97.0;01-01-15;Louis-Pasteur-Str.;14;;97076;Würzburg;Kreisfreie Stadt Würzburg;Bayern;49.79266;9.998191;Rhein Würzburg -Zweigniederlassung der Heermann & Rhein GmbH;Nur für Kunden/Besucher;"RFID-Karte;Onlinezahlungsverfahren";Keine Angabe;;;DC Fahrzeugkupplung Typ Combo 2 (CCS);75;;3056301006072A8648CE3D020106052B8104000A034200043DFBABAFA34CABF9D3FABE46142C6FB361E821D7586FB76110A5A672DC5E20175DFECBE3B1D212EF4B10AE48E74910D2D3358F2AD89D579F1989883D59F46B7A;AC Typ 2 Steckdose;22;;3056301006072A8648CE3D020106052B8104000A034200040D1B3A26E80BF7A85CF127D9819619A0C5C773B6811AF7F4E2DD0A5121C1C0AAAEE3A6AC6B998B65B114948CDDFE71BAB9C7B64671EA95F699FED6E0FC308E21;;;;;;;;;;;;;;;;;49.79266, 9.998191
99;1064350;Kaufland Dienstleistung GmbH & Co. KG;Kaufland;In Betrieb;Schnellladeeinrichtung;3.0;82.0;01-01-13;Industriestraße;3-5;KLAND_4873_T65-IT1-4622-064;97076;Würzburg-Lengenfeld;Kreisfreie Stadt Würzburg;Bayern;49.81246;9.9778;;;Onlinezahlungsverfahren;Keine Angabe;;;AC Typ 2 Steckdose;22;;;DC Fahrzeugkupplung Typ Combo 2 (CCS);60;;;DC Fahrzeugkupplung Typ Combo 2 (CCS);60.0;;;;;;;;;;;;;;;49.81246, 9.9778
100;1064351;Kaufland Dienstleistung GmbH & Co. KG;Kaufland;In Betrieb;Schnellladeeinrichtung;3.0;82.0;01-01-13;Industriestraße;3-5;KLAND_4873_T65-IT1-4622-064;97076;Würzburg-Lengenfeld;Kreisfreie Stadt Würzburg;Bayern;49.81246;9.9778;;;Onlinezahlungsverfahren;Keine Angabe;;;AC Typ 2 Steckdose;22;;;DC Fahrzeugkupplung Typ Combo 2 (CCS);60;;;DC Fahrzeugkupplung Typ Combo 2 (CCS);60.0;;;;;;;;;;;;;;;49.81246, 9.9778
101;1069784;Team elektro Beck GmbH & Co KG;BECK Ladepark;In Betrieb;Normalladeeinrichtung;4.0;44.0;;Friedrich Bergius Ring;1;;97076;Würzburg;Kreisfreie Stadt Würzburg;Bayern;49.8001;9.99664;;;"Kreditkarte (Lesegerät);Kreditkarte (NFC);Debitkarte (Lesegerät);Debitkarte (NFC);Onlinezahlungsverfahren";Keine Angabe;;;AC Typ 2 Fahrzeugkupplung;11;;;AC Typ 2 Fahrzeugkupplung;11;;;AC Typ 2 Fahrzeugkupplung;11.0;;;AC Typ 2 Fahrzeugkupplung;11.0;;;;;;;;;;;49.8001, 9.99664
102;1071476;Team Elektro Beck GmbH & Co. KG;;In Betrieb;Normalladeeinrichtung;1.0;22.0;;Nürnberger Straße;111;;97076;Würzburg;Kreisfreie Stadt Würzburg;Bayern;49.798999;9.994702;;;"Kreditkarte (Lesegerät);Kreditkarte (NFC);Debitkarte (Lesegerät);Debitkarte (NFC);Onlinezahlungsverfahren;RFID-Karte";Keine Angabe;;;AC Typ 2 Fahrzeugkupplung;22;;;;;;;;;;;;;;;;;;;;;;;49.798999, 9.994702
103;1071477;Team Elektro Beck GmbH & Co. KG;;In Betrieb;Normalladeeinrichtung;1.0;22.0;;Nürnberger Straße;111;;97076;Würzburg;Kreisfreie Stadt Würzburg;Bayern;49.798999;9.994702;;;"Kreditkarte (Lesegerät);Kreditkarte (NFC);Debitkarte (Lesegerät);Debitkarte (NFC);Onlinezahlungsverfahren;RFID-Karte";Keine Angabe;;;AC Typ 2 Fahrzeugkupplung;22;;;;;;;;;;;;;;;;;;;;;;;49.798999, 9.994702
104;1071478;Team Elektro Beck GmbH & Co. KG;;In Betrieb;Normalladeeinrichtung;1.0;22.0;;Nürnberger Straße;111;;97076;Würzburg;Kreisfreie Stadt Würzburg;Bayern;49.798999;9.994702;;;"Kreditkarte (Lesegerät);Kreditkarte (NFC);Debitkarte (Lesegerät);Debitkarte (NFC);Onlinezahlungsverfahren;RFID-Karte";Keine Angabe;;;AC Typ 2 Fahrzeugkupplung;22;;;;;;;;;;;;;;;;;;;;;;;49.798999, 9.994702
105;1071479;Team Elektro Beck GmbH & Co. KG;;In Betrieb;Normalladeeinrichtung;1.0;22.0;;Nürnberger Straße;111;;97076;Würzburg;Kreisfreie Stadt Würzburg;Bayern;49.798999;9.994702;;;"Kreditkarte (Lesegerät);Kreditkarte (NFC);Debitkarte (Lesegerät);Debitkarte (NFC);Onlinezahlungsverfahren;RFID-Karte";Keine Angabe;;;AC Typ 2 Fahrzeugkupplung;22;;;;;;;;;;;;;;;;;;;;;;;49.798999, 9.994702
106;1071480;Team Elektro Beck GmbH & Co. KG;;In Betrieb;Normalladeeinrichtung;1.0;11.0;;Nürnberger Straße;111;;97076;Würzburg;Kreisfreie Stadt Würzburg;Bayern;49.798999;9.994702;;;"Kreditkarte (Lesegerät);Kreditkarte (NFC);Debitkarte (Lesegerät);Debitkarte (NFC);Onlinezahlungsverfahren;RFID-Karte";Keine Angabe;;;AC Typ 2 Fahrzeugkupplung;11;;;;;;;;;;;;;;;;;;;;;;;49.798999, 9.994702
107;1071481;Team Elektro Beck GmbH & Co. KG;;In Betrieb;Normalladeeinrichtung;1.0;11.0;;Nürnberger Straße;111;;97076;Würzburg;Kreisfreie Stadt Würzburg;Bayern;49.798999;9.994702;;;"Kreditkarte (Lesegerät);Kreditkarte (NFC);Debitkarte (Lesegerät);Debitkarte (NFC);Onlinezahlungsverfahren;RFID-Karte";Keine Angabe;;;AC Typ 2 Fahrzeugkupplung;11;;;;;;;;;;;;;;;;;;;;;;;49.798999, 9.994702
108;1071482;Team Elektro Beck GmbH & Co. KG;;In Betrieb;Normalladeeinrichtung;1.0;11.0;;Nürnberger Straße;111;;97076;Würzburg;Kreisfreie Stadt Würzburg;Bayern;49.798999;9.994702;;;"Kreditkarte (Lesegerät);Kreditkarte (NFC);Debitkarte (Lesegerät);Debitkarte (NFC);Onlinezahlungsverfahren;RFID-Karte";Keine Angabe;;;AC Typ 2 Fahrzeugkupplung;11;;;;;;;;;;;;;;;;;;;;;;;49.798999, 9.994702
109;1071483;Team Elektro Beck GmbH & Co. KG;;In Betrieb;Normalladeeinrichtung;1.0;11.0;;Nürnberger Straße;111;;97076;Würzburg;Kreisfreie Stadt Würzburg;Bayern;49.798999;9.994702;;;"Kreditkarte (Lesegerät);Kreditkarte (NFC);Debitkarte (Lesegerät);Debitkarte (NFC);Onlinezahlungsverfahren;RFID-Karte";Keine Angabe;;;AC Typ 2 Fahrzeugkupplung;11;;;;;;;;;;;;;;;;;;;;;;;49.798999, 9.994702
110;1081455;Autohaus Heermann und Rhein GmbH;;In Betrieb;Normalladeeinrichtung;2.0;44.0;01-01-24;Louis-Pasteur-Str.;12;;97076;Würzburg;Kreisfreie Stadt Würzburg;Bayern;49.793359;9.996365;;;;Keine Angabe;;;AC Typ 2 Steckdose;22;;;AC Typ 2 Steckdose;22;;;;;;;;;;;;;;;;;;;49.793359, 9.996365
111;1084102;Stoy Automobile GmbH;;In Betrieb;Normalladeeinrichtung;4.0;11.0;01-01-31;Industriestrasse;1;;97076;Würzburg;Kreisfreie Stadt Würzburg;Bayern;49.811213;9.97645;;;"Kreditkarte (Lesegerät);Kreditkarte (NFC);Onlinezahlungsverfahren;RFID-Karte";Keine Angabe;;;AC Typ 2 Steckdose;11;;;AC Typ 2 Steckdose;11;;;AC Typ 2 Steckdose;11.0;;;AC Typ 2 Steckdose;11.0;;;;;;;;;;;49.811213, 9.97645
112;1116358;Daimler Truck AG;;In Betrieb;Normalladeeinrichtung;2.0;44.0;01-01-20;Kitzinger Str.;62;;97076;Würzburg;Kreisfreie Stadt Würzburg;Bayern;49.791787;10.000815;Daimler Truck AG | Center Würzburg;Keine Beschränkung;Onlinezahlungsverfahren;247;"Montag; Dienstag; Mittwoch; Donnerstag; Freitag; Samstag; Sonntag";"00:00-23:59; 00:00-23:59; 00:00-23:59; 00:00-23:59; 00:00-23:59; 00:00-23:59; 00:00-23:59";AC Typ 2 Fahrzeugkupplung;22;6913815;;AC Typ 2 Fahrzeugkupplung;22;6913815;;;;;;;;;;;;;;;;;;49.791787, 10.000815
113;1116360;Daimler Truck AG;;In Betrieb;Normalladeeinrichtung;2.0;44.0;01-01-20;Kitzinger Str.;62;;97076;Würzburg;Kreisfreie Stadt Würzburg;Bayern;49.791741;10.000738;Daimler Truck AG | Center Würzburg;Keine Beschränkung;Onlinezahlungsverfahren;247;"Montag; Dienstag; Mittwoch; Donnerstag; Freitag; Samstag; Sonntag";"00:00-23:59; 00:00-23:59; 00:00-23:59; 00:00-23:59; 00:00-23:59; 00:00-23:59; 00:00-23:59";AC Typ 2 Fahrzeugkupplung;22;6913835;;AC Typ 2 Fahrzeugkupplung;22;6913835;;;;;;;;;;;;;;;;;;49.791741, 10.000738
114;1116363;Daimler Truck AG;;In Betrieb;Normalladeeinrichtung;2.0;44.0;01-01-20;Kitzinger Str.;62;;97076;Würzburg;Kreisfreie Stadt Würzburg;Bayern;49.791686;10.000641;Daimler Truck AG | Center Würzburg;Keine Beschränkung;Onlinezahlungsverfahren;247;"Montag; Dienstag; Mittwoch; Donnerstag; Freitag; Samstag; Sonntag";"00:00-23:59; 00:00-23:59; 00:00-23:59; 00:00-23:59; 00:00-23:59; 00:00-23:59; 00:00-23:59";AC Typ 2 Fahrzeugkupplung;22;6913845;;AC Typ 2 Fahrzeugkupplung;22;6913845;;;;;;;;;;;;;;;;;;49.791686, 10.000641
115;1116391;Stadtwerke Würzburg AG;;In Betrieb;Schnellladeeinrichtung;2.0;300.0;01-01-21;Nürnberger Str.;107;;97076;Würzburg;Kreisfreie Stadt Würzburg;Bayern;49.798475;9.990487;;Keine Beschränkung;"RFID-Karte;Kreditkarte (Lesegerät);Onlinezahlungsverfahren";Keine Angabe;;;DC Fahrzeugkupplung Typ Combo 2 (CCS);150;;;DC Fahrzeugkupplung Typ Combo 2 (CCS);150;;;;;;;;;;;;;;;;;;;49.798475, 9.990487
116;1116392;Stadtwerke Würzburg AG;;In Betrieb;Schnellladeeinrichtung;2.0;300.0;01-01-21;Nürnberger Str.;107;;97076;Würzburg;Kreisfreie Stadt Würzburg;Bayern;49.798475;9.990487;;Keine Beschränkung;"Kreditkarte (Lesegerät);Onlinezahlungsverfahren;RFID-Karte";Keine Angabe;;;DC Fahrzeugkupplung Typ Combo 2 (CCS);150;;;DC Fahrzeugkupplung Typ Combo 2 (CCS);150;;;;;;;;;;;;;;;;;;;49.798475, 9.990487
117;1117280;Daimler Truck AG;;In Betrieb;Schnellladeeinrichtung;2.0;300.0;01-01-20;Kitzinger Str.;62;;97076;Würzburg;Kreisfreie Stadt Würzburg;Bayern;49.791714;10.001147;Daimler Truck AG | Center Würzburg;Keine Beschränkung;"Kreditkarte (NFC);Debitkarte (NFC)";247;"Montag; Dienstag; Mittwoch; Donnerstag; Freitag; Samstag; Sonntag";"00:00-23:59; 00:00-23:59; 00:00-23:59; 00:00-23:59; 00:00-23:59; 00:00-23:59; 00:00-23:59";DC Fahrzeugkupplung Typ Combo 2 (CCS);150;6974205;;DC Fahrzeugkupplung Typ Combo 2 (CCS);150;6974205;;;;;;;;;;;;;;;;;;49.791714, 10.001147
118;1027387;EnBW mobility+ AG und Co.KG;;In Betrieb;Schnellladeeinrichtung;2.0;150.0;01-01-28;Mainfrankenhöhe;12;;97078;Würzburg;Kreisfreie Stadt Würzburg;Bayern;49.82055;9.97913;;;"Onlinezahlungsverfahren;RFID-Karte;Sonstige";Keine Angabe;;;DC Fahrzeugkupplung Typ Combo 2 (CCS);150;;;DC Fahrzeugkupplung Typ Combo 2 (CCS);150;;;;;;;;;;;;;;;;;;;49.82055, 9.97913
119;1027388;EnBW mobility+ AG und Co.KG;;In Betrieb;Schnellladeeinrichtung;2.0;150.0;01-01-28;Mainfrankenhöhe;12;;97078;Würzburg;Kreisfreie Stadt Würzburg;Bayern;49.82055;9.97913;;;"Onlinezahlungsverfahren;RFID-Karte;Sonstige";Keine Angabe;;;DC Fahrzeugkupplung Typ Combo 2 (CCS);150;;;DC Fahrzeugkupplung Typ Combo 2 (CCS);150;;;;;;;;;;;;;;;;;;;49.82055, 9.97913
120;1027389;EnBW mobility+ AG und Co.KG;;In Betrieb;Schnellladeeinrichtung;3.0;150.0;01-01-28;Mainfrankenhöhe;12;;97078;Würzburg;Kreisfreie Stadt Würzburg;Bayern;49.82055;9.97913;;;"Onlinezahlungsverfahren;RFID-Karte;Sonstige";Keine Angabe;;;DC Fahrzeugkupplung Typ Combo 2 (CCS);150;;;DC Fahrzeugkupplung Typ Combo 2 (CCS);150;;;AC Typ 2 Steckdose;22.0;;;;;;;;;;;;;;;49.82055, 9.97913
121;1027390;EnBW mobility+ AG und Co.KG;;In Betrieb;Schnellladeeinrichtung;2.0;300.0;01-01-28;Mainfrankenhöhe;12;;97078;Würzburg;Kreisfreie Stadt Würzburg;Bayern;49.82055;9.97913;;;"Onlinezahlungsverfahren;RFID-Karte;Sonstige";Keine Angabe;;;DC Fahrzeugkupplung Typ Combo 2 (CCS);300;;;DC Fahrzeugkupplung Typ Combo 2 (CCS);300;;;;;;;;;;;;;;;;;;;49.82055, 9.97913
122;1040890;Stadtwerke Würzburg AG;;In Betrieb;Normalladeeinrichtung;2.0;44.0;01-01-16;Erwin-Wolf-Platz;1;;97078;Würzburg;Kreisfreie Stadt Würzburg;Bayern;49.819984;9.964604;;;"Onlinezahlungsverfahren;RFID-Karte;Sonstige";Keine Angabe;;;AC Typ 2 Steckdose;22;;;AC Typ 2 Steckdose;22;;;;;;;;;;;;;;;;;;;49.819984, 9.964604
123;1040929;Stadtwerke Würzburg AG;;In Betrieb;Normalladeeinrichtung;2.0;44.0;01-01-10;Steinleinstraße;3A;;97078;Würzburg;Kreisfreie Stadt Würzburg;Bayern;49.813367;9.961315;;;"Onlinezahlungsverfahren;RFID-Karte";Keine Angabe;;;AC Typ 2 Steckdose;22;;;AC Typ 2 Steckdose;22;;;;;;;;;;;;;;;;;;;49.813367, 9.961315
124;1040949;Stadtwerke Würzburg AG;;In Betrieb;Normalladeeinrichtung;2.0;44.0;01-01-10;Oberer Kühlenberg;25;;97078;Würzburg;Kreisfreie Stadt Würzburg;Bayern;49.822409;9.969377;;;"Onlinezahlungsverfahren;RFID-Karte";Keine Angabe;;;AC Typ 2 Steckdose;22;;;AC Typ 2 Steckdose;22;;;;;;;;;;;;;;;;;;;49.822409, 9.969377
125;1040950;Stadtwerke Würzburg AG;;In Betrieb;Normalladeeinrichtung;2.0;44.0;01-01-10;Versbacher Röthe;48;;97078;Würzburg;Kreisfreie Stadt Würzburg;Bayern;49.817511;9.960685;;Keine Beschränkung;"Onlinezahlungsverfahren;RFID-Karte";Keine Angabe;;;AC Typ 2 Steckdose;22;;;AC Typ 2 Steckdose;22;;;;;;;;;;;;;;;;;;;49.817511, 9.960685
126;1062997;Stadtwerke Würzburg AG;;In Betrieb;Normalladeeinrichtung;2.0;44.0;01-01-02;Am Schwarzenberg;16;;97078;Würzburg;Kreisfreie Stadt Würzburg;Bayern;49.811019;9.958702;;Keine Beschränkung;"Onlinezahlungsverfahren;RFID-Karte";Keine Angabe;;;AC Typ 2 Steckdose;22;;;AC Typ 2 Steckdose;22;;;;;;;;;;;;;;;;;;;49.811019, 9.958702
127;1078012;Stadtwerke Würzburg AG;;In Betrieb;Normalladeeinrichtung;2.0;44.0;01-01-10;Am Schwarzenberg;11;;97078;Würzburg;Kreisfreie Stadt Würzburg;Bayern;49.810661;9.961732;;Keine Beschränkung;"Onlinezahlungsverfahren;RFID-Karte;";Keine Angabe;;;AC Typ 2 Steckdose;22;;;AC Typ 2 Steckdose;22;;;;;;;;;;;;;;;;;;;49.810661, 9.961732
128;1091145;Helmut Rummel;;In Betrieb;Normalladeeinrichtung;1.0;11.0;;Banatstr.;19;;97078;Würzburg;Kreisfreie Stadt Würzburg;Bayern;49.813991;9.96673;;;Kostenlos;Keine Angabe;;;AC Typ 2 Steckdose;11;;;;;;;;;;;;;;;;;;;;;;;49.813991, 9.96673
129;1009157;Shell Deutschland GmbH;;In Betrieb;Schnellladeeinrichtung;2.0;360.0;01-01-17;Schweinfurter Str.;5;;97080;Würzburg;Kreisfreie Stadt Würzburg;Bayern;49.799179;9.946465;;Keine Beschränkung;"Kreditkarte (NFC);Debitkarte (NFC);Onlinezahlungsverfahren;RFID-Karte";Keine Angabe;;;DC Fahrzeugkupplung Typ Combo 2 (CCS);360;;;DC Fahrzeugkupplung Typ Combo 2 (CCS);360;;;;;;;;;;;;;;;;;;;49.799179, 9.946465
130;1009158;Shell Deutschland GmbH;;In Betrieb;Schnellladeeinrichtung;2.0;360.0;01-01-17;Schweinfurter Str.;5;;97080;Würzburg;Kreisfreie Stadt Würzburg;Bayern;49.799179;9.946465;;Keine Beschränkung;"Kreditkarte (NFC);Debitkarte (NFC);Onlinezahlungsverfahren;RFID-Karte";Keine Angabe;;;DC Fahrzeugkupplung Typ Combo 2 (CCS);360;;;DC Fahrzeugkupplung Typ Combo 2 (CCS);360;;;;;;;;;;;;;;;;;;;49.799179, 9.946465
131;1031612;Claus Heinemann Elektroanlagen GmbH;ChargeOne;In Betrieb;Normalladeeinrichtung;4.0;11.0;01-01-07;Veitshöchheimerstr.;18;;97080;Würzburg;Kreisfreie Stadt Würzburg;Bayern;49.802511;9.921894;;;"Onlinezahlungsverfahren;RFID-Karte";Keine Angabe;;;AC Typ 2 Steckdose;11;;3049301306072A8648CE3D020106082A8648CE3D03010103320004937BCFBC1640D8475C0193BC0A4E6B7ED2DCB79C41417DC8EABD75D235A35032F80D4030A96AF6A59C759035B4C69853;AC Typ 2 Steckdose;11;;3049301306072A8648CE3D020106082A8648CE3D03010103320004023F8C0765528106649A7AD186F64C1883C3E78B3C062AAC52A6D26532C15421D8666ADAFFF7637599D9D2B59D764974;AC Typ 2 Steckdose;11.0;;3049301306072A8648CE3D020106082A8648CE3D03010103320004E185E338B77752293A17EA64FE13488C86DFBB5B48D4865598B1F650B12017B51B1AC7DF19D04E9966B47436B549C7C7;AC Typ 2 Steckdose;11.0;;3049301306072A8648CE3D020106082A8648CE3D0301010332000441D0A6FECFCEFC62A557EDBED7BAFEF1EB483DF819CA165C0FEAA9EF200922522CEB4B08D22392C828A3337D4076FD1A;;;;;;;;;49.802511, 9.921894
132;1031613;Claus Heinemann Elektroanlagen GmbH;ChargeOne;In Betrieb;Normalladeeinrichtung;4.0;11.0;01-01-07;Veitshöchheimerstr.;18;;97080;Würzburg;Kreisfreie Stadt Würzburg;Bayern;49.802511;9.921894;;;"Onlinezahlungsverfahren;RFID-Karte";Keine Angabe;;;AC Typ 2 Steckdose;11;;3049301306072A8648CE3D020106082A8648CE3D030101033200044F624CA0C283C652091F7000A4EB6247EF0963AC57C0474DD450AA606BF114A2CF5CC3C0E33C514C98C0DAAF57071B1C;AC Typ 2 Steckdose;11;;3049301306072A8648CE3D020106082A8648CE3D0301010332000489F00364EFB8C63565C23A19D192FD645E4E9EED87D4E5F38909229FFF7D78CFA02653B3691EB2A482EECFCEAB814F56;AC Typ 2 Steckdose;11.0;;3049301306072A8648CE3D020106082A8648CE3D03010103320004AB411F03E85177D673491B8FF2457DAD0E0BFDEA1968808700B30A708C36C893DCE613E766D4E00A206A355A8772E67F;AC Typ 2 Steckdose;11.0;;3049301306072A8648CE3D020106082A8648CE3D03010103320004142CF33398820AC9681466BA1B658B11E822DBD7C1765720472A1E9907413F93455FC070E1D34B95FBE7EA878F3BE58B;;;;;;;;;49.802511, 9.921894
133;1035513;ALDI SÜD Immobilienverwaltungs-GmbH & Co. oHG;ALDI SÜD;In Betrieb;Normalladeeinrichtung;2.0;44.0;01-01-27;Alfred-Nobel-Straße;14;;97080;Würzburg-Dürrbachau;Kreisfreie Stadt Würzburg;Bayern;49.806753;9.891633;;;Kostenlos;Keine Angabe;;;AC Typ 2 Steckdose;22;;;AC Typ 2 Steckdose;22;;;;;;;;;;;;;;;;;;;49.806753, 9.891633
134;1040862;Stadtwerke Würzburg AG;;In Betrieb;Normalladeeinrichtung;2.0;33.0;01-01-20;Rottendorfer Straße;59;;97080;Würzburg;Kreisfreie Stadt Würzburg;Bayern;49.790992;9.964027;;;;Keine Angabe;;;AC Typ 2 Steckdose;22;;;AC Typ 2 Steckdose;22;;;;;;;;;;;;;;;;;;;49.790992, 9.964027
135;1040863;Stadtwerke Würzburg AG;;In Betrieb;Normalladeeinrichtung;2.0;44.0;01-01-11;Oberdürrbacher Straße;4;;97080;Würzburg;Kreisfreie Stadt Würzburg;Bayern;49.807406;9.956002;;;;Keine Angabe;;;AC Typ 2 Steckdose;22;;;AC Typ 2 Steckdose;22;;;;;;;;;;;;;;;;;;;49.807406, 9.956002
136;1040864;Stadtwerke Würzburg AG;;In Betrieb;Normalladeeinrichtung;2.0;44.0;01-01-10;Joseph-Schneider-Straße;2;;97080;Würzburg;Kreisfreie Stadt Würzburg;Bayern;49.800798;9.954237;;;;Keine Angabe;;;AC Typ 2 Steckdose;22;;;AC Typ 2 Steckdose;22;;;;;;;;;;;;;;;;;;;49.800798, 9.954237
137;1040874;Stadtwerke Würzburg AG;;In Betrieb;Normalladeeinrichtung;2.0;44.0;01-01-10;Josef-Schneider-Str.;2;;97080;Würzburg;Kreisfreie Stadt Würzburg;Bayern;49.800145;9.956948;;;;Keine Angabe;;;AC Typ 2 Steckdose;22;;;AC Typ 2 Steckdose;22;;;;;;;;;;;;;;;;;;;49.800145, 9.956948
138;1040878;Stadtwerke Würzburg AG;;In Betrieb;Normalladeeinrichtung;2.0;44.0;01-01-02;Magarete-Höppel-Platz;1;;97080;Würzburg;Kreisfreie Stadt Würzburg;Bayern;49.80425;9.94032;;;"Onlinezahlungsverfahren;RFID-Karte;Sonstige";Keine Angabe;;;AC Typ 2 Steckdose;22;;;AC Typ 2 Steckdose;22;;;;;;;;;;;;;;;;;;;49.80425, 9.94032
139;1040879;Stadtwerke Würzburg AG;;In Betrieb;Normalladeeinrichtung;2.0;44.0;01-01-28;Magarete-Höppel-Platz;1;;97080;Würzburg;Kreisfreie Stadt Würzburg;Bayern;49.80425;9.94032;;;"Onlinezahlungsverfahren;RFID-Karte;Sonstige";Keine Angabe;;;AC Typ 2 Steckdose;22;;;AC Typ 2 Steckdose;22;;;;;;;;;;;;;;;;;;;49.80425, 9.94032
140;1040891;Stadtwerke Würzburg AG;;In Betrieb;Normalladeeinrichtung;2.0;44.0;01-01-27;Steinstraße;7;;97080;Würzburg;Kreisfreie Stadt Würzburg;Bayern;49.802583;9.924672;;;"Onlinezahlungsverfahren;RFID-Karte";Keine Angabe;;;AC Typ 2 Steckdose;22;;;AC Typ 2 Steckdose;22;;;;;;;;;;;;;;;;;;;49.802583, 9.924672
141;1040904;Stadtwerke Würzburg AG;;In Betrieb;Normalladeeinrichtung;2.0;22.0;01-01-09;Veitshöchheimerstraße;5A;;97080;Würzburg;Kreisfreie Stadt Würzburg;Bayern;49.802978;9.920502;;;"Onlinezahlungsverfahren;RFID-Karte";Keine Angabe;;;AC Typ 2 Steckdose;11;;;AC Typ 2 Steckdose;11;;;;;;;;;;;;;;;;;;;49.802978, 9.920502
142;1040905;Stadtwerke Würzburg AG;;In Betrieb;Normalladeeinrichtung;2.0;22.0;01-01-09;Veitshöchheimerstraße;5A;;97080;Würzburg;Kreisfreie Stadt Würzburg;Bayern;49.802978;9.920502;;;"Onlinezahlungsverfahren;RFID-Karte";Keine Angabe;;;AC Typ 2 Steckdose;11;;;AC Typ 2 Steckdose;11;;;;;;;;;;;;;;;;;;;49.802978, 9.920502
143;1040906;Stadtwerke Würzburg AG;;In Betrieb;Normalladeeinrichtung;2.0;22.0;01-01-09;Veitshöchheimerstraße;5A;;97080;Würzburg;Kreisfreie Stadt Würzburg;Bayern;49.802978;9.920502;;;"Onlinezahlungsverfahren;RFID-Karte";Keine Angabe;;;AC Typ 2 Steckdose;11;;;AC Typ 2 Steckdose;11;;;;;;;;;;;;;;;;;;;49.802978, 9.920502
144;1040948;Stadtwerke Würzburg AG;;In Betrieb;Normalladeeinrichtung;2.0;44.0;01-01-09;Rotkreuzstraße;5;;97080;Würzburg;Kreisfreie Stadt Würzburg;Bayern;49.800447;9.9256;;;"Onlinezahlungsverfahren;RFID-Karte";Keine Angabe;;;AC Typ 2 Steckdose;22;;;AC Typ 2 Steckdose;22;;;;;;;;;;;;;;;;;;;49.800447, 9.9256
145;1040953;Stadtwerke Würzburg AG;;In Betrieb;Normalladeeinrichtung;2.0;22.0;01-01-02;Haugerglacisstraße;2;;97080;Würzburg;Kreisfreie Stadt Würzburg;Bayern;49.80113;9.93914;;;"Onlinezahlungsverfahren;RFID-Karte";Keine Angabe;;;AC Typ 2 Steckdose;11;;;AC Typ 2 Steckdose;11;;;;;;;;;;;;;;;;;;;49.80113, 9.93914
146;1040954;Stadtwerke Würzburg AG;;In Betrieb;Normalladeeinrichtung;2.0;22.0;01-01-02;Haugerglacisstraße;2;;97080;Würzburg;Kreisfreie Stadt Würzburg;Bayern;49.80113;9.93914;;;"Onlinezahlungsverfahren;RFID-Karte";Keine Angabe;;;AC Typ 2 Steckdose;11;;;AC Typ 2 Steckdose;11;;;;;;;;;;;;;;;;;;;49.80113, 9.93914
147;1040955;Stadtwerke Würzburg AG;;In Betrieb;Normalladeeinrichtung;2.0;22.0;01-01-02;Haugerglacisstraße;2;;97080;Würzburg;Kreisfreie Stadt Würzburg;Bayern;49.80113;9.93914;;;"Onlinezahlungsverfahren;RFID-Karte";Keine Angabe;;;AC Typ 2 Steckdose;11;;;AC Typ 2 Steckdose;11;;;;;;;;;;;;;;;;;;;49.80113, 9.93914
148;1040956;Stadtwerke Würzburg AG;;In Betrieb;Normalladeeinrichtung;2.0;22.0;01-01-02;Haugerglacistraße;2;;97080;Würzburg;Kreisfreie Stadt Würzburg;Bayern;49.80113;9.93914;;;"Onlinezahlungsverfahren;RFID-Karte";Keine Angabe;;;AC Typ 2 Steckdose;11;;;AC Typ 2 Steckdose;11;;;;;;;;;;;;;;;;;;;49.80113, 9.93914
149;1041015;Stadtwerke Würzburg AG;;In Betrieb;Normalladeeinrichtung;1.0;22.0;01-01-02;Haugerglacisstr.;2;;97080;Würzburg;Kreisfreie Stadt Würzburg;Bayern;49.80113;9.93914;;Keine Beschränkung;"Onlinezahlungsverfahren;RFID-Karte";Keine Angabe;;;"AC Typ 2 Steckdose; AC Typ 2 Steckdose";"11; 11";;;;;;;;;;;;;;;;;;;;;;;49.80113, 9.93914
150;1042584;Energielösung GmbH;;In Betrieb;Normalladeeinrichtung;2.0;30.0;01-01-04;Unterdürrbacher Straße;14;;97080;Würzburg;Kreisfreie Stadt Würzburg;Bayern;49.804448;9.895977;;;"Onlinezahlungsverfahren;RFID-Karte";Keine Angabe;;;AC Typ 2 Steckdose;22;;;AC Typ 2 Steckdose;22;;;;;;;;;;;;;;;;;;;49.804448, 9.895977
151;1048353;Stadtwerke Würzburg AG;;In Betrieb;Normalladeeinrichtung;2.0;44.0;01-01-18;Ernst-Reuter-Str.;15;;97080;Würzburg;Kreisfreie Stadt Würzburg;Bayern;49.803922;9.941763;;Keine Beschränkung;"Onlinezahlungsverfahren;RFID-Karte";Keine Angabe;;;AC Typ 2 Steckdose;22;;;AC Typ 2 Steckdose;22;;;;;;;;;;;;;;;;;;;49.803922, 9.941763
152;1048354;Stadtwerke Würzburg AG;;In Betrieb;Normalladeeinrichtung;2.0;44.0;01-01-18;Ernst-Reuter-Str.;15;;97080;Würzburg;Kreisfreie Stadt Würzburg;Bayern;49.803922;9.941763;;Keine Beschränkung;"Onlinezahlungsverfahren;RFID-Karte";Keine Angabe;;;AC Typ 2 Steckdose;22;;;AC Typ 2 Steckdose;22;;;;;;;;;;;;;;;;;;;49.803922, 9.941763
153;1055631;Stadtwerke Würzburg AG;;In Betrieb;Normalladeeinrichtung;2.0;44.0;01-01-02;Petrinistr.;33;;97080;Würzburg;Kreisfreie Stadt Würzburg;Bayern;49.801775;9.951148;;Keine Beschränkung;"Onlinezahlungsverfahren;RFID-Karte";Keine Angabe;;;AC Typ 2 Steckdose;22;;;AC Typ 2 Steckdose;22;;;;;;;;;;;;;;;;;;;49.801775, 9.951148
154;1061119;Stadtwerke Würzburg AG;;In Betrieb;Normalladeeinrichtung;2.0;44.0;01-01-11;Bismarckstr.;13;;97080;Würzburg;Kreisfreie Stadt Würzburg;Bayern;49.800803;9.928794;;Keine Beschränkung;"Onlinezahlungsverfahren;RFID-Karte";Keine Angabe;;;AC Typ 2 Steckdose;22;;;AC Typ 2 Steckdose;22;;;;;;;;;;;;;;;;;;;49.800803, 9.928794
155;1068911;Schloss Steinburg Hotel und Weinrestaurant e.K.;;In Betrieb;Normalladeeinrichtung;4.0;44.0;01-01-16;Mittlerer Steinbergweg;100;;97080;Würzburg;Kreisfreie Stadt Würzburg;Bayern;49.80647;9.914922;;;"Onlinezahlungsverfahren;RFID-Karte";Keine Angabe;;;AC Typ 2 Steckdose;22;;;AC Typ 2 Steckdose;22;;;AC Typ 2 Steckdose;22.0;;;AC Typ 2 Steckdose;22.0;;;;;;;;;;;49.80647, 9.914922
156;1074988;Evio Mobility GmbH;;In Betrieb;Normalladeeinrichtung;2.0;22.0;01-01-09;Beethovenstraße;3;;97080;Würzburg;Kreisfreie Stadt Würzburg;Bayern;49.798022;9.946421;;;"Kreditkarte (Lesegerät);Kreditkarte (NFC);Debitkarte (Lesegerät);Debitkarte (NFC);Onlinezahlungsverfahren;RFID-Karte";Keine Angabe;;;AC Typ 2 Steckdose;22;;;AC Typ 2 Steckdose;22;;;;;;;;;;;;;;;;;;;49.798022, 9.946421
157;1076884;Schloss Steinburg Hotel und Weinrestaurant e.K.;;In Betrieb;Normalladeeinrichtung;4.0;22.0;01-01-22;Reußenweg;2;;97080;Würzburg;Kreisfreie Stadt Würzburg;Bayern;49.80647;9.914922;;Keine Beschränkung;"RFID-Karte;Onlinezahlungsverfahren";247;"Montag; Dienstag; Mittwoch; Donnerstag; Freitag; Samstag; Sonntag";"00:00-23:59; 00:00-23:59; 00:00-23:59; 00:00-23:59; 00:00-23:59; 00:00-23:59; 00:00-23:59";AC Typ 2 Steckdose;22;;;AC Typ 2 Steckdose;22;;;AC Typ 2 Steckdose;22.0;;;AC Typ 2 Steckdose;22.0;;;;;;;;;;;49.80647, 9.914922
158;1077256;Stadtwerke Würzburg AG;;In Betrieb;Normalladeeinrichtung;2.0;44.0;01-01-23;Schürerstr.;1;;97080;Würzburg;Kreisfreie Stadt Würzburg;Bayern;49.797846;9.943919;;Keine Beschränkung;"Onlinezahlungsverfahren;RFID-Karte";Keine Angabe;;;AC Typ 2 Steckdose;22;;;AC Typ 2 Steckdose;22;;;;;;;;;;;;;;;;;;;49.797846, 9.943919
159;1077259;Stadtwerke Würzburg AG;;In Betrieb;Schnellladeeinrichtung;2.0;150.0;01-01-09;Unterdürrbacher Str.;2;;97080;Würzburg;Kreisfreie Stadt Würzburg;Bayern;49.808094;9.903596;;Keine Beschränkung;"Onlinezahlungsverfahren;RFID-Karte;Kreditkarte (Lesegerät)";Keine Angabe;;;DC Fahrzeugkupplung Typ Combo 2 (CCS);150;;;DC Fahrzeugkupplung Typ Combo 2 (CCS);150;;;;;;;;;;;;;;;;;;;49.808094, 9.903596
160;1077260;Stadtwerke Würzburg AG;;In Betrieb;Schnellladeeinrichtung;2.0;150.0;01-01-09;Unterdürrbacher Str.;2;;97080;Würzburg;Kreisfreie Stadt Würzburg;Bayern;49.808094;9.903596;;Keine Beschränkung;"Onlinezahlungsverfahren;RFID-Karte;Kreditkarte (Lesegerät)";Keine Angabe;;;DC Fahrzeugkupplung Typ Combo 2 (CCS);150;;;DC Fahrzeugkupplung Typ Combo 2 (CCS);150;;;;;;;;;;;;;;;;;;;49.808094, 9.903596
161;1077261;Stadtwerke Würzburg AG;;In Betrieb;Schnellladeeinrichtung;2.0;150.0;01-01-09;Unterdürrbacher Str.;2;;97080;Würzburg;Kreisfreie Stadt Würzburg;Bayern;49.808094;9.903596;;Keine Beschränkung;"Onlinezahlungsverfahren;RFID-Karte;Kreditkarte (Lesegerät)";Keine Angabe;;;DC Fahrzeugkupplung Typ Combo 2 (CCS);150;;;DC Fahrzeugkupplung Typ Combo 2 (CCS);150;;;;;;;;;;;;;;;;;;;49.808094, 9.903596
162;1077262;Stadtwerke Würzburg AG;;In Betrieb;Schnellladeeinrichtung;2.0;150.0;01-01-09;Unterdürrbacher Str.;2;;97080;Würzburg;Kreisfreie Stadt Würzburg;Bayern;49.808094;9.903596;;Keine Beschränkung;"Onlinezahlungsverfahren;RFID-Karte;Kreditkarte (Lesegerät)";Keine Angabe;;;DC Fahrzeugkupplung Typ Combo 2 (CCS);150;;;DC Fahrzeugkupplung Typ Combo 2 (CCS);150;;;;;;;;;;;;;;;;;;;49.808094, 9.903596
163;1085007;Boris Goldberg;;In Betrieb;Normalladeeinrichtung;1.0;11.0;01-01-30;Albertsleitenweg;14;;97080;Würzburg;Kreisfreie Stadt Würzburg;Bayern;49.814854;9.920148;;;Kostenlos;Keine Angabe;;;AC Typ 2 Fahrzeugkupplung;11;;;;;;;;;;;;;;;;;;;;;;;49.814854, 9.920148
164;1110111;Fink IT-Solutions GmbH & Co. KG;;In Betrieb;Normalladeeinrichtung;1.0;11.0;01-01-22;Schweinfurter Str.;9;;97080;Würzburg;Kreisfreie Stadt Würzburg;Bayern;49.799366;9.947243;;;;Keine Angabe;;;AC Typ 2 Steckdose;11;;;;;;;;;;;;;;;;;;;;;;;49.799366, 9.947243
165;1010641;SKZ - KTT GmbH;SKZ - KTT GmbH;In Betrieb;Normalladeeinrichtung;2.0;11.0;01-01-17;Frankfurter Str.;15;;97082;Würzburg;Kreisfreie Stadt Würzburg;Bayern;49.794175;9.915177;;Keine Beschränkung;"Onlinezahlungsverfahren;RFID-Karte";Keine Angabe;;;AC Typ 2 Steckdose;11;;3059 3013 0607 2A86 48CE 3D02 0106 082A 8648 CE3D 0301 0703 4200 04C9 6421 F618 894E AE31 C69C 9C44 5A99 FBE7 CEFA 01A7 10A9 0C6C 9931 476D DA6A 17E9 CA48 FF7D 971B 998A 2FE7 964D 45B5 9908 0FDE F0DF 1E22 DCBB B777 324A B89E 9D;AC Typ 2 Steckdose;11;;3059 3013 0607 2A86 48CE 3D02 0106 082A 8648 CE3D 0301 0703 4200 0443 D55B C1BE F275 042A 4ED3 0DC4 DE7D F135 F4F1 BD3B 0ACB F0C5 F751 ED58 56DE 4B01 3D89 4E74 DFEE A138 9B54 8F49 3071 779C 5A6A 8907 117C 5CE6 C8CB BCD7 50A3 5E;;;;;;;;;;;;;;;;;49.794175, 9.915177
166;1031046;Fraunhofer-Gesellschaft e. V.;;In Betrieb;Normalladeeinrichtung;2.0;22.0;01-01-30;Neunerplatz;2;Fraunhofer ISC - Würzburg;97082;Würzburg;Kreisfreie Stadt Würzburg;Bayern;49.797548;9.918745;;;"Onlinezahlungsverfahren;RFID-Karte";Keine Angabe;;;AC Typ 2 Steckdose;22;;;AC Typ 2 Steckdose;22;;;;;;;;;;;;;;;;;;;49.797548, 9.918745
167;1031047;Fraunhofer-Gesellschaft e. V.;;In Betrieb;Normalladeeinrichtung;2.0;22.0;01-01-30;Neunerplatz;2;Fraunhofer ISC - Würzburg;97082;Würzburg;Kreisfreie Stadt Würzburg;Bayern;49.797548;9.918745;;;"Onlinezahlungsverfahren;RFID-Karte";Keine Angabe;;;AC Typ 2 Steckdose;22;;;AC Typ 2 Steckdose;22;;;;;;;;;;;;;;;;;;;49.797548, 9.918745
168;1031048;Fraunhofer-Gesellschaft e. V.;;In Betrieb;Schnellladeeinrichtung;3.0;250.0;01-01-30;Neunerplatz;2;Fraunhofer ISC - Würzburg;97082;Würzburg;Kreisfreie Stadt Würzburg;Bayern;49.797548;9.918745;;;"Onlinezahlungsverfahren;RFID-Karte";Keine Angabe;;;DC Fahrzeugkupplung Typ Combo 2 (CCS);250;;;"DC Fahrzeugkupplung Typ Combo 2 (CCS); DC CHAdeMO";"32; 32";;;AC Typ 2 Steckdose;22.0;;;;;;;;;;;;;;;49.797548, 9.918745
169;1031166;Fraunhofer-Gesellschaft e. V.;;In Betrieb;Normalladeeinrichtung;1.0;22.0;01-01-21;Neunerplatz;2;Fraunhofer ISC - Würzburg;97082;Würzburg;Kreisfreie Stadt Würzburg;Bayern;49.797548;9.918745;;;"Onlinezahlungsverfahren;RFID-Karte";Keine Angabe;;;AC Typ 2 Steckdose;22;;;;;;;;;;;;;;;;;;;;;;;49.797548, 9.918745
170;1031167;Fraunhofer-Gesellschaft e. V.;;In Betrieb;Normalladeeinrichtung;1.0;22.0;01-01-21;Neunerplatz;2;Fraunhofer ISC - Würzburg;97082;Würzburg;Kreisfreie Stadt Würzburg;Bayern;49.797548;9.918745;;;"Onlinezahlungsverfahren;RFID-Karte";Keine Angabe;;;AC Typ 2 Steckdose;22;;;;;;;;;;;;;;;;;;;;;;;49.797548, 9.918745
171;1031168;Fraunhofer-Gesellschaft e. V.;;In Betrieb;Normalladeeinrichtung;1.0;22.0;01-01-21;Neunerplatz;2;Fraunhofer ISC - Würzburg;97082;Würzburg;Kreisfreie Stadt Würzburg;Bayern;49.79924;9.926857;;;"Onlinezahlungsverfahren;RFID-Karte";Keine Angabe;;;AC Typ 2 Steckdose;22;;;;;;;;;;;;;;;;;;;;;;;49.79924, 9.926857
172;1031169;Fraunhofer-Gesellschaft e. V.;;In Betrieb;Normalladeeinrichtung;1.0;22.0;01-01-21;Neunerplatz;2;Fraunhofer ISC - Würzburg;97082;Würzburg;Kreisfreie Stadt Würzburg;Bayern;49.79924;9.926857;;;"Onlinezahlungsverfahren;RFID-Karte";Keine Angabe;;;AC Typ 2 Steckdose;22;;;;;;;;;;;;;;;;;;;;;;;49.79924, 9.926857
173;1031170;Fraunhofer-Gesellschaft e. V.;;In Betrieb;Normalladeeinrichtung;1.0;22.0;01-01-21;Neunerplatz;2;Fraunhofer ISC - Würzburg;97082;Würzburg;Kreisfreie Stadt Würzburg;Bayern;49.799161;9.926876;;;"Onlinezahlungsverfahren;RFID-Karte";Keine Angabe;;;AC Typ 2 Steckdose;22;;;;;;;;;;;;;;;;;;;;;;;49.799161, 9.926876
174;1031171;Fraunhofer-Gesellschaft e. V.;;In Betrieb;Normalladeeinrichtung;1.0;22.0;01-01-21;Neunerplatz;2;Fraunhofer ISC - Würzburg;97082;Würzburg;Kreisfreie Stadt Würzburg;Bayern;49.799161;9.926876;;;"Onlinezahlungsverfahren;RFID-Karte";Keine Angabe;;;AC Typ 2 Steckdose;22;;;;;;;;;;;;;;;;;;;;;;;49.799161, 9.926876
175;1040875;Stadtwerke Würzburg AG;;In Betrieb;Normalladeeinrichtung;2.0;22.0;01-01-17;Nigglweg;5;;97082;Würzburg;Kreisfreie Stadt Würzburg;Bayern;49.794959;9.919393;;;"Onlinezahlungsverfahren;RFID-Karte;Sonstige";Keine Angabe;;;AC Typ 2 Steckdose;11;;;AC Typ 2 Steckdose;11;;;;;;;;;;;;;;;;;;;49.794959, 9.919393
176;1040877;Stadtwerke Würzburg AG;;In Betrieb;Normalladeeinrichtung;2.0;22.0;01-01-22;Frankfurter Straße;87;;97082;Würzburg;Kreisfreie Stadt Würzburg;Bayern;49.79394;9.8936;;;"Onlinezahlungsverfahren;RFID-Karte;Sonstige";Keine Angabe;;;AC Typ 2 Steckdose;22;;;AC Typ 2 Steckdose;22;;;;;;;;;;;;;;;;;;;49.79394, 9.8936
177;1040918;Stadtwerke Würzburg AG;;In Betrieb;Normalladeeinrichtung;2.0;44.0;01-01-12;Frankfurterstraße;81;;97082;Würzburg;Kreisfreie Stadt Würzburg;Bayern;49.793995;9.897195;;;"Onlinezahlungsverfahren;RFID-Karte";Keine Angabe;;;AC Typ 2 Steckdose;22;;;AC Typ 2 Steckdose;22;;;;;;;;;;;;;;;;;;;49.793995, 9.897195
178;1040947;Stadtwerke Würzburg AG;;In Betrieb;Normalladeeinrichtung;2.0;44.0;01-01-09;Wredestraße;9;;97082;Würzburg;Kreisfreie Stadt Würzburg;Bayern;49.794795;9.911562;;;"Onlinezahlungsverfahren;RFID-Karte";Keine Angabe;;;AC Typ 2 Steckdose;22;;;AC Typ 2 Steckdose;22;;;;;;;;;;;;;;;;;;;49.794795, 9.911562
179;1040951;Stadtwerke Würzburg AG;;In Betrieb;Normalladeeinrichtung;2.0;44.0;01-01-09;Scherenbergstraße;7;;97082;Würzburg;Kreisfreie Stadt Würzburg;Bayern;49.793375;9.910401;;;"Onlinezahlungsverfahren;RFID-Karte";Keine Angabe;;;AC Typ 2 Steckdose;22;;;AC Typ 2 Steckdose;22;;;;;;;;;;;;;;;;;;;49.793375, 9.910401
180;1047887;Stadtwerke Würzburg AG;;In Betrieb;Normalladeeinrichtung;2.0;44.0;01-01-22;Weißenburgstraße;39;;97082;Würzburg;Kreisfreie Stadt Würzburg;Bayern;49.797433;9.906879;;;"Onlinezahlungsverfahren;RFID-Karte";Keine Angabe;;;AC Typ 2 Steckdose;22;;;AC Typ 2 Steckdose;22;;;;;;;;;;;;;;;;;;;49.797433, 9.906879
181;1047888;Stadtwerke Würzburg AG;;In Betrieb;Normalladeeinrichtung;2.0;44.0;01-01-22;Weißenburgstr.;39;;97082;Würzburg;Kreisfreie Stadt Würzburg;Bayern;49.797433;9.906879;;Keine Beschränkung;"Onlinezahlungsverfahren;RFID-Karte";Keine Angabe;;;AC Typ 2 Steckdose;22;;;AC Typ 2 Steckdose;22;;;;;;;;;;;;;;;;;;;49.797433, 9.906879
182;1048138;Stadtwerke Würzburg AG;;In Betrieb;Normalladeeinrichtung;2.0;44.0;01-01-04;Brunostr.;8;;97082;Würzburg;Kreisfreie Stadt Würzburg;Bayern;49.793259;9.908254;;Keine Beschränkung;"Onlinezahlungsverfahren;RFID-Karte";Keine Angabe;;;AC Typ 2 Steckdose;22;;;AC Typ 2 Steckdose;22;;;;;;;;;;;;;;;;;;;49.793259, 9.908254
183;1074987;Evio Mobility GmbH;;In Betrieb;Schnellladeeinrichtung;2.0;200.0;01-01-02;König-Heinrich-Straße;1;;97082;Würzburg;Kreisfreie Stadt Würzburg;Bayern;49.768223;9.935279;;;"Kreditkarte (Lesegerät);Kreditkarte (NFC);Debitkarte (Lesegerät);Debitkarte (NFC);Onlinezahlungsverfahren;RFID-Karte;Plug & Charge";Keine Angabe;;;DC Fahrzeugkupplung Typ Combo 2 (CCS);200;;;DC Fahrzeugkupplung Typ Combo 2 (CCS);200;;;;;;;;;;;;;;;;;;;49.768223, 9.935279
184;1077790;Stadtwerke Würzburg AG;;In Betrieb;Normalladeeinrichtung;2.0;44.0;01-01-02;Georg-Eydel-Str.;17;;97082;Würzburg;Kreisfreie Stadt Würzburg;Bayern;49.800979;9.917568;;Keine Beschränkung;"Onlinezahlungsverfahren;RFID-Karte";Keine Angabe;;;AC Typ 2 Steckdose;22;;;AC Typ 2 Steckdose;22;;;;;;;;;;;;;;;;;;;49.800979, 9.917568
185;1110274;Handwerkskammer für Unterfranken;;In Betrieb;Normalladeeinrichtung;2.0;22.0;01-01-02;Daimlerstraße;5;Einfahrt Bilungszentrum;97082;Würzburg;Kreisfreie Stadt Würzburg;Bayern;49.800493;9.909003;;;;Keine Angabe;;;AC Typ 2 Steckdose;22;;;AC Typ 2 Steckdose;11;;;;;;;;;;;;;;;;;;;49.800493, 9.909003
186;1118108;SolarLoader+ GmbH;;In Betrieb;Normalladeeinrichtung;1.0;22.0;01-01-29;Mainaustr.;48;Fitnessstudioparkplatz;97082;Würzburg;Kreisfreie Stadt Würzburg;Bayern;49.79872;9.90079;LFW-LIS_Mainaustraße 48;Keine Beschränkung;"RFID-Karte;Kreditkarte (Lesegerät);Kreditkarte (NFC);Debitkarte (NFC);Onlinezahlungsverfahren;Debitkarte (Lesegerät);Plug & Charge";247;"Montag; Dienstag; Mittwoch; Donnerstag; Freitag; Samstag; Sonntag";"00:00-23:59; 00:00-23:59; 00:00-23:59; 00:00-23:59; 00:00-23:59; 00:00-23:59; 00:00-23:59";AC Typ 2 Fahrzeugkupplung;22;DE*SLP*E0000008;unbekannt;;;;;;;;;;;;;;;;;;;;;49.79872, 9.90079
187;1118547;SolarLoader+ GmbH;;In Betrieb;Normalladeeinrichtung;1.0;22.0;01-01-29;Mainaustr.;48;Fitnessstudioparkplatz;97082;Würzburg;Kreisfreie Stadt Würzburg;Bayern;49.79872;9.90079;LFW-LIS_Mainaustraße 48;Keine Beschränkung;"RFID-Karte;Kreditkarte (Lesegerät);Kreditkarte (NFC);Debitkarte (NFC);Onlinezahlungsverfahren;Debitkarte (Lesegerät);Plug & Charge";247;"Montag; Dienstag; Mittwoch; Donnerstag; Freitag; Samstag; Sonntag";"00:00-23:59; 00:00-23:59; 00:00-23:59; 00:00-23:59; 00:00-23:59; 00:00-23:59; 00:00-23:59";AC Typ 2 Fahrzeugkupplung;22;DE*SLP*E0000009;unbekannt;;;;;;;;;;;;;;;;;;;;;49.79872, 9.90079
188;1118548;SolarLoader+ GmbH;;In Betrieb;Schnellladeeinrichtung;2.0;50.0;01-01-29;Mainaustr.;48;Fitnessstudioparkplatz;97082;Würzburg;Kreisfreie Stadt Würzburg;Bayern;49.79872;9.90079;LFW-LIS_Mainaustraße 48;Keine Beschränkung;"RFID-Karte;Kreditkarte (NFC);Kreditkarte (Lesegerät);Debitkarte (NFC);Onlinezahlungsverfahren;Debitkarte (Lesegerät);Plug & Charge";247;"Montag; Dienstag; Mittwoch; Donnerstag; Freitag; Samstag; Sonntag";"00:00-23:59; 00:00-23:59; 00:00-23:59; 00:00-23:59; 00:00-23:59; 00:00-23:59; 00:00-23:59";DC Fahrzeugkupplung Typ Combo 2 (CCS);50;DE*SLP*E0000025;unbekannt;DC Fahrzeugkupplung Typ Combo 2 (CCS);50;DE*SLP*E0000026;unbekannt;;;;;;;;;;;;;;;;;49.79872, 9.90079
189;1120912;Stadtwerke Würzburg AG;;In Betrieb;Schnellladeeinrichtung;2.0;50.0;01-01-25;Höchberger Str.;28;;97082;Würzburg;Kreisfreie Stadt Würzburg;Bayern;49.792686;9.914924;;Keine Beschränkung;"Onlinezahlungsverfahren;RFID-Karte;Sonstige;Kreditkarte (Lesegerät)";Keine Angabe;;;DC Fahrzeugkupplung Typ Combo 2 (CCS);50;;;DC Fahrzeugkupplung Typ Combo 2 (CCS);50;;;;;;;;;;;;;;;;;;;49.792686, 9.914924
190;1120913;Stadtwerke Würzburg AG;;In Betrieb;Normalladeeinrichtung;2.0;22.0;01-01-25;Höchberger Str.;28;;97082;Würzburg;Kreisfreie Stadt Würzburg;Bayern;49.792686;9.914924;;Keine Beschränkung;"RFID-Karte;Sonstige;Onlinezahlungsverfahren;Kreditkarte (Lesegerät)";Keine Angabe;;;AC Typ 2 Steckdose;22;;;AC Typ 2 Steckdose;22;;;;;;;;;;;;;;;;;;;49.792686, 9.914924
191;1040866;Stadtwerke Würzburg AG;;In Betrieb;Normalladeeinrichtung;2.0;33.0;01-01-19;Am Golfplatz;2;;97084;Würzburg;Kreisfreie Stadt Würzburg;Bayern;49.745207;9.938119;;;;Keine Angabe;;;AC Typ 2 Steckdose;22;;;AC Typ 2 Steckdose;22;;;;;;;;;;;;;;;;;;;49.745207, 9.938119
192;1040884;Stadtwerke Würzburg AG;;In Betrieb;Normalladeeinrichtung;2.0;44.0;;Straßburger Ring;0;;97084;Würzburg;Kreisfreie Stadt Würzburg;Bayern;49.750871;9.957922;;;"Onlinezahlungsverfahren;RFID-Karte";Keine Angabe;;;AC Typ 2 Steckdose;22;;;AC Typ 2 Steckdose;22;;;;;;;;;;;;;;;;;;;49.750871, 9.957922
193;1040885;Stadtwerke Würzburg AG;;In Betrieb;Normalladeeinrichtung;2.0;44.0;;Straßburger Ring;0;;97084;Würzburg;Kreisfreie Stadt Würzburg;Bayern;49.750871;9.957922;;;"Onlinezahlungsverfahren;RFID-Karte";Keine Angabe;;;AC Typ 2 Steckdose;22;;;AC Typ 2 Steckdose;22;;;;;;;;;;;;;;;;;;;49.750871, 9.957922
194;1040887;Stadtwerke Würzburg AG;;In Betrieb;Normalladeeinrichtung;2.0;44.0;01-01-06;Am Ostbahnhof;0;;97084;Würzburg-Heidingsfeld;Kreisfreie Stadt Würzburg;Bayern;49.761547;9.953635;;;"Onlinezahlungsverfahren;RFID-Karte";Keine Angabe;;;AC Typ 2 Steckdose;22;;;AC Typ 2 Steckdose;22;;;;;;;;;;;;;;;;;;;49.761547, 9.953635
195;1040888;Stadtwerke Würzburg AG;;In Betrieb;Normalladeeinrichtung;2.0;44.0;01-01-06;Am Ostbahnhof;0;;97084;Würzburg-Heidingsfeld;Kreisfreie Stadt Würzburg;Bayern;49.76154;9.953691;;;"Onlinezahlungsverfahren;RFID-Karte";Keine Angabe;;;AC Typ 2 Steckdose;22;;;AC Typ 2 Steckdose;22;;;;;;;;;;;;;;;;;;;49.76154, 9.953691
196;1040927;Stadtwerke Würzburg AG;;In Betrieb;Normalladeeinrichtung;2.0;44.0;01-01-19;Schleifenweg;9;;97084;Würzburg;Kreisfreie Stadt Würzburg;Bayern;49.722506;9.964818;;;"Onlinezahlungsverfahren;RFID-Karte";Keine Angabe;;;AC Typ 2 Steckdose;22;;;AC Typ 2 Steckdose;22;;;;;;;;;;;;;;;;;;;49.722506, 9.964818
197;1071574;bikespeed GmbH;;In Betrieb;Normalladeeinrichtung;1.0;11.0;;Huberstr.;17;;97084;Würzburg;Kreisfreie Stadt Würzburg;Bayern;49.730247;9.964514;;;"Bargeld;RFID-Karte";Keine Angabe;;;AC Typ 2 Fahrzeugkupplung;11;;;;;;;;;;;;;;;;;;;;;;;49.730247, 9.964514
198;1071575;bikespeed GmbH;;In Betrieb;Normalladeeinrichtung;1.0;11.0;;Huberstr.;17;;97084;Würzburg;Kreisfreie Stadt Würzburg;Bayern;49.730193;9.96471;;;"Bargeld;RFID-Karte";Keine Angabe;;;AC Typ 2 Fahrzeugkupplung;11;;;;;;;;;;;;;;;;;;;;;;;49.730193, 9.96471
199;1077597;Stadtwerke Würzburg AG;;In Betrieb;Normalladeeinrichtung;2.0;22.0;01-01-30;Seegartenweg;8;;97084;Würzburg;Kreisfreie Stadt Würzburg;Bayern;49.765163;9.950822;;Keine Beschränkung;"Onlinezahlungsverfahren;RFID-Karte";Keine Angabe;;;AC Typ 2 Steckdose;22;;;AC Typ 2 Steckdose;22;;;;;;;;;;;;;;;;;;;49.765163, 9.950822
200;1084227;Richter+Frenzel GmbH + Co. KG;;In Betrieb;Normalladeeinrichtung;4.0;44.0;;Leitenäckerweg;6;;97084;Würzburg;Kreisfreie Stadt Würzburg;Bayern;49.764372;9.937006;;Nur für Kunden/Besucher;"RFID-Karte;Onlinezahlungsverfahren";Keine Angabe;;;AC Typ 2 Steckdose;11;;;AC Typ 2 Steckdose;11;;;AC Typ 2 Steckdose;11.0;;;AC Typ 2 Steckdose;11.0;;;;;;;;;;;49.764372, 9.937006
201;1085600;Fahrschule;;In Betrieb;Normalladeeinrichtung;1.0;11.0;01-01-18;Würzburger Str.;24;;97084;Würzburg;Kreisfreie Stadt Würzburg;Bayern;49.791304;9.953355;;;Kostenlos;Keine Angabe;;;AC Typ 2 Steckdose;11;;;;;;;;;;;;;;;;;;;;;;;49.791304, 9.953355
202;1087842;Stefan Schmitt;;In Betrieb;Normalladeeinrichtung;1.0;6.0;01-01-20;Am Baumland;11A;;97084;Würzburg;Kreisfreie Stadt Würzburg;Bayern;49.724489;9.966715;;;Kostenlos;Keine Angabe;;;AC Typ 2 Fahrzeugkupplung;6;;;;;;;;;;;;;;;;;;;;;;;49.724489, 9.966715
203;1088456;Yakup Ok;;In Betrieb;Normalladeeinrichtung;1.0;11.0;01-01-21;Wacholderweg;10;;97084;Würzburg;Kreisfreie Stadt Würzburg;Bayern;49.791304;9.953355;;;Kostenlos;Keine Angabe;;;AC Typ 2 Steckdose;11;;;;;;;;;;;;;;;;;;;;;;;49.791304, 9.953355
204;1091152;Schaumstoffe Wilfried Wegerich Gmbh;;In Betrieb;Normalladeeinrichtung;1.0;22.0;01-01-30;Max Mengeringhausen Str;21;;97084;Würzburg;Kreisfreie Stadt Würzburg;Bayern;49.73041;9.95862;;;Kostenlos;Keine Angabe;;;AC Typ 2 Steckdose;11;;;;;;;;;;;;;;;;;;;;;;;49.73041, 9.95862
205;1091153;Schaumstoffe Wilfried Wegerich Gmbh;;In Betrieb;Normalladeeinrichtung;1.0;11.0;01-01-30;Max Mengeringhausen Str;21;;97084;Würzburg;Kreisfreie Stadt Würzburg;Bayern;49.73028;9.95864;;;Kostenlos;Keine Angabe;;;AC Typ 2 Steckdose;11;;;;;;;;;;;;;;;;;;;;;;;49.73028, 9.95864
206;1091154;Schaumstoffe Wilfried Wegerich Gmbh;;In Betrieb;Normalladeeinrichtung;4.0;11.0;01-01-30;Max Mengeringhausen Str;21;;97084;Würzburg;Kreisfreie Stadt Würzburg;Bayern;49.73028;9.95864;;;Kostenlos;Keine Angabe;;;AC Typ 2 Steckdose;11;;;AC Typ 2 Steckdose;11;;;AC Typ 2 Steckdose;11.0;;;AC Typ 2 Steckdose;11.0;;;;;;;;;;;49.73028, 9.95864
207;1106854;E.ON Drive GmbH;E.ON Drive GmbH;In Betrieb;Schnellladeeinrichtung;2.0;93.0;01-01-12;Raststätte Würzburg Nord;0;;97084;Würzburg;Kreisfreie Stadt Würzburg;Bayern;49.755926;9.959905;;;"Kreditkarte (NFC);Onlinezahlungsverfahren;RFID-Karte";Keine Angabe;;;AC Typ 2 Fahrzeugkupplung;43;;;"DC Fahrzeugkupplung Typ Combo 2 (CCS); DC CHAdeMO";"50; 50";;;;;;;;;;;;;;;;;;;49.755926, 9.959905
208;1106855;E.ON Drive GmbH;E.ON Drive GmbH;In Betrieb;Schnellladeeinrichtung;2.0;93.0;01-01-12;Raststätte Würzburg Süd;0;;97084;Würzburg;Kreisfreie Stadt Würzburg;Bayern;49.750879;9.963114;;;"Kreditkarte (NFC);Onlinezahlungsverfahren;RFID-Karte";Keine Angabe;;;AC Typ 2 Fahrzeugkupplung;43;;;"DC Fahrzeugkupplung Typ Combo 2 (CCS); DC CHAdeMO";"50; 50";;;;;;;;;;;;;;;;;;;49.750879, 9.963114
209;1118160;SolarLoader+ GmbH;;In Betrieb;Normalladeeinrichtung;1.0;22.0;01-01-29;Winterhäuser Str.;95;Fitnessstudioparkplatz;97084;Würzburg;Kreisfreie Stadt Würzburg;Bayern;49.75557;9.97525;LFW-LIS_Winterhäuser Str.;Keine Beschränkung;"Kreditkarte (Lesegerät);RFID-Karte;Debitkarte (Lesegerät);Debitkarte (NFC);Onlinezahlungsverfahren;Plug & Charge;Kreditkarte (NFC)";247;"Montag; Dienstag; Mittwoch; Donnerstag; Freitag; Samstag; Sonntag";"00:00-23:59; 00:00-23:59; 00:00-23:59; 00:00-23:59; 00:00-23:59; 00:00-23:59; 00:00-23:59";AC Typ 2 Fahrzeugkupplung;22;DE*SLP*E0000004;unbekannt;;;;;;;;;;;;;;;;;;;;;49.75557, 9.97525
210;1118559;SolarLoader+ GmbH;;In Betrieb;Normalladeeinrichtung;1.0;22.0;01-01-29;Winterhäuser Str.;95;Fitnessstudioparkplatz;97084;Würzburg;Kreisfreie Stadt Würzburg;Bayern;49.75544;9.97542;LFW-LIS_Winterhäuserstraße 95;Keine Beschränkung;"RFID-Karte;Kreditkarte (Lesegerät);Kreditkarte (NFC);Debitkarte (NFC);Onlinezahlungsverfahren;Debitkarte (Lesegerät);Plug & Charge";247;"Montag; Dienstag; Mittwoch; Donnerstag; Freitag; Samstag; Sonntag";"00:00-23:59; 00:00-23:59; 00:00-23:59; 00:00-23:59; 00:00-23:59; 00:00-23:59; 00:00-23:59";AC Typ 2 Fahrzeugkupplung;22;DE*SLP*E0000001;unbekannt;;;;;;;;;;;;;;;;;;;;;49.75544, 9.97542
211;1118564;SolarLoader+ GmbH;;In Betrieb;Normalladeeinrichtung;1.0;22.0;01-01-29;Winterhäuser Str.;95;Fitnessstudioparkplatz;97084;Würzburg;Kreisfreie Stadt Würzburg;Bayern;49.75544;9.97542;LFW-LIS_Winterhäuserstraße 95;Keine Beschränkung;"RFID-Karte;Kreditkarte (Lesegerät);Kreditkarte (NFC);Debitkarte (NFC);Onlinezahlungsverfahren;Debitkarte (Lesegerät);Plug & Charge";247;"Montag; Dienstag; Mittwoch; Donnerstag; Freitag; Samstag; Sonntag";"00:00-23:59; 00:00-23:59; 00:00-23:59; 00:00-23:59; 00:00-23:59; 00:00-23:59; 00:00-23:59";AC Typ 2 Fahrzeugkupplung;22;DE*SLP*E0000002;unbekannt;;;;;;;;;;;;;;;;;;;;;49.75544, 9.97542
212;1118566;SolarLoader+ GmbH;;In Betrieb;Normalladeeinrichtung;1.0;22.0;01-01-29;Winterhäuser Str.;95;Fitnessstudioparkplatz;97084;Würzburg;Kreisfreie Stadt Würzburg;Bayern;49.75544;9.97542;LFW-LIS_Winterhäuserstraße 95;Keine Beschränkung;"RFID-Karte;Kreditkarte (Lesegerät);Kreditkarte (NFC);Debitkarte (NFC);Onlinezahlungsverfahren;Debitkarte (Lesegerät);Plug & Charge";247;"Montag; Dienstag; Mittwoch; Donnerstag; Freitag; Samstag; Sonntag";"00:00-23:59; 00:00-23:59; 00:00-23:59; 00:00-23:59; 00:00-23:59; 00:00-23:59; 00:00-23:59";AC Typ 2 Fahrzeugkupplung;22;DE*SLP*E0000003;unbekannt;;;;;;;;;;;;;;;;;;;;;49.75544, 9.97542
213;1118571;SolarLoader+ GmbH;;In Betrieb;Normalladeeinrichtung;1.0;22.0;01-01-29;Winterhäuser Str.;95;Fitnessstudioparkplatz;97084;Würzburg;Kreisfreie Stadt Würzburg;Bayern;49.75544;9.97542;LFW-LIS_Winterhäuserstraße 95;Keine Beschränkung;"RFID-Karte;Kreditkarte (Lesegerät);Kreditkarte (NFC);Debitkarte (Lesegerät);Debitkarte (NFC);Onlinezahlungsverfahren;Plug & Charge";247;"Montag; Dienstag; Mittwoch; Donnerstag; Freitag; Samstag; Sonntag";"00:00-23:59; 00:00-23:59; 00:00-23:59; 00:00-23:59; 00:00-23:59; 00:00-23:59; 00:00-23:59";AC Typ 2 Fahrzeugkupplung;22;DE*SLP*E0000005;unbekannt;;;;;;;;;;;;;;;;;;;;;49.75544, 9.97542
214;1120400;Pfalzwerke AG;Pfalzwerke AG;In Betrieb;Schnellladeeinrichtung;2.0;50.0;01-01-17;Mergentheimer Str.;59;;97084;Würzburg;Kreisfreie Stadt Würzburg;Bayern;49.767829;9.944206;XXXLutz Würzburg;Keine Beschränkung;"Kreditkarte (Lesegerät);Kreditkarte (NFC);Debitkarte (Lesegerät);Debitkarte (NFC);Onlinezahlungsverfahren;RFID-Karte;Sonstige";247;"Montag; Dienstag; Mittwoch; Donnerstag; Freitag; Samstag; Sonntag";"00:00-23:59; 00:00-23:59; 00:00-23:59; 00:00-23:59; 00:00-23:59; 00:00-23:59; 00:00-23:59";DC Fahrzeugkupplung Typ Combo 2 (CCS);50;DE*PWA*EALP22537X01479*01;;DC Fahrzeugkupplung Typ Combo 2 (CCS);50;DE*PWA*EALP22537X01479*02;;;;;;;;;;;;;;;;;;49.767829, 9.944206
215;1120401;Pfalzwerke AG;Pfalzwerke AG;In Betrieb;Schnellladeeinrichtung;2.0;50.0;01-01-17;Mergentheimer Str.;59;;97084;Würzburg;Kreisfreie Stadt Würzburg;Bayern;49.767786;9.944297;XXXLutz Würzburg;Keine Beschränkung;"Kreditkarte (Lesegerät);Kreditkarte (NFC);Debitkarte (Lesegerät);Debitkarte (NFC);Onlinezahlungsverfahren;RFID-Karte;Sonstige";247;"Montag; Dienstag; Mittwoch; Donnerstag; Freitag; Samstag; Sonntag";"00:00-23:59; 00:00-23:59; 00:00-23:59; 00:00-23:59; 00:00-23:59; 00:00-23:59; 00:00-23:59";DC Fahrzeugkupplung Typ Combo 2 (CCS);50;DE*PWA*EALP22537X01480*01;;DC Fahrzeugkupplung Typ Combo 2 (CCS);50;DE*PWA*EALP22537X01480*02;;;;;;;;;;;;;;;;;;49.767786, 9.944297
216;1120402;Pfalzwerke AG;Pfalzwerke AG;In Betrieb;Schnellladeeinrichtung;2.0;200.0;01-01-17;Mergentheimer Str.;59;;97084;Würzburg;Kreisfreie Stadt Würzburg;Bayern;49.767786;9.944297;XXXLutz Würzburg;Keine Beschränkung;"Kreditkarte (Lesegerät);Kreditkarte (NFC);Debitkarte (Lesegerät);Debitkarte (NFC);Onlinezahlungsverfahren;RFID-Karte;Sonstige";247;"Montag; Dienstag; Mittwoch; Donnerstag; Freitag; Samstag; Sonntag";"00:00-23:59; 00:00-23:59; 00:00-23:59; 00:00-23:59; 00:00-23:59; 00:00-23:59; 00:00-23:59";DC Fahrzeugkupplung Typ Combo 2 (CCS);200;DE*PWA*EALP22539X01483*01;;DC Fahrzeugkupplung Typ Combo 2 (CCS);200;DE*PWA*EALP22539X01483*02;;;;;;;;;;;;;;;;;;49.767786, 9.944297
217;1120403;Pfalzwerke AG;Pfalzwerke AG;In Betrieb;Schnellladeeinrichtung;2.0;400.0;01-01-17;Mergentheimer Str.;59;;97084;Würzburg;Kreisfreie Stadt Würzburg;Bayern;49.767648;9.944585;XXXLutz Würzburg;Keine Beschränkung;"Kreditkarte (Lesegerät);Kreditkarte (NFC);Debitkarte (Lesegerät);Debitkarte (NFC);Onlinezahlungsverfahren;RFID-Karte;Sonstige";247;"Montag; Dienstag; Mittwoch; Donnerstag; Freitag; Samstag; Sonntag";"00:00-23:59; 00:00-23:59; 00:00-23:59; 00:00-23:59; 00:00-23:59; 00:00-23:59; 00:00-23:59";DC Fahrzeugkupplung Typ Combo 2 (CCS);400;DE*PWA*EALP22541X01481*01;;DC Fahrzeugkupplung Typ Combo 2 (CCS);400;DE*PWA*EALP22541X01481*02;;;;;;;;;;;;;;;;;;49.767648, 9.944585
218;1120404;Pfalzwerke AG;Pfalzwerke AG;In Betrieb;Schnellladeeinrichtung;2.0;400.0;01-01-17;Mergentheimer Str.;59;;97084;Würzburg;Kreisfreie Stadt Würzburg;Bayern;49.767691;9.94449;XXXLutz Würzburg;Keine Beschränkung;"Kreditkarte (Lesegerät);Kreditkarte (NFC);Debitkarte (Lesegerät);Debitkarte (NFC);Onlinezahlungsverfahren;RFID-Karte;Sonstige";247;"Montag; Dienstag; Mittwoch; Donnerstag; Freitag; Samstag; Sonntag";"00:00-23:59; 00:00-23:59; 00:00-23:59; 00:00-23:59; 00:00-23:59; 00:00-23:59; 00:00-23:59";DC Fahrzeugkupplung Typ Combo 2 (CCS);400;DE*PWA*EALP22541X01482*01;;DC Fahrzeugkupplung Typ Combo 2 (CCS);400;DE*PWA*EALP22541X01482*02;;;;;;;;;;;;;;;;;;49.767691, 9.94449
219;1032247;IKEA Deutschland GmbH & Co.KG;;In Betrieb;Normalladeeinrichtung;2.0;42.0;01-01-03;Mainfrankenhöhe;2;;97087;Würzburg;Kreisfreie Stadt Würzburg;Bayern;49.821784;9.982374;;;;Keine Angabe;;;AC Typ 2 Fahrzeugkupplung;22;;;"DC Fahrzeugkupplung Typ Combo 2 (CCS); DC CHAdeMO";"20; 20";;;;;;;;;;;;;;;;;;;49.821784, 9.982374
220;1032248;IKEA Deutschland GmbH & Co.KG;;In Betrieb;Normalladeeinrichtung;2.0;42.0;01-01-03;Mainfrankenhöhe;2;;97087;Würzburg;Kreisfreie Stadt Würzburg;Bayern;49.821784;9.982374;;;;Keine Angabe;;;AC Typ 2 Fahrzeugkupplung;22;;;"DC Fahrzeugkupplung Typ Combo 2 (CCS); DC CHAdeMO";"20; 20";;;;;;;;;;;;;;;;;;;49.821784, 9.982374
221;1005527;Überlandwerk Schäftersheim GmbH & Co. KG;;In Betrieb;Normalladeeinrichtung;2.0;44.0;01-01-23;Parkplatz Brunnenstraße;0;Parkplatz;97199;Ochsenfurt;Landkreis Würzburg;Bayern;49.66472;10.06083;;;;Keine Angabe;;;AC Typ 2 Steckdose;22;;;AC Typ 2 Steckdose;22;;;;;;;;;;;;;;;;;;;49.66472, 10.06083
222;1005531;Überlandwerk Schäftersheim GmbH & Co. KG;;In Betrieb;Normalladeeinrichtung;2.0;44.0;01-01-13;Würzburger Straße;0;;97199;Ochsenfurt;Landkreis Würzburg;Bayern;49.668774;10.062843;;;;Keine Angabe;;;AC Typ 2 Steckdose;22;;;AC Typ 2 Steckdose;22;;;;;;;;;;;;;;;;;;;49.668774, 10.062843
223;1005532;Überlandwerk Schäftersheim GmbH & Co. KG;;In Betrieb;Normalladeeinrichtung;2.0;44.0;01-01-13;Kniebreche;0;;97199;Ochsenfurt;Landkreis Würzburg;Bayern;49.661891;10.068453;;;;Keine Angabe;;;AC Typ 2 Steckdose;22;;;AC Typ 2 Steckdose;22;;;;;;;;;;;;;;;;;;;49.661891, 10.068453
224;1005542;Überlandwerk Schäftersheim GmbH & Co. KG;;In Betrieb;Normalladeeinrichtung;2.0;44.0;01-01-28;Am Greinberg;29;;97199;Ochsenfurt;Landkreis Würzburg;Bayern;49.6595;10.0886;;;;Keine Angabe;;;AC Typ 2 Steckdose;22;;;AC Typ 2 Steckdose;22;;;;;;;;;;;;;;;;;;;49.6595, 10.0886
225;1022200;EWE Go GmbH;EWE Go GmbH;In Betrieb;Schnellladeeinrichtung;2.0;150.0;01-01-12;Marktbreiter Str.;54;;97199;Ochsenfurt;Landkreis Würzburg;Bayern;49.66481;10.076182;;;Onlinezahlungsverfahren;Keine Angabe;;;DC Fahrzeugkupplung Typ Combo 2 (CCS);150;;;DC Fahrzeugkupplung Typ Combo 2 (CCS);150;;;;;;;;;;;;;;;;;;;49.66481, 10.076182
226;1035824;ALDI SÜD Immobilienverwaltungs-GmbH & Co. oHG;ALDI SÜD;In Betrieb;Normalladeeinrichtung;2.0;44.0;01-01-09;Pestalozzistraße;2;;97199;Ochsenfurt;Landkreis Würzburg;Bayern;49.662273;10.075871;;;Kostenlos;Keine Angabe;;;AC Typ 2 Steckdose;22;;;AC Typ 2 Steckdose;22;;;;;;;;;;;;;;;;;;;49.662273, 10.075871
227;1048754;Lidl Dienstleistung GmbH & Co. KG;Lidl;In Betrieb;Schnellladeeinrichtung;3.0;93.0;01-01-16;Pestalozzistr.;1a;LDE_6457_T54-HU1-4420-015;97199;Ochsenfurt;Landkreis Würzburg;Bayern;49.662211;10.074785;;;Onlinezahlungsverfahren;Keine Angabe;;;"AC Typ 2 Steckdose; AC Typ 2 Fahrzeugkupplung";"50; 50";;;"AC Typ 2 Fahrzeugkupplung; DC Fahrzeugkupplung Typ Combo 2 (CCS)";"50; 50";;;"AC Typ 2 Fahrzeugkupplung; DC CHAdeMO";;;;;;;;;;;;;;;;49.662211, 10.074785
228;1111390;Wirelane GmbH;Wirelane GmbH;In Betrieb;Normalladeeinrichtung;2.0;22.0;01-01-31;Marktbreiter Straße;265;;97199;Ochsenfurt;Landkreis Würzburg;Bayern;49.66472;10.094865;;keine Beschränkung;"Kreditkarte (NFC);Onlinezahlungsverfahren;Debitkarte (NFC);RFID-Karte";Keine Angabe;;;AC Typ 2 Steckdose;22;;5927 E900 87CF 4191 2437 2092 EDE9 4252 ED03 782D 9180 A513 3F75 8205 C9D8 0F6C CF40 3841 279E A194 CA01 55FB 1D90 F990;AC Typ 2 Steckdose;22;;F3C2 06AA 35F5 3601 2B4E D044 466E AE24 82DD 932C 4A0C 6BA8 10E8 6232 04A2 366D 2AF3 5BE8 27E7 B01B 7AA6 D76A 1372 4A9B;;;;;;;;;;;;;;;;;49.66472, 10.094865
229;1111562;Wirelane GmbH;Wirelane GmbH;In Betrieb;Normalladeeinrichtung;2.0;22.0;01-01-31;Marktbreiter Straße;265;;97199;Ochsenfurt;Landkreis Würzburg;Bayern;49.66472;10.094865;;keine Beschränkung;"Kreditkarte (NFC);Onlinezahlungsverfahren;Debitkarte (NFC);RFID-Karte";Keine Angabe;;;AC Typ 2 Steckdose;22;;BD0B 1897 6843 9B1F D7F4 6E19 342B 5BB4 40F5 3B0C 3AC8 A76F 0697 2797 E720 B652 B17C AADE 2AB3 0708 BC8D FFB9 A521 DD5C;AC Typ 2 Steckdose;22;;BD0B 1897 6843 9B1F D7F4 6E19 342B 5BB4 40F5 3B0C 3AC8 A76F 0697 2797 E720 B652 B17C AADE 2AB3 0708 BC8D FFB9 A521 DD5C;;;;;;;;;;;;;;;;;49.66472, 10.094865
230;1040881;Stadtwerke Würzburg AG;;In Betrieb;Normalladeeinrichtung;2.0;44.0;01-01-11;Albert-Schweitzer-Straße;10;;97204;Höchberg;Landkreis Würzburg;Bayern;49.789378;9.885107;;;"Onlinezahlungsverfahren;RFID-Karte";Keine Angabe;;;AC Typ 2 Steckdose;22;;;AC Typ 2 Steckdose;22;;;;;;;;;;;;;;;;;;;49.789378, 9.885107
231;1040882;Stadtwerke Würzburg AG;;In Betrieb;Normalladeeinrichtung;2.0;44.0;01-01-11;Albrecht-Dürer-Straße;104;;97204;Höchberg;Landkreis Würzburg;Bayern;49.79094;9.887682;;;"Onlinezahlungsverfahren;RFID-Karte";Keine Angabe;;;AC Typ 2 Steckdose;22;;;AC Typ 2 Steckdose;22;;;;;;;;;;;;;;;;;;;49.79094, 9.887682
232;1040883;Stadtwerke Würzburg AG;;In Betrieb;Schnellladeeinrichtung;2.0;150.0;01-01-09;Einsteinstraße;1;;97204;Höchberg;Landkreis Würzburg;Bayern;49.772661;9.871019;;;"Onlinezahlungsverfahren;RFID-Karte";Keine Angabe;;;"AC Typ 2 Steckdose; DC Fahrzeugkupplung Typ Combo 2 (CCS)";"150; 150";;;"AC Typ 2 Steckdose; DC Fahrzeugkupplung Typ Combo 2 (CCS)";"150; 150";;;;;;;;;;;;;;;;;;;49.772661, 9.871019
233;1128244;Claus Heinemann Elektroanlagen GmbH;ChargeOne;In Betrieb;Schnellladeeinrichtung;2.0;235.0;01-01-13;Waldstr.;4;;97204;Höchberg;Landkreis Würzburg;Bayern;49.787609;9.881121;2698;Keine Beschränkung;"Kreditkarte (Lesegerät);Kreditkarte (NFC);Debitkarte (Lesegerät);Debitkarte (NFC);Onlinezahlungsverfahren;RFID-Karte";247;"Montag; Dienstag; Mittwoch; Donnerstag; Freitag; Samstag; Sonntag";"00:00-23:59; 00:00-23:59; 00:00-23:59; 00:00-23:59; 00:00-23:59; 00:00-23:59; 00:00-23:59";DC Fahrzeugkupplung Typ Combo 2 (CCS);235;;3059301306072A8648CE3D020106082A8648CE3D03010703420004E094EB7068E92BC8E0858C43ECF75DA042751B936B377FF451D74850DB4AE3E2B18D100DB4D31CF558AC511942B418C32D596591374280FF02F2B3FBA86E36E7;DC Fahrzeugkupplung Typ Combo 2 (CCS);235;;3059301306072A8648CE3D020106082A8648CE3D03010703420004C7AAA8F118CC22E9DF44600E5C654496C5E24D932B8A01636CE0364C55468DBB86F2320AD135925989E8645F8CA3776AE6F5410C1905D2275664D1D1BE29D852;;;;;;;;;;;;;;;;;49.787609, 9.881121
234;1128868;Claus Heinemann Elektroanlagen GmbH;ChargeOne;In Betrieb;Schnellladeeinrichtung;2.0;235.0;01-01-26;Waldstr.;4;;97204;Höchberg;Landkreis Würzburg;Bayern;49.787609;9.881121;2698;Keine Beschränkung;"Kreditkarte (Lesegerät);Kreditkarte (NFC);Debitkarte (Lesegerät);Debitkarte (NFC);Onlinezahlungsverfahren;RFID-Karte";247;"Montag; Dienstag; Mittwoch; Donnerstag; Freitag; Samstag; Sonntag";"00:00-23:59; 00:00-23:59; 00:00-23:59; 00:00-23:59; 00:00-23:59; 00:00-23:59; 00:00-23:59";DC Fahrzeugkupplung Typ Combo 2 (CCS);235;;3059301306072A8648CE3D020106082A8648CE3D0301070342000408057D40D511803A435249F68460E76BC3620D982696EBE64C62D453EB56AC531E160783C1C14473ABA304FC1071D6A2E71CFE00D7632408857BE22AA077B1AF;DC Fahrzeugkupplung Typ Combo 2 (CCS);235;;3059301306072A8648CE3D020106082A8648CE3D030107034200048BEA2FA8A045B7858354AA0D905481CA34D5F72ADCF9C8EBAED9B58AA042D6E5E7934DB7924A3D9A79F96FC4A50C529F7F21F343B5850F90C51F78F522A19594;;;;;;;;;;;;;;;;;49.787609, 9.881121
235;1005255;NEG Neue Energien Mainfranken GmbH;;In Betrieb;Normalladeeinrichtung;2.0;44.0;01-01-13;Sendelbachstraße;2;;97209;Veitshöchheim;Landkreis Würzburg;Bayern;49.8376;9.87506;;;;Keine Angabe;;;AC Typ 2 Steckdose;22;;;AC Typ 2 Steckdose;22;;;;;;;;;;;;;;;;;;;49.8376, 9.87506
236;1005257;NEG Neue Energien Mainfranken GmbH;;In Betrieb;Normalladeeinrichtung;2.0;44.0;01-01-06;Gadheimer Straße;19;;97209;Veitshöchheim;Landkreis Würzburg;Bayern;49.84546;9.90592;;;;Keine Angabe;;;AC Typ 2 Steckdose;22;;;AC Typ 2 Steckdose;22;;;;;;;;;;;;;;;;;;;49.84546, 9.90592
237;1005260;NEG Neue Energien Mainfranken GmbH;;In Betrieb;Normalladeeinrichtung;2.0;44.0;01-01-18;Bahnhofstraße;11a;;97209;Veitshöchheim;Landkreis Würzburg;Bayern;49.83204;9.87576;;;;Keine Angabe;;;AC Typ 2 Steckdose;22;;;AC Typ 2 Steckdose;22;;;;;;;;;;;;;;;;;;;49.83204, 9.87576
238;1005263;NEG Neue Energien Mainfranken GmbH;;In Betrieb;Normalladeeinrichtung;2.0;44.0;01-01-30;An den Fichtenäckern;0;Flur-Nr. 862/10;97209;Veitshöchheim;Landkreis Würzburg;Bayern;49.830558;9.893357;;;;Keine Angabe;;;AC Typ 2 Steckdose;22;;;AC Typ 2 Steckdose;22;;;;;;;;;;;;;;;;;;;49.830558, 9.893357
239;1005264;NEG Neue Energien Mainfranken GmbH;;In Betrieb;Normalladeeinrichtung;2.0;44.0;;Wolfstalstr.;49;;97209;Veitshöchheim;Landkreis Würzburg;Bayern;49.836237;9.895483;;;;Keine Angabe;;;AC Typ 2 Steckdose;22;;;AC Typ 2 Steckdose;22;;;;;;;;;;;;;;;;;;;49.836237, 9.895483
240;1028171;NEG Neue Energien Mainfranken GmbH;;In Betrieb;Normalladeeinrichtung;2.0;44.0;01-01-10;Am Schenkenfeld;-;;97209;Veitshöchheim;Landkreis Würzburg;Bayern;49.824539;9.881617;VHH - Öffentl. Parkplatz am Schenkenfeld;Keine Beschränkung;"Onlinezahlungsverfahren;RFID-Karte";247;"Montag; Dienstag; Mittwoch; Donnerstag; Freitag; Samstag; Sonntag";"00:00-23:59; 00:00-23:59; 00:00-23:59; 00:00-23:59; 00:00-23:59; 00:00-23:59; 00:00-23:59";AC Typ 2 Fahrzeugkupplung;22;DE*LVP*E21787*001;;AC Typ 2 Fahrzeugkupplung;22;DE*LVP*E21787*002;;;;;;;;;;;;;;;;;;49.824539, 9.881617
241;1028172;NEG Neue Energien Mainfranken GmbH;;In Betrieb;Normalladeeinrichtung;2.0;44.0;01-01-10;Heidenfelderstr.;-;;97209;Veitshöchheim;Landkreis Würzburg;Bayern;49.834657;9.890998;VHH - Heidenfelder Str. Danziger Platz;Keine Beschränkung;"Onlinezahlungsverfahren;RFID-Karte";247;"Montag; Dienstag; Mittwoch; Donnerstag; Freitag; Samstag; Sonntag";"00:00-23:59; 00:00-23:59; 00:00-23:59; 00:00-23:59; 00:00-23:59; 00:00-23:59; 00:00-23:59";AC Typ 2 Fahrzeugkupplung;22;DE*LVP*E21792*001;;AC Typ 2 Fahrzeugkupplung;22;DE*LVP*E21792*002;;;;;;;;;;;;;;;;;;49.834657, 9.890998
242;1034251;NEG Neue Energien Mainfranken GmbH;;In Betrieb;Normalladeeinrichtung;2.0;44.0;01-01-10;Parkstr.;-;;97209;Veitshöchheim;Landkreis Würzburg;Bayern;49.829896;9.870929;Veitshöchheim - Parkplatz Mainfrankensälen;Keine Beschränkung;"Onlinezahlungsverfahren;RFID-Karte";247;"Montag; Dienstag; Mittwoch; Donnerstag; Freitag; Samstag; Sonntag";"00:00-23:59; 00:00-23:59; 00:00-23:59; 00:00-23:59; 00:00-23:59; 00:00-23:59; 00:00-23:59";AC Typ 2 Fahrzeugkupplung;22;DE*LVP*E20699*001;;AC Typ 2 Fahrzeugkupplung;22;DE*LVP*E20699*002;;;;;;;;;;;;;;;;;;49.829896, 9.870929
243;1034252;NEG Neue Energien Mainfranken GmbH;;In Betrieb;Normalladeeinrichtung;2.0;44.0;01-01-10;Parkstr.;-;;97209;Veitshöchheim;Landkreis Würzburg;Bayern;49.829896;9.870929;Veitshöchheim - Parkplatz Mainfrankensälen;Keine Beschränkung;"Onlinezahlungsverfahren;RFID-Karte";247;"Montag; Dienstag; Mittwoch; Donnerstag; Freitag; Samstag; Sonntag";"00:00-23:59; 00:00-23:59; 00:00-23:59; 00:00-23:59; 00:00-23:59; 00:00-23:59; 00:00-23:59";AC Typ 2 Fahrzeugkupplung;22;DE*LVP*E20700*001;;AC Typ 2 Fahrzeugkupplung;22;DE*LVP*E20700*002;;;;;;;;;;;;;;;;;;49.829896, 9.870929
244;1077561;Charge and Co GmbH;Charge and Co;In Betrieb;Normalladeeinrichtung;1.0;22.0;01-01-20;Untere Maingasse;35;;97209;Veitshöchheim;Landkreis Würzburg;Bayern;49.83347;9.86985;;;Onlinezahlungsverfahren;Keine Angabe;;;AC Typ 2 Steckdose;22;;;;;;;;;;;;;;;;;;;;;;;49.83347, 9.86985
245;1077562;Charge and Co GmbH;Charge and Co;In Betrieb;Normalladeeinrichtung;1.0;22.0;01-01-20;Untere Maingasse;35;;97209;Veitshöchheim;Landkreis Würzburg;Bayern;49.83347;9.86985;;;Onlinezahlungsverfahren;Keine Angabe;;;AC Typ 2 Steckdose;22;;;;;;;;;;;;;;;;;;;;;;;49.83347, 9.86985
246;1080645;Hotel am Main GmbH & Co.KG;;In Betrieb;Normalladeeinrichtung;2.0;11.0;;Untere Maingasse;35;;97209;Bayern - Veitshöchheim;Landkreis Würzburg;Bayern;49.83301;9.869883;;;"Bargeld;Kreditkarte (Lesegerät)";Keine Angabe;;;AC Typ 2 Steckdose;11;;;AC Typ 2 Steckdose;11;;;;;;;;;;;;;;;;;;;49.83301, 9.869883
247;1087096;Moritz Kühnert;;In Betrieb;Normalladeeinrichtung;1.0;11.0;;Nikolaus-Fey-Str.;3;;97209;Veitshöchheim;Landkreis Würzburg;Bayern;49.83127;9.880367;;;Bargeld;Keine Angabe;;;AC Typ 2 Steckdose;11;;;;;;;;;;;;;;;;;;;;;;;49.83127, 9.880367
248;1089751;Autohaus Keller GmbH;;In Betrieb;Schnellladeeinrichtung;2.0;90.0;01-01-04;Würzburger Straße;66;;97209;Veitshöchheim;Landkreis Würzburg;Bayern;49.824389;9.87845;;;"Kreditkarte (Lesegerät);Kreditkarte (NFC);Onlinezahlungsverfahren;Debitkarte (Lesegerät);Debitkarte (NFC);RFID-Karte;Sonstige";Keine Angabe;;;DC Fahrzeugkupplung Typ Combo 2 (CCS);90;;;AC Typ 2 Fahrzeugkupplung;22;;;;;;;;;;;;;;;;;;;49.824389, 9.87845
249;1120314;NEG Neue Energien Mainfranken GmbH;;In Betrieb;Normalladeeinrichtung;2.0;44.0;01-01-19;Heidenfelderstr.;-;;97209;Veitshöchheim;Landkreis Würzburg;Bayern;49.834657;9.890998;Veitshöchheim - Danziger Platz;Keine Beschränkung;"Onlinezahlungsverfahren;RFID-Karte";247;"Montag; Dienstag; Mittwoch; Donnerstag; Freitag; Samstag; Sonntag";"00:00-23:59; 00:00-23:59; 00:00-23:59; 00:00-23:59; 00:00-23:59; 00:00-23:59; 00:00-23:59";AC Typ 2 Fahrzeugkupplung;22;DE*LVP*E22219*001;3059301306072A8648CE3D020106082A8648CE3D03010703420004B431374560ED537109CE6C4510724085F1C0AE5B7847986AE0E55BA6C22674E04A675A84B34235280D9A12F9328F6CD934334DCE0D504A61E3DFDC4F60F1FF28;AC Typ 2 Fahrzeugkupplung;22;DE*LVP*E22219*002;3059301306072A8648CE3D020106082A8648CE3D030107034200048265018A1E79B274042071CA38AA4AD7B76B68B1EE71A6D0CCF1F1BCD2E5EA65F09C4F7209C1B934F70B603D0B67329D11B29A7F53807B8547335023AF00D5E4;;;;;;;;;;;;;;;;;49.834657, 9.890998
250;1006515;N-ERGIE Aktiengesellschaft;;In Betrieb;Normalladeeinrichtung;2.0;44.0;01-01-08;Eichendorffstraße;1;;97218;Gerbrunn;Landkreis Würzburg;Bayern;49.77958;9.98447;;;"Onlinezahlungsverfahren;RFID-Karte";Keine Angabe;;;AC Typ 2 Steckdose;22;;;AC Typ 2 Steckdose;22;;;;;;;;;;;;;;;;;;;49.77958, 9.98447
251;1006617;N-ERGIE Aktiengesellschaft;;In Betrieb;Normalladeeinrichtung;2.0;44.0;01-01-06;Gieshügler Straße;2;;97218;Gerbrunn;Landkreis Würzburg;Bayern;49.77741;9.98855;;;"Onlinezahlungsverfahren;RFID-Karte";Keine Angabe;;;AC Typ 2 Steckdose;22;;;AC Typ 2 Steckdose;22;;;;;;;;;;;;;;;;;;;49.77741, 9.98855
252;1040766;ÜZ Mainfranken eG;ÜZ Mainfranken eG;In Betrieb;Normalladeeinrichtung;2.0;30.0;01-01-16;Schulzengasse;0;;97222;Rimpar;Landkreis Würzburg;Bayern;49.92727;9.97108;;;;Keine Angabe;;;AC Typ 2 Steckdose;22;;;AC Typ 2 Steckdose;22;;;;;;;;;;;;;;;;;;;49.92727, 9.97108
253;1040795;ÜZ Mainfranken eG;ÜZ Mainfranken eG;In Betrieb;Normalladeeinrichtung;2.0;44.0;01-01-20;Einsiedel;1;;97222;Rimpar;Landkreis Würzburg;Bayern;49.89991;9.95989;;;;Keine Angabe;;;AC Typ 2 Steckdose;22;;;AC Typ 2 Steckdose;22;;;;;;;;;;;;;;;;;;;49.89991, 9.95989
254;1040798;ÜZ Mainfranken eG;ÜZ Mainfranken eG;In Betrieb;Normalladeeinrichtung;2.0;30.0;01-01-10;Einsiedel;1;;97222;Rimpar;Landkreis Würzburg;Bayern;49.8999;9.9599;;;;Keine Angabe;;;AC Typ 2 Steckdose;22;;;AC Typ 2 Steckdose;22;;;;;;;;;;;;;;;;;;;49.8999, 9.9599
255;1040858;Stadtwerke Würzburg AG;;In Betrieb;Normalladeeinrichtung;2.0;33.0;01-01-23;Hofstraße;6;;97222;Rimpar;Landkreis Würzburg;Bayern;49.856443;9.957552;;;;Keine Angabe;;;AC Typ 2 Steckdose;22;;;AC Typ 2 Steckdose;22;;;;;;;;;;;;;;;;;;;49.856443, 9.957552
256;1088430;Wolfgang Greubel;;In Betrieb;Normalladeeinrichtung;1.0;11.0;01-01-21;Am Schleifweg;5;;97222;Rimpar;Landkreis Würzburg;Bayern;49.856182;9.960477;;;Kostenlos;Keine Angabe;;;AC Typ 2 Fahrzeugkupplung;11;;;;;;;;;;;;;;;;;;;;;;;49.856182, 9.960477
257;1040860;Stadtwerke Würzburg AG;;In Betrieb;Normalladeeinrichtung;2.0;44.0;01-01-18;Moritzberg;1;;97228;Rottendorf;Landkreis Würzburg;Bayern;49.787217;10.031144;;;;Keine Angabe;;;AC Typ 2 Steckdose;22;;;AC Typ 2 Steckdose;22;;;;;;;;;;;;;;;;;;;49.787217, 10.031144
258;1040861;Stadtwerke Würzburg AG;;In Betrieb;Normalladeeinrichtung;2.0;44.0;01-01-18;Moritzberg;1;;97228;Rottendorf;Landkreis Würzburg;Bayern;49.787215;10.031159;;;;Keine Angabe;;;AC Typ 2 Steckdose;22;;;AC Typ 2 Steckdose;22;;;;;;;;;;;;;;;;;;;49.787215, 10.031159
259;1047889;Stadtwerke Würzburg AG;;In Betrieb;Schnellladeeinrichtung;2.0;150.0;01-01-27;Am Moritzberg;1;;97228;Rottendorf;Landkreis Würzburg;Bayern;49.787172;10.03101;;Keine Beschränkung;"Onlinezahlungsverfahren;RFID-Karte;Plug & Charge";Keine Angabe;;;DC Fahrzeugkupplung Typ Combo 2 (CCS);150;;;DC Fahrzeugkupplung Typ Combo 2 (CCS);150;;;;;;;;;;;;;;;;;;;49.787172, 10.03101
260;1048305;Stadtwerke Würzburg AG;;In Betrieb;Normalladeeinrichtung;2.0;44.0;01-01-12;Estenfelder Str.;37;;97228;Rottendorf;Landkreis Würzburg;Bayern;49.797606;10.023267;;Keine Beschränkung;"RFID-Karte;Onlinezahlungsverfahren";Keine Angabe;;;AC Typ 2 Steckdose;22;;;AC Typ 2 Steckdose;22;;;;;;;;;;;;;;;;;;;49.797606, 10.023267
261;1085251;Daniel Hofmann;;In Betrieb;Normalladeeinrichtung;1.0;11.0;01-01-28;Riemenschneiderstraße;5;;97228;Rottendorf;Landkreis Würzburg;Bayern;49.795727;10.023495;;;Kostenlos;Keine Angabe;;;AC Typ 2 Fahrzeugkupplung;11;;;;;;;;;;;;;;;;;;;;;;;49.795727, 10.023495
262;1127042;SMATRICS GmbH & Co KG;;In Betrieb;Schnellladeeinrichtung;2.0;400.0;01-01-13;Am Reißbach;2;;97228;Rottendorf;Landkreis Würzburg;Bayern;49.787485;10.032854;HEM Rottendorf (1);Keine Beschränkung;"Kreditkarte (NFC);RFID-Karte;Onlinezahlungsverfahren";247;"Montag; Dienstag; Mittwoch; Donnerstag; Freitag; Samstag; Sonntag";"00:00-23:59; 00:00-23:59; 00:00-23:59; 00:00-23:59; 00:00-23:59; 00:00-23:59; 00:00-23:59";DC Fahrzeugkupplung Typ Combo 2 (CCS);400;DE*SMA*EDE3583282*001DC;;DC Fahrzeugkupplung Typ Combo 2 (CCS);400;DE*SMA*EDE3583282*002DC;;;;;;;;;;;;;;;;;;49.787485, 10.032854
263;1127043;SMATRICS GmbH & Co KG;;In Betrieb;Schnellladeeinrichtung;2.0;400.0;01-01-13;Am Reißbach;2;;97228;Rottendorf;Landkreis Würzburg;Bayern;49.787485;10.032854;HEM Rottendorf (2);Keine Beschränkung;"Kreditkarte (Lesegerät);RFID-Karte;Onlinezahlungsverfahren";247;"Montag; Dienstag; Mittwoch; Donnerstag; Freitag; Samstag; Sonntag";"00:00-23:59; 00:00-23:59; 00:00-23:59; 00:00-23:59; 00:00-23:59; 00:00-23:59; 00:00-23:59";DC Fahrzeugkupplung Typ Combo 2 (CCS);400;DE*SMA*EDE3583282*003DC;;DC Fahrzeugkupplung Typ Combo 2 (CCS);400;DE*SMA*EDE3583282*004DC;;;;;;;;;;;;;;;;;;49.787485, 10.032854
264;1036668;Numbat GmbH;Numbat GmbH;In Betrieb;Schnellladeeinrichtung;2.0;300.0;01-01-22;Am Zehnthügel;2;;97230;Estenfeld;Landkreis Würzburg;Bayern;49.832694;10.007018;Parkplatz Mitte;Keine Beschränkung;"Kreditkarte (Lesegerät);Kreditkarte (NFC);Debitkarte (Lesegerät);Debitkarte (NFC);Onlinezahlungsverfahren;RFID-Karte";Keine Angabe;;;DC Fahrzeugkupplung Typ Combo 2 (CCS);300;;;DC Fahrzeugkupplung Typ Combo 2 (CCS);300;;;;;;;;;;;;;;;;;;;49.832694, 10.007018
265;1036669;Numbat GmbH;Numbat GmbH;In Betrieb;Schnellladeeinrichtung;2.0;300.0;01-01-22;Am Zehnthügel;2;;97230;Estenfeld;Landkreis Würzburg;Bayern;49.832541;10.007146;Straße;Keine Beschränkung;"Kreditkarte (Lesegerät);Kreditkarte (NFC);Debitkarte (Lesegerät);Debitkarte (NFC);Onlinezahlungsverfahren;RFID-Karte";Keine Angabe;;;DC Fahrzeugkupplung Typ Combo 2 (CCS);300;;;DC Fahrzeugkupplung Typ Combo 2 (CCS);300;;;;;;;;;;;;;;;;;;;49.832541, 10.007146
266;1040901;Stadtwerke Würzburg AG;;In Betrieb;Schnellladeeinrichtung;2.0;150.0;01-01-14;Am Zehnthügel;1;;97230;Estenfeld;Landkreis Würzburg;Bayern;49.832468;10.006501;;;"Onlinezahlungsverfahren;RFID-Karte";Keine Angabe;;;DC Fahrzeugkupplung Typ Combo 2 (CCS);150;;;DC Fahrzeugkupplung Typ Combo 2 (CCS);150;;;;;;;;;;;;;;;;;;;49.832468, 10.006501
267;1077283;Stadtwerke Würzburg AG;;In Betrieb;Schnellladeeinrichtung;2.0;300.0;01-01-23;Otto-Hahn-Str.;26;;97230;Estenfeld;Landkreis Würzburg;Bayern;49.836727;10.012769;;Keine Beschränkung;"Onlinezahlungsverfahren;RFID-Karte;Kreditkarte (Lesegerät)";Keine Angabe;;;DC Fahrzeugkupplung Typ Combo 2 (CCS);300;;;DC Fahrzeugkupplung Typ Combo 2 (CCS);300;;;;;;;;;;;;;;;;;;;49.836727, 10.012769
268;1077284;Stadtwerke Würzburg AG;;In Betrieb;Schnellladeeinrichtung;2.0;300.0;01-01-23;Otto-Hahn-Str.;26;;97230;Estenfeld;Landkreis Würzburg;Bayern;49.836727;10.012769;;Keine Beschränkung;"Onlinezahlungsverfahren;RFID-Karte;Kreditkarte (Lesegerät)";Keine Angabe;;;DC Fahrzeugkupplung Typ Combo 2 (CCS);300;;;DC Fahrzeugkupplung Typ Combo 2 (CCS);300;;;;;;;;;;;;;;;;;;;49.836727, 10.012769
269;1093181;Sportwagen Spindler GmbH & Co. KG;;In Betrieb;Schnellladeeinrichtung;2.0;320.0;;Porschestr.;2;;97230;Estenfeld;Landkreis Würzburg;Bayern;49.840272;10.009571;;;"Bargeld;Onlinezahlungsverfahren;RFID-Karte;Plug & Charge";Keine Angabe;;;DC Fahrzeugkupplung Typ Combo 2 (CCS);320;;DE911E*DE*000140*0000001*0000001;DC Fahrzeugkupplung Typ Combo 2 (CCS);320;;DE911E*DE*000140*0000002*0000001;;;;;;;;;;;;;;;;;49.840272, 10.009571
270;1115306;Auto-Schlereth;;In Betrieb;Normalladeeinrichtung;1.0;22.0;01-01-18;Würzburger Str.;24;;97230;Estenfeld;Landkreis Würzburg;Bayern;49.83201;10.00705;Würzburger Straße 24;Nur für Kunden/Besucher;Bargeld;Eingeschränkt;"Montag; Dienstag; Mittwoch; Donnerstag; Freitag";"08:00-16:30; 08:00-16:30; 08:00-16:30; 08:00-16:30; 08:00-16:30";"AC Typ 2 Steckdose; AC Typ 2 Fahrzeugkupplung";"22; 22";;;;;;;;;;;;;;;;;;;;;;;49.83201, 10.00705
271;1128236;Claus Heinemann Elektroanlagen GmbH;ChargeOne;In Betrieb;Schnellladeeinrichtung;2.0;235.0;01-01-13;Am Zehnthügel;2;;97230;Estenfeld;Landkreis Würzburg;Bayern;49.832806;10.007027;;Keine Beschränkung;"Kreditkarte (Lesegerät);Kreditkarte (NFC);Debitkarte (Lesegerät);Debitkarte (NFC);Onlinezahlungsverfahren;RFID-Karte";247;"Montag; Dienstag; Mittwoch; Donnerstag; Freitag; Samstag; Sonntag";"00:00-23:59; 00:00-23:59; 00:00-23:59; 00:00-23:59; 00:00-23:59; 00:00-23:59; 00:00-23:59";DC Fahrzeugkupplung Typ Combo 2 (CCS);235;;3059301306072A8648CE3D020106082A8648CE3D0301070342000475FF39F72C639CB6AA583C3C2792DF82499A7B28B1DDBD027162975B08B3E9F12FD8D840914772CAF3FF881ECDCFF7780A8F8FA6550DBBC44CC8D453FED33C85;DC Fahrzeugkupplung Typ Combo 2 (CCS);235;;3059301306072A8648CE3D020106082A8648CE3D0301070342000485142519856745877694725C413ADFE5AE7142AB6127E7B0C126ED8A5A275966575CC9FADA3C9DCC11CF857EAD56D2275C77D01D65C77DF1CB36D44F6B60ED43;;;;;;;;;;;;;;;;;49.832806, 10.007027
272;1128240;Claus Heinemann Elektroanlagen GmbH;ChargeOne;In Betrieb;Schnellladeeinrichtung;2.0;235.0;01-01-13;Am Zehnthügel;2;;97230;Estenfeld;Landkreis Würzburg;Bayern;49.832806;10.007027;2144;Keine Beschränkung;"Kreditkarte (Lesegerät);Kreditkarte (NFC);Debitkarte (Lesegerät);Debitkarte (NFC);Onlinezahlungsverfahren;RFID-Karte";247;"Montag; Dienstag; Mittwoch; Donnerstag; Freitag; Samstag; Sonntag";"00:00-23:59; 00:00-23:59; 00:00-23:59; 00:00-23:59; 00:00-23:59; 00:00-23:59; 00:00-23:59";DC Fahrzeugkupplung Typ Combo 2 (CCS);235;;3059301306072A8648CE3D020106082A8648CE3D03010703420004D2DAB6BC1DE7E30CB49B6DD966374F7633F0DD6CF8AC4BC395A5F8CB5A245C35F2678E02FE9AA5993FE7DF11BAA17FAF93B5D62EA03D3EABF222442B3F36E44F;DC Fahrzeugkupplung Typ Combo 2 (CCS);235;;3059301306072A8648CE3D020106082A8648CE3D030107034200040D72E4C58778CFCB652C9A482C3DAE581F4CEFDE108C67D17351586ECA50F1F1EC83DD48375598F5410063A9233940991EB49744A567182DADEFFF6B11A667AD;;;;;;;;;;;;;;;;;49.832806, 10.007027
273;1006606;N-ERGIE Aktiengesellschaft;;In Betrieb;Normalladeeinrichtung;2.0;44.0;01-01-16;Friedenstr.;37;;97232;Giebelstadt;Landkreis Würzburg;Bayern;49.656584;9.947362;Standort: Giebelstadt - Friedenstraße;Keine Beschränkung;"Onlinezahlungsverfahren;RFID-Karte";Keine Angabe;;;AC Typ 2 Steckdose;22;DE*LVP*E21317*001;;AC Typ 2 Steckdose;22;DE*LVP*E21317*002;;;;;;;;;;;;;;;;;;49.656584, 9.947362
274;1006607;N-ERGIE Aktiengesellschaft;;In Betrieb;Normalladeeinrichtung;2.0;44.0;01-01-16;Friedenstraße;37;;97232;Giebelstadt;Landkreis Würzburg;Bayern;49.656584;9.947362;;;"Onlinezahlungsverfahren;RFID-Karte";Keine Angabe;;;AC Typ 2 Steckdose;22;;;AC Typ 2 Steckdose;22;;;;;;;;;;;;;;;;;;;49.656584, 9.947362
275;1126428;N-ERGIE Aktiengesellschaft;;In Betrieb;Normalladeeinrichtung;2.0;44.0;01-01-16;Friedenstr.;37;;97232;Giebelstadt;Landkreis Würzburg;Bayern;49.656584;9.947362;Standort: Giebelstadt - Friedenstraße;Keine Beschränkung;"RFID-Karte;Onlinezahlungsverfahren";Keine Angabe;;;AC Typ 2 Steckdose;22;DE*LVP*E21321*001;;AC Typ 2 Steckdose;22;DE*LVP*E21321*001;;;;;;;;;;;;;;;;;;49.656584, 9.947362
276;1126429;N-ERGIE Aktiengesellschaft;;In Betrieb;Normalladeeinrichtung;2.0;44.0;01-01-16;Friedenstr.;37;;97232;Giebelstadt;Landkreis Würzburg;Bayern;49.656584;9.947362;Standort: Giebelstadt - Friedenstraße;Keine Beschränkung;"RFID-Karte;Onlinezahlungsverfahren";Keine Angabe;;;AC Typ 2 Steckdose;22;DE*LVP*E21327*001;;AC Typ 2 Steckdose;22;DE*LVP*E21327*002;;;;;;;;;;;;;;;;;;49.656584, 9.947362
277;1061569;Stadtwerke Würzburg AG;;In Betrieb;Schnellladeeinrichtung;2.0;150.0;01-01-10;Georg-Heinrich-Appl-Str.;20;;97234;Reichenberg;Landkreis Würzburg;Bayern;49.688247;9.945176;;Keine Beschränkung;"Onlinezahlungsverfahren;RFID-Karte";Keine Angabe;;;DC Fahrzeugkupplung Typ Combo 2 (CCS);150;;;DC Fahrzeugkupplung Typ Combo 2 (CCS);150;;;;;;;;;;;;;;;;;;;49.688247, 9.945176
278;1061571;Stadtwerke Würzburg AG;;In Betrieb;Schnellladeeinrichtung;2.0;150.0;01-01-10;Georg-Heinrich-Appl-Str.;20;;97234;Reichenberg;Landkreis Würzburg;Bayern;49.688247;9.945176;;Keine Beschränkung;"Onlinezahlungsverfahren;RFID-Karte";Keine Angabe;;;DC Fahrzeugkupplung Typ Combo 2 (CCS);150;;;DC Fahrzeugkupplung Typ Combo 2 (CCS);150;;;;;;;;;;;;;;;;;;;49.688247, 9.945176
279;1061572;Stadtwerke Würzburg AG;;In Betrieb;Schnellladeeinrichtung;2.0;150.0;01-01-10;Georg-Heinrich-Appl-Str.;20;;97234;Reichenberg;Landkreis Würzburg;Bayern;49.688247;9.945176;;Keine Beschränkung;"Onlinezahlungsverfahren;RFID-Karte";Keine Angabe;;;DC Fahrzeugkupplung Typ Combo 2 (CCS);150;;;DC Fahrzeugkupplung Typ Combo 2 (CCS);150;;;;;;;;;;;;;;;;;;;49.688247, 9.945176
280;1061573;Stadtwerke Würzburg AG;;In Betrieb;Schnellladeeinrichtung;2.0;150.0;01-01-10;Georg-Heinrich-Appl-Str.;20;;97234;Reichenberg;Landkreis Würzburg;Bayern;49.688247;9.945176;;Keine Beschränkung;"Onlinezahlungsverfahren;RFID-Karte";Keine Angabe;;;DC Fahrzeugkupplung Typ Combo 2 (CCS);150;;;DC Fahrzeugkupplung Typ Combo 2 (CCS);150;;;;;;;;;;;;;;;;;;;49.688247, 9.945176
281;1086064;Horst Kohmann;;In Betrieb;Normalladeeinrichtung;1.0;11.0;01-01-21;Birkenweg;7;;97234;Reichenberg;Landkreis Würzburg;Bayern;49.703994;9.908538;;;Kostenlos;Keine Angabe;;;AC Typ 2 Fahrzeugkupplung;11;;;;;;;;;;;;;;;;;;;;;;;49.703994, 9.908538
282;1037563;Citywatt GmbH;Citywatt GmbH;In Betrieb;Normalladeeinrichtung;2.0;44.0;01-01-30;Würzburger Str.;6;;97236;Randersacker;Landkreis Würzburg;Bayern;49.758733;9.98065;;;"Onlinezahlungsverfahren;RFID-Karte";Keine Angabe;;;AC Typ 2 Steckdose;22;;AK4T EI6X 72FP O2UH LTHQ L6CH OSIA HFJ3 GNLU TVFW;AC Typ 2 Steckdose;22;;AL6L NR63 XSIF 5SPJ XDFO 2RA6 OBEE U4H5 LOEV 46WO;;;;;;;;;;;;;;;;;49.758733, 9.98065
283;1037564;Citywatt GmbH;Citywatt GmbH;In Betrieb;Normalladeeinrichtung;2.0;44.0;01-01-03;Würzburger Str.;6;;97236;Randersacker;Landkreis Würzburg;Bayern;49.758702;9.98072;;;"Onlinezahlungsverfahren;RFID-Karte";Keine Angabe;;;AC Typ 2 Steckdose;22;;AMGQ ACMK B7WT ISAU 7N35 LN5T VDZO 6MDU XDFU KH7Z;AC Typ 2 Steckdose;22;;ANPX AOVL MZIE MLUT WQLX WFZG WJUK UENM 23CK A7NL;;;;;;;;;;;;;;;;;49.758702, 9.98072
284;1066805;Dieter Körner e.K.;EDEKA Körner;In Betrieb;Schnellladeeinrichtung;2.0;72.0;01-01-16;Am Sonnenstuhl;8-10;;97236;Randersacker;Landkreis Würzburg;Bayern;49.752739;9.987884;;;"Onlinezahlungsverfahren;RFID-Karte";Keine Angabe;;;AC Typ 2 Steckdose;22;;;DC Fahrzeugkupplung Typ Combo 2 (CCS);50;;;;;;;;;;;;;;;;;;;49.752739, 9.987884
285;1089884;Überlandwerk Schäftersheim GmbH & Co. KG;;In Betrieb;Normalladeeinrichtung;2.0;44.0;01-01-05;Am Roßmarkt;-;;97239;Aub;Landkreis Würzburg;Bayern;49.5505;10.06651;Aub - Am Rossmarkt;Keine Beschränkung;"Debitkarte (Lesegerät);Onlinezahlungsverfahren;RFID-Karte";247;"Montag; Dienstag; Mittwoch; Donnerstag; Freitag; Samstag; Sonntag";"00:00-23:59; 00:00-23:59; 00:00-23:59; 00:00-23:59; 00:00-23:59; 00:00-23:59; 00:00-23:59";AC Typ 2 Fahrzeugkupplung;22;DE*LVP*E22066*001;3059301306072A8648CE3D020106082A8648CE3D03010703420004DF1F5831D1A3ECB89A912C4A860DFB12FBC9BA87F54A1E5E5AF52057C92A3443E3257C952B1AC30B6A71FF0B3821DE2493D91F21D6DE441E5C269A4C43F22B42;AC Typ 2 Fahrzeugkupplung;22;DE*LVP*E22066*002;3059301306072A8648CE3D020106082A8648CE3D0301070342000414C00000CFD565B70045228C631EBD6DC4CCF24DC70FB4E705D62D7DEEDB1F57CF53138B833F4E035E0E89F75378C897C9C47A3FBDF282B02A8C8926D53D4D78;;;;;;;;;;;;;;;;;49.5505, 10.06651
286;1089885;Überlandwerk Schäftersheim GmbH & Co. KG;;In Betrieb;Normalladeeinrichtung;2.0;44.0;01-01-05;Am Roßmarkt;-;;97239;Aub;Landkreis Würzburg;Bayern;49.5505;10.06651;Aub - Am Rossmarkt;Keine Beschränkung;"Debitkarte (Lesegerät);Onlinezahlungsverfahren;RFID-Karte";247;"Montag; Dienstag; Mittwoch; Donnerstag; Freitag; Samstag; Sonntag";"00:00-23:59; 00:00-23:59; 00:00-23:59; 00:00-23:59; 00:00-23:59; 00:00-23:59; 00:00-23:59";AC Typ 2 Fahrzeugkupplung;22;DE*LVP*E21776*001;3059301306072A8648CE3D020106082A8648CE3D03010703420004B439564A3B62209709DF21C87D9D35B3B4CDAC071576675901EB4E832B843861FDCF59EDCBA73A94BFB949AA876FA36E56CCEAA8247EE368B4E1302D00FEE155;AC Typ 2 Fahrzeugkupplung;22;DE*LVP*E21776*002;3059301306072A8648CE3D020106082A8648CE3D0301070342000499A6608389B5D2ED61FD159ECEBA206E1EAE74C83D30BC834DFBF21647FFBFC0D339BC30B45BEAA433B7295A109F9A564CDE224AB9EC6A0E1FFA6E7D087122DC;;;;;;;;;;;;;;;;;49.5505, 10.06651
287;1012304;N-ERGIE Aktiengesellschaft;;In Betrieb;Normalladeeinrichtung;2.0;44.0;01-01-23;Am Wirtsgarten;0;;97241;Oberpleichfeld;Landkreis Würzburg;Bayern;49.87668;10.08528;;;"Onlinezahlungsverfahren;RFID-Karte";Keine Angabe;;;AC Typ 2 Steckdose;22;;;AC Typ 2 Steckdose;22;;;;;;;;;;;;;;;;;;;49.87668, 10.08528
288;1040779;ÜZ Mainfranken eG;ÜZ Mainfranken eG;In Betrieb;Normalladeeinrichtung;2.0;30.0;01-01-29;Oberpfleichfelderstraße;10;;97241;Bergtheim;Landkreis Würzburg;Bayern;49.89453;10.07003;;;;Keine Angabe;;;AC Typ 2 Steckdose;22;;;AC Typ 2 Steckdose;22;;;;;;;;;;;;;;;;;;;49.89453, 10.07003
289;1006131;N-ERGIE Aktiengesellschaft;;In Betrieb;Normalladeeinrichtung;2.0;44.0;01-01-11;Hauptstraße;14;;97246;Eibelstadt;Landkreis Würzburg;Bayern;49.723782;10.000977;;;;Keine Angabe;;;AC Typ 2 Steckdose;22;;;AC Typ 2 Steckdose;22;;;;;;;;;;;;;;;;;;;49.723782, 10.000977
290;1040933;Stadtwerke Würzburg AG;;In Betrieb;Schnellladeeinrichtung;2.0;150.0;01-01-07;Am Thomasboden;0;;97246;Eibelstadt;Landkreis Würzburg;Bayern;49.736083;9.989747;;;"Onlinezahlungsverfahren;RFID-Karte";Keine Angabe;;;DC Fahrzeugkupplung Typ Combo 2 (CCS);150;;;DC Fahrzeugkupplung Typ Combo 2 (CCS);150;;;;;;;;;;;;;;;;;;;49.736083, 9.989747
291;1066720;Yachthafen Lewandowski GmbH & Co. KG;Yachthafen Lewandowski;In Betrieb;Normalladeeinrichtung;2.0;22.0;01-01-24;Mühle;2;;97246;Eibelstadt;Landkreis Würzburg;Bayern;49.72512;9.993568;;;"Onlinezahlungsverfahren;RFID-Karte";Keine Angabe;;;AC Typ 2 Steckdose;22;;;AC Typ 2 Steckdose;22;;;;;;;;;;;;;;;;;;;49.72512, 9.993568
292;1127515;Stadtwerke Würzburg AG;;In Betrieb;Normalladeeinrichtung;2.0;44.0;01-01-27;Ochsenfurter Str.;4;;97246;Eibelstadt;Landkreis Würzburg;Bayern;49.722327;10.003678;;Keine Beschränkung;"RFID-Karte;Onlinezahlungsverfahren;Sonstige";Keine Angabe;;;AC Typ 2 Steckdose;22;;;AC Typ 2 Steckdose;22;;;;;;;;;;;;;;;;;;;49.722327, 10.003678
293;1127856;Suntec Energiesysteme GmbH;;In Betrieb;Schnellladeeinrichtung;1.0;400.0;01-01-10;Am Thomasboden;8;;97246;Eibelstadt;Landkreis Würzburg;Bayern;49.736833;9.989643;Suntec Headquarter;Keine Beschränkung;"Kreditkarte (Lesegerät);RFID-Karte;Kreditkarte (NFC);Debitkarte (NFC)";247;"Montag; Dienstag; Mittwoch; Donnerstag; Freitag; Samstag; Sonntag";"00:00-23:59; 00:00-23:59; 00:00-23:59; 00:00-23:59; 00:00-23:59; 00:00-23:59; 00:00-23:59";DC Fahrzeugkupplung Typ Combo 2 (CCS);400;;133A  9B25 C0BA B5F9 83D8 5E0C 8C93 B8E9 D005 6DFF 49AA FFFC CDB6 9585 E83F 8 FD7  EB95 F0CE 2ACE 2C70 FD02 B260 6FDD B257 2E22 B9A6 DA39 813E BC28 DA85 13DE 509C;;;;;;;;;;;;;;;;;;;;;49.736833, 9.989643
294;1006080;N-ERGIE Aktiengesellschaft;;In Betrieb;Normalladeeinrichtung;2.0;44.0;01-01-20;Grabenstraße;0;;97247;Eisenheim;Landkreis Würzburg;Bayern;49.882197;10.157132;;;;Keine Angabe;;;AC Typ 2 Steckdose;22;;;AC Typ 2 Steckdose;22;;;;;;;;;;;;;;;;;;;49.882197, 10.157132
295;1006555;N-ERGIE Aktiengesellschaft;;In Betrieb;Normalladeeinrichtung;2.0;44.0;01-01-03;Hertleinsbergweg;2;;97247;Eisenheim;Landkreis Würzburg;Bayern;49.89106;10.1773;;;"Onlinezahlungsverfahren;RFID-Karte";Keine Angabe;;;AC Typ 2 Steckdose;22;;;AC Typ 2 Steckdose;22;;;;;;;;;;;;;;;;;;;49.89106, 10.1773
296;1087616;Rudolf Gamble;;In Betrieb;Normalladeeinrichtung;1.0;22.0;01-01-09;Stöckachstraße;37;;97249;Eisingen;Landkreis Würzburg;Bayern;49.757938;9.834951;;;Kostenlos;Keine Angabe;;;AC Typ 2 Fahrzeugkupplung;22;;;;;;;;;;;;;;;;;;;;;;;49.757938, 9.834951
297;1116974;Andreas Miller;;In Betrieb;Normalladeeinrichtung;1.0;11.0;01-01-29;Merowingerstr.;55;;97249;Eisingen;Landkreis Würzburg;Bayern;49.762624;9.82366;mWallbox55;Nur für Kunden/Besucher;"Bargeld;Onlinezahlungsverfahren";247;"Montag; Dienstag; Mittwoch; Donnerstag; Freitag; Samstag; Sonntag";"00:00-23:59; 00:00-23:59; 00:00-23:59; 00:00-23:59; 00:00-23:59; 00:00-23:59; 00:00-23:59";DC Fahrzeugkupplung Typ Combo 2 (CCS);11;;;;;;;;;;;;;;;;;;;;;;;49.762624, 9.82366
298;1125797;ALDI SÜD Immobilienverwaltungs-GmbH & Co. oHG;ALDI SÜD;In Betrieb;Schnellladeeinrichtung;2.0;50.0;01-01-09;Landwehrstr.;19;;97249;Eisingen;Landkreis Würzburg;Bayern;49.76124;9.845999;HEL-039;Keine Beschränkung;"Kreditkarte (Lesegerät);Kreditkarte (NFC);Debitkarte (Lesegerät);Debitkarte (NFC);RFID-Karte";Eingeschränkt;"Montag; Dienstag; Mittwoch; Donnerstag; Freitag; Samstag; Sonntag";"06:00-22:00; 06:00-22:00; 06:00-22:00; 06:00-22:00; 06:00-22:00; 06:00-22:00; 06:00-22:00";DC Fahrzeugkupplung Typ Combo 2 (CCS);50;DE*ALD*E23332;3056301006072A8648CE3D020106052B8104000A03420004D2C5E2B08430989FE572057210FBE2E140E7A042119473A84220A95AB6B3C86D74322B1ED360B5FDF07F57A86D9D2CBF320B2D09421A977BD2D92E052BE699FF;DC Fahrzeugkupplung Typ Combo 2 (CCS);50;DE*ALD*E23333;3056301006072A8648CE3D020106052B8104000A03420004A036AB27FB7062AD8217F4C9B298CB5E05C883719D730DD1960E231B22541F0B5F5FA41D0FFB802658A5699EA75001CAF3782E35747C4A07E69793B8730E7086;;;;;;;;;;;;;;;;;49.76124, 9.845999
299;1042724;Energielösung GmbH;;In Betrieb;Normalladeeinrichtung;2.0;44.0;01-01-24;Graf-Rieneck-Str.;14;;97250;Erlabrunn;Landkreis Würzburg;Bayern;49.85753;9.84536;;;"Onlinezahlungsverfahren;RFID-Karte";Keine Angabe;;;AC Typ 2 Steckdose;22;;;AC Typ 2 Steckdose;22;;;;;;;;;;;;;;;;;;;49.85753, 9.84536
300;1042725;Energielösung GmbH;;In Betrieb;Normalladeeinrichtung;2.0;44.0;01-01-24;Würzburger Straße;63;;97250;Erlabrunn;Landkreis Würzburg;Bayern;49.85614;9.84848;;;"Onlinezahlungsverfahren;RFID-Karte";Keine Angabe;;;AC Typ 2 Steckdose;22;;;AC Typ 2 Steckdose;22;;;;;;;;;;;;;;;;;;;49.85614, 9.84848
301;1085889;Hannes Bock;;In Betrieb;Normalladeeinrichtung;1.0;11.0;01-01-30;Am Berg;2;;97252;Frickenhausen am Main;Landkreis Würzburg;Bayern;49.672333;10.090564;;;Kostenlos;Keine Angabe;;;AC Typ 2 Fahrzeugkupplung;11;;;;;;;;;;;;;;;;;;;;;;;49.672333, 10.090564
302;1005537;Überlandwerk Schäftersheim GmbH & Co. KG;;In Betrieb;Normalladeeinrichtung;2.0;44.0;01-01-21;Hauptstraße;0;;97253;Gaukönigshofen;Landkreis Würzburg;Bayern;49.633948;10.005926;;;;Keine Angabe;;;AC Typ 2 Steckdose;22;;;AC Typ 2 Steckdose;22;;;;;;;;;;;;;;;;;;;49.633948, 10.005926
303;1083865;Suntec Energiesysteme GmbH;;In Betrieb;Normalladeeinrichtung;2.0;11.0;01-01-10;Am Tiergarten;2;;97253;Wolkshausen;Landkreis Würzburg;Bayern;49.62415;9.97741;;;"Onlinezahlungsverfahren;Debitkarte (NFC);RFID-Karte";Keine Angabe;;;"AC Typ 2 Steckdose; AC Typ 2 Fahrzeugkupplung";"11; 11";;;"AC Typ 2 Steckdose; AC Typ 2 Fahrzeugkupplung";"11; 11";;;;;;;;;;;;;;;;;;;49.62415, 9.97741
304;1115833;Windooro GmbH;;In Betrieb;Normalladeeinrichtung;2.0;22.0;01-01-02;Kaltenhöfer Weg;5;;97253;Gaukönigshofen;Landkreis Würzburg;Bayern;49.64512;10.00039;;Keine Beschränkung;"RFID-Karte;Plug & Charge;Kostenlos (Registrierung);Onlinezahlungsverfahren";247;"Montag; Dienstag; Mittwoch; Donnerstag; Freitag; Samstag; Sonntag";"00:00-23:59; 00:00-23:59; 00:00-23:59; 00:00-23:59; 00:00-23:59; 00:00-23:59; 00:00-23:59";AC Typ 2 Fahrzeugkupplung;22;;AIXWWAV4YKR46FQX7FYN7YEKH7AZ3VUM2NY5I56Y;AC Typ 2 Fahrzeugkupplung;22;;ALRSSCB2QCJSGTRD3Q2LWKD5R4FT4PFFWY7NBJZM;;;;;;;;;;;;;;;;;49.64512, 10.00039
305;1005543;Überlandwerk Schäftersheim GmbH & Co. KG;;In Betrieb;Normalladeeinrichtung;2.0;44.0;01-01-10;Gelchsheimer Straße;5;;97255;Sonderhofen;Landkreis Würzburg;Bayern;49.591575;10.003434;;;;Keine Angabe;;;AC Typ 2 Steckdose;22;;;AC Typ 2 Steckdose;22;;;;;;;;;;;;;;;;;;;49.591575, 10.003434
306;1086290;Johannes Großer;;In Betrieb;Normalladeeinrichtung;1.0;11.0;01-01-21;Gartenstraße;14;;97256;Geroldshausen;Landkreis Würzburg;Bayern;49.684643;9.89568;;;Kostenlos;Keine Angabe;;;AC Typ 2 Fahrzeugkupplung;11;;;;;;;;;;;;;;;;;;;;;;;49.684643, 9.89568
307;1089653;spokker Verwaltungsgesellschaft mbH;;In Betrieb;Schnellladeeinrichtung;4.0;50.0;01-01-12;Fahrentalstraße;55;;97261;Güntersleben;Landkreis Würzburg;Bayern;49.859903;9.895803;;;"Onlinezahlungsverfahren;RFID-Karte";Keine Angabe;;;DC Fahrzeugkupplung Typ Combo 2 (CCS);100;;;AC Typ 2 Steckdose;22;;;AC Typ 2 Steckdose;22.0;;;AC Typ 2 Steckdose;22.0;;;;;;;;;;;49.859903, 9.895803
308;1089654;spokker Verwaltungsgesellschaft mbH;;In Betrieb;Normalladeeinrichtung;2.0;22.0;01-01-12;Fahrentalstraße;55;;97261;Güntersleben;Landkreis Würzburg;Bayern;49.859903;9.895803;;;"Onlinezahlungsverfahren;RFID-Karte;Plug & Charge";Keine Angabe;;;AC Typ 2 Steckdose;22;;;AC Typ 2 Steckdose;22;;;;;;;;;;;;;;;;;;;49.859903, 9.895803
309;1089655;spokker Verwaltungsgesellschaft mbH;;In Betrieb;Normalladeeinrichtung;2.0;22.0;01-01-12;Fahrentalstraße;55;;97261;Güntersleben;Landkreis Würzburg;Bayern;49.859903;9.895803;;;"Onlinezahlungsverfahren;RFID-Karte;Plug & Charge";Keine Angabe;;;AC Typ 2 Steckdose;22;;;AC Typ 2 Steckdose;22;;;;;;;;;;;;;;;;;;;49.859903, 9.895803
310;1089656;spokker Verwaltungsgesellschaft mbH;;In Betrieb;Normalladeeinrichtung;2.0;22.0;01-01-12;Fahrentalstraße;55;;97261;Güntersleben;Landkreis Würzburg;Bayern;49.859903;9.895803;;;"Onlinezahlungsverfahren;RFID-Karte;Plug & Charge";Keine Angabe;;;AC Typ 2 Steckdose;22;;;AC Typ 2 Steckdose;22;;;;;;;;;;;;;;;;;;;49.859903, 9.895803
311;1089657;spokker Verwaltungsgesellschaft mbH;;In Betrieb;Normalladeeinrichtung;2.0;22.0;01-01-12;Fahrentalstraße;55;;97261;Güntersleben;Landkreis Würzburg;Bayern;49.859903;9.895803;;;"Onlinezahlungsverfahren;RFID-Karte;Plug & Charge";Keine Angabe;;;AC Typ 2 Steckdose;22;;;AC Typ 2 Steckdose;22;;;;;;;;;;;;;;;;;;;49.859903, 9.895803
312;1089658;spokker Verwaltungsgesellschaft mbH;;In Betrieb;Schnellladeeinrichtung;2.0;50.0;01-01-12;Fahrentalstraße;55;;97261;Güntersleben;Landkreis Würzburg;Bayern;49.859903;9.895803;;;"Onlinezahlungsverfahren;RFID-Karte;Plug & Charge";Keine Angabe;;;DC Fahrzeugkupplung Typ Combo 2 (CCS);50;;;DC Fahrzeugkupplung Typ Combo 2 (CCS);50;;;;;;;;;;;;;;;;;;;49.859903, 9.895803
313;1039606;IONITY GmbH;;In Betrieb;Schnellladeeinrichtung;1.0;350.0;01-01-31;Riedener Wald Ost;0;;97262;Hausen bei Würzburg;Landkreis Würzburg;Bayern;49.943996;10.020716;;;;Keine Angabe;;;DC Fahrzeugkupplung Typ Combo 2 (CCS);350;;;;;;;;;;;;;;;;;;;;;;;49.943996, 10.020716
314;1039607;IONITY GmbH;;In Betrieb;Schnellladeeinrichtung;1.0;350.0;01-01-31;Riedener Wald Ost;0;;97262;Hausen bei Würzburg;Landkreis Würzburg;Bayern;49.943996;10.020716;;;;Keine Angabe;;;DC Fahrzeugkupplung Typ Combo 2 (CCS);350;;;;;;;;;;;;;;;;;;;;;;;49.943996, 10.020716
315;1039608;IONITY GmbH;;In Betrieb;Schnellladeeinrichtung;1.0;350.0;01-01-31;Riedener Wald Ost;0;;97262;Hausen bei Würzburg;Landkreis Würzburg;Bayern;49.943996;10.020716;;;;Keine Angabe;;;DC Fahrzeugkupplung Typ Combo 2 (CCS);350;;;;;;;;;;;;;;;;;;;;;;;49.943996, 10.020716
316;1039609;IONITY GmbH;;In Betrieb;Schnellladeeinrichtung;1.0;350.0;01-01-31;Riedener Wald Ost;0;;97262;Hausen bei Würzburg;Landkreis Würzburg;Bayern;49.943996;10.020716;;;;Keine Angabe;;;DC Fahrzeugkupplung Typ Combo 2 (CCS);350;;;;;;;;;;;;;;;;;;;;;;;49.943996, 10.020716
317;1039610;IONITY GmbH;;In Betrieb;Schnellladeeinrichtung;1.0;350.0;01-01-31;Riedener Wald West;0;;97262;Hausen bei Würzburg;Landkreis Würzburg;Bayern;49.944645;10.016529;;;;Keine Angabe;;;DC Fahrzeugkupplung Typ Combo 2 (CCS);350;;;;;;;;;;;;;;;;;;;;;;;49.944645, 10.016529
318;1039611;IONITY GmbH;;In Betrieb;Schnellladeeinrichtung;1.0;350.0;01-01-31;Riedener Wald West;0;;97262;Hausen bei Würzburg;Landkreis Würzburg;Bayern;49.944645;10.016529;;;;Keine Angabe;;;DC Fahrzeugkupplung Typ Combo 2 (CCS);350;;;;;;;;;;;;;;;;;;;;;;;49.944645, 10.016529
319;1039612;IONITY GmbH;;In Betrieb;Schnellladeeinrichtung;1.0;350.0;01-01-31;Riedener Wald West;0;;97262;Hausen bei Würzburg;Landkreis Würzburg;Bayern;49.944645;10.016529;;;;Keine Angabe;;;DC Fahrzeugkupplung Typ Combo 2 (CCS);350;;;;;;;;;;;;;;;;;;;;;;;49.944645, 10.016529
320;1039613;IONITY GmbH;;In Betrieb;Schnellladeeinrichtung;1.0;350.0;01-01-31;Riedener Wald West;0;;97262;Hausen bei Würzburg;Landkreis Würzburg;Bayern;49.944645;10.016529;;;;Keine Angabe;;;DC Fahrzeugkupplung Typ Combo 2 (CCS);350;;;;;;;;;;;;;;;;;;;;;;;49.944645, 10.016529
321;1043418;Allego GmbH;Allego;In Betrieb;Schnellladeeinrichtung;2.0;150.0;01-01-27;Am Wiesenweg;11;;97262;Hausen bei Würzburg;Landkreis Würzburg;Bayern;49.91207;10.00131;;;"Kreditkarte (Lesegerät);Onlinezahlungsverfahren;RFID-Karte";Keine Angabe;;;DC Fahrzeugkupplung Typ Combo 2 (CCS);150;DEALLEGO002744*1;3056301006072A8648CE3D020106052B8104000A0342000401A84DA9EFC47CBDB00057BD6D317ED6EBF05A330D36CBA8B2FFBA8DA1F909E40819842B6B501544F8C08EE498A59E656AF4D45108BF72CA598D36C76D417556;DC Fahrzeugkupplung Typ Combo 2 (CCS);150;DEALLEGO002744*2;3056301006072A8648CE3D020106052B8104000A0342000427E7650E7191E26ED4879B139BBF9C326D7BD3AC4D9F0E7E150C18D81D6C366C50D655C06954A6CAE0A60F6B66F16A3A2FA63BD623EFE2234355061F70D17E28;;;;;;;;;;;;;;;;;49.91207, 10.00131
322;1043419;Allego GmbH;Allego;In Betrieb;Schnellladeeinrichtung;2.0;300.0;01-01-21;Am Wiesenweg;11;;97262;Hausen bei Würzburg;Landkreis Würzburg;Bayern;49.91212;10.001306;;;"Kreditkarte (Lesegerät);Onlinezahlungsverfahren;RFID-Karte";Keine Angabe;;;DC Fahrzeugkupplung Typ Combo 2 (CCS);300;DEALLEGO002747*1;3056301006072A8648CE3D020106052B8104000A0342000423EA138FC0C71399D893AF4CB08F06C8BE81FAA6401C82FB03DC03E84C06EFFEC68C9894C3C17016325C705FDDD164FCA413F77DBF0E37D16E0E2FC97CAB85C1;DC Fahrzeugkupplung Typ Combo 2 (CCS);300;DEALLEGO002747*2;3056301006072A8648CE3D020106052B8104000A034200041189424C780BFF900AE68CBDD338020A9CF7B8740498D849889BA9647B22D773414ED7EA188541D420672E1B335AA58BC928A7E8A5783C544BD2FF7A332C8FFE;;;;;;;;;;;;;;;;;49.91212, 10.001306
323;1043420;Allego GmbH;Allego;In Betrieb;Schnellladeeinrichtung;2.0;300.0;01-01-21;Am Wiesenweg;11;;97262;Hausen bei Würzburg;Landkreis Würzburg;Bayern;49.91217;10.00129;;;"Kreditkarte (Lesegerät);Onlinezahlungsverfahren;RFID-Karte";Keine Angabe;;;DC Fahrzeugkupplung Typ Combo 2 (CCS);300;DEALLEGO002748*1;3056301006072A8648CE3D020106052B8104000A0342000441C79974DEFFB13F6DA6192C7CD4D4EEAAA9FC316869CE85305C04FED92A82D5157569BA8EDC7B1261C4A499FDFD079D6D2D886E6EC8A5ACD26ED3076B459D71;DC Fahrzeugkupplung Typ Combo 2 (CCS);300;DEALLEGO002748*2;3056301006072A8648CE3D020106052B8104000A0342000487F0BE6366FE9FF1F521FF687996D9F00E54B23B3F30BF0C3B43E6F1BE1EF9F2ACFBD2F2D393CF3523F226A42771DCF843BB5C123D3592EFC0B0E39ADD81B4C3;;;;;;;;;;;;;;;;;49.91217, 10.00129
324;1049672;E.ON Drive Infrastructure GmbH;E.ON Drive Infrastructure;In Betrieb;Schnellladeeinrichtung;2.0;98.0;01-01-08;Raststätte Riedener Wald West;0;BAB7;97262;Hausen bei Würzburg;Landkreis Würzburg;Bayern;49.945473;10.016356;;;"Onlinezahlungsverfahren;RFID-Karte";Keine Angabe;;;DC Fahrzeugkupplung Typ Combo 2 (CCS);50;;;DC Fahrzeugkupplung Typ Combo 2 (CCS);50;;;;;;;;;;;;;;;;;;;49.945473, 10.016356
325;1049699;E.ON Drive Infrastructure GmbH;E.ON Drive Infrastructure;In Betrieb;Schnellladeeinrichtung;2.0;98.0;01-01-08;Raststätte Riedener Wald Ost;0;BAB7;97262;Hausen bei Würzburg;Landkreis Würzburg;Bayern;49.944256;10.020341;;;"Onlinezahlungsverfahren;RFID-Karte";Keine Angabe;;;DC Fahrzeugkupplung Typ Combo 2 (CCS);50;;;DC Fahrzeugkupplung Typ Combo 2 (CCS);50;;;;;;;;;;;;;;;;;;;49.944256, 10.020341
326;1086017;Henrik Kutscher;;In Betrieb;Normalladeeinrichtung;1.0;11.0;01-01-21;Wasen;5;;97262;Hausen bei Würzburg;Landkreis Würzburg;Bayern;49.90975;10.00967;;;"Kostenlos;Bargeld";Keine Angabe;;;AC Typ 2 Fahrzeugkupplung;11;;;;;;;;;;;;;;;;;;;;;;;49.90975, 10.00967
327;1101648;Tesla Germany GmbH;;In Betrieb;Schnellladeeinrichtung;1.0;250.0;01-01-04;Am Wiesenweg;11;;97262;Hausen bei Würzburg;Landkreis Würzburg;Bayern;49.912272;10.000822;;;Onlinezahlungsverfahren;Keine Angabe;;;DC Fahrzeugkupplung Typ Combo 2 (CCS);250;;;;;;;;;;;;;;;;;;;;;;;49.912272, 10.000822
328;1101649;Tesla Germany GmbH;;In Betrieb;Schnellladeeinrichtung;1.0;250.0;01-01-04;Am Wiesenweg;11;;97262;Hausen bei Würzburg;Landkreis Würzburg;Bayern;49.912272;10.000822;;;Onlinezahlungsverfahren;Keine Angabe;;;DC Fahrzeugkupplung Typ Combo 2 (CCS);250;;;;;;;;;;;;;;;;;;;;;;;49.912272, 10.000822
329;1101650;Tesla Germany GmbH;;In Betrieb;Schnellladeeinrichtung;1.0;250.0;01-01-04;Am Wiesenweg;11;;97262;Hausen bei Würzburg;Landkreis Würzburg;Bayern;49.912272;10.000822;;;Onlinezahlungsverfahren;Keine Angabe;;;DC Fahrzeugkupplung Typ Combo 2 (CCS);250;;;;;;;;;;;;;;;;;;;;;;;49.912272, 10.000822
330;1101651;Tesla Germany GmbH;;In Betrieb;Schnellladeeinrichtung;1.0;250.0;01-01-04;Am Wiesenweg;11;;97262;Hausen bei Würzburg;Landkreis Würzburg;Bayern;49.912272;10.000822;;;Onlinezahlungsverfahren;Keine Angabe;;;DC Fahrzeugkupplung Typ Combo 2 (CCS);250;;;;;;;;;;;;;;;;;;;;;;;49.912272, 10.000822
331;1101652;Tesla Germany GmbH;;In Betrieb;Schnellladeeinrichtung;1.0;250.0;01-01-04;Am Wiesenweg;11;;97262;Hausen bei Würzburg;Landkreis Würzburg;Bayern;49.912272;10.000822;;;Onlinezahlungsverfahren;Keine Angabe;;;DC Fahrzeugkupplung Typ Combo 2 (CCS);250;;;;;;;;;;;;;;;;;;;;;;;49.912272, 10.000822
332;1101653;Tesla Germany GmbH;;In Betrieb;Schnellladeeinrichtung;1.0;250.0;01-01-04;Am Wiesenweg;11;;97262;Hausen bei Würzburg;Landkreis Würzburg;Bayern;49.912272;10.000822;;;Onlinezahlungsverfahren;Keine Angabe;;;DC Fahrzeugkupplung Typ Combo 2 (CCS);250;;;;;;;;;;;;;;;;;;;;;;;49.912272, 10.000822
333;1101654;Tesla Germany GmbH;;In Betrieb;Schnellladeeinrichtung;1.0;250.0;01-01-04;Am Wiesenweg;11;;97262;Hausen bei Würzburg;Landkreis Würzburg;Bayern;49.912272;10.000822;;;Onlinezahlungsverfahren;Keine Angabe;;;DC Fahrzeugkupplung Typ Combo 2 (CCS);250;;;;;;;;;;;;;;;;;;;;;;;49.912272, 10.000822
334;1101655;Tesla Germany GmbH;;In Betrieb;Schnellladeeinrichtung;1.0;250.0;01-01-04;Am Wiesenweg;11;;97262;Hausen bei Würzburg;Landkreis Würzburg;Bayern;49.912272;10.000822;;;Onlinezahlungsverfahren;Keine Angabe;;;DC Fahrzeugkupplung Typ Combo 2 (CCS);250;;;;;;;;;;;;;;;;;;;;;;;49.912272, 10.000822
335;1101656;Tesla Germany GmbH;;In Betrieb;Schnellladeeinrichtung;1.0;250.0;01-01-04;Am Wiesenweg;11;;97262;Hausen bei Würzburg;Landkreis Würzburg;Bayern;49.912272;10.000822;;;Onlinezahlungsverfahren;Keine Angabe;;;DC Fahrzeugkupplung Typ Combo 2 (CCS);250;;;;;;;;;;;;;;;;;;;;;;;49.912272, 10.000822
336;1101657;Tesla Germany GmbH;;In Betrieb;Schnellladeeinrichtung;1.0;250.0;01-01-04;Am Wiesenweg;11;;97262;Hausen bei Würzburg;Landkreis Würzburg;Bayern;49.912272;10.000822;;;Onlinezahlungsverfahren;Keine Angabe;;;DC Fahrzeugkupplung Typ Combo 2 (CCS);250;;;;;;;;;;;;;;;;;;;;;;;49.912272, 10.000822
337;1101658;Tesla Germany GmbH;;In Betrieb;Schnellladeeinrichtung;1.0;250.0;01-01-04;Am Wiesenweg;11;;97262;Hausen bei Würzburg;Landkreis Würzburg;Bayern;49.912272;10.000822;;;Onlinezahlungsverfahren;Keine Angabe;;;DC Fahrzeugkupplung Typ Combo 2 (CCS);250;;;;;;;;;;;;;;;;;;;;;;;49.912272, 10.000822
338;1101659;Tesla Germany GmbH;;In Betrieb;Schnellladeeinrichtung;1.0;250.0;01-01-04;Am Wiesenweg;11;;97262;Hausen bei Würzburg;Landkreis Würzburg;Bayern;49.912272;10.000822;;;Onlinezahlungsverfahren;Keine Angabe;;;DC Fahrzeugkupplung Typ Combo 2 (CCS);250;;;;;;;;;;;;;;;;;;;;;;;49.912272, 10.000822
339;1101660;Tesla Germany GmbH;;In Betrieb;Schnellladeeinrichtung;1.0;250.0;01-01-04;Am Wiesenweg;11;;97262;Hausen bei Würzburg;Landkreis Würzburg;Bayern;49.912272;10.000822;;;Onlinezahlungsverfahren;Keine Angabe;;;DC Fahrzeugkupplung Typ Combo 2 (CCS);250;;;;;;;;;;;;;;;;;;;;;;;49.912272, 10.000822
340;1101661;Tesla Germany GmbH;;In Betrieb;Schnellladeeinrichtung;1.0;250.0;01-01-04;Am Wiesenweg;11;;97262;Hausen bei Würzburg;Landkreis Würzburg;Bayern;49.912272;10.000822;;;Onlinezahlungsverfahren;Keine Angabe;;;DC Fahrzeugkupplung Typ Combo 2 (CCS);250;;;;;;;;;;;;;;;;;;;;;;;49.912272, 10.000822
341;1106852;E.ON Drive GmbH;E.ON Drive GmbH;In Betrieb;Schnellladeeinrichtung;2.0;93.0;01-01-06;Raststätte Riedener Wald West;0;;97262;Hausen b. Würzburg;Landkreis Würzburg;Bayern;49.944266;10.020356;;;"Kreditkarte (NFC);Onlinezahlungsverfahren;RFID-Karte";Keine Angabe;;;AC Typ 2 Fahrzeugkupplung;43;;;"DC Fahrzeugkupplung Typ Combo 2 (CCS); DC CHAdeMO";"50; 50";;;;;;;;;;;;;;;;;;;49.944266, 10.020356
342;1121009;IONITY GmbH;;In Betrieb;Schnellladeeinrichtung;1.0;350.0;01-01-21;Raststätte Riedener Wald Ost;0;Rastanlage Riedener Wald Ost, A;97262;Hausen b. Würzburg;Landkreis Würzburg;Bayern;49.944184;10.019955;Riedener Wald Ost;Nur für Kunden/Besucher;"Kreditkarte (Lesegerät);Kreditkarte (NFC);Debitkarte (Lesegerät);Debitkarte (NFC);Onlinezahlungsverfahren;RFID-Karte;Plug & Charge";247;"Montag; Dienstag; Mittwoch; Donnerstag; Freitag; Samstag; Sonntag";"00:00-23:59; 00:00-23:59; 00:00-23:59; 00:00-23:59; 00:00-23:59; 00:00-23:59; 00:00-23:59";DC Fahrzeugkupplung Typ Combo 2 (CCS);350;DE*IOY*E201801;;;;;;;;;;;;;;;;;;;;;;49.944184, 10.019955
343;1121010;IONITY GmbH;;In Betrieb;Schnellladeeinrichtung;1.0;350.0;01-01-21;Raststätte Riedener Wald Ost;0;Rastanlage Riedener Wald Ost, A7;97262;Hausen b. Würzburg;Landkreis Würzburg;Bayern;49.944184;10.019955;Riedener Wald Ost;Nur für Kunden/Besucher;"Kreditkarte (Lesegerät);Kreditkarte (NFC);Debitkarte (Lesegerät);Debitkarte (NFC);Onlinezahlungsverfahren;RFID-Karte;Plug & Charge";247;"Montag; Dienstag; Mittwoch; Donnerstag; Freitag; Samstag; Sonntag";"00:00-23:59; 00:00-23:59; 00:00-23:59; 00:00-23:59; 00:00-23:59; 00:00-23:59; 00:00-23:59";DC Fahrzeugkupplung Typ Combo 2 (CCS);350;DE*IOY*E201802;;;;;;;;;;;;;;;;;;;;;;49.944184, 10.019955
344;1121011;IONITY GmbH;;In Betrieb;Schnellladeeinrichtung;1.0;350.0;01-01-21;Raststätte Riedener Wald West;0;Rastanlage Riedener Wald West, A7;97262;Hausen b. Würzburg;Landkreis Würzburg;Bayern;49.945695;10.016764;Riedener Wald West;Nur für Kunden/Besucher;"Kreditkarte (Lesegerät);Kreditkarte (NFC);Debitkarte (Lesegerät);Debitkarte (NFC);Onlinezahlungsverfahren;RFID-Karte;Plug & Charge";247;"Montag; Dienstag; Mittwoch; Donnerstag; Freitag; Samstag; Sonntag";"00:00-23:59; 00:00-23:59; 00:00-23:59; 00:00-23:59; 00:00-23:59; 00:00-23:59; 00:00-23:59";DC Fahrzeugkupplung Typ Combo 2 (CCS);350;DE*IOY*E201905;;;;;;;;;;;;;;;;;;;;;;49.945695, 10.016764
345;1121012;IONITY GmbH;;In Betrieb;Schnellladeeinrichtung;1.0;350.0;01-01-21;Raststätte Riedener Wald West;0;Rastanlage Riedener Wald West, A7;97262;Hausen b. Würzburg;Landkreis Würzburg;Bayern;49.945695;10.016764;Riedener Wald West;Nur für Kunden/Besucher;"Kreditkarte (Lesegerät);Kreditkarte (NFC);Debitkarte (Lesegerät);Debitkarte (NFC);Onlinezahlungsverfahren;RFID-Karte;Plug & Charge";247;"Montag; Dienstag; Mittwoch; Donnerstag; Freitag; Samstag; Sonntag";"00:00-23:59; 00:00-23:59; 00:00-23:59; 00:00-23:59; 00:00-23:59; 00:00-23:59; 00:00-23:59";DC Fahrzeugkupplung Typ Combo 2 (CCS);350;DE*IOY*E201906;;;;;;;;;;;;;;;;;;;;;;49.945695, 10.016764
346;1080667;Noack und Stumpf GbR;;In Betrieb;Normalladeeinrichtung;1.0;11.0;;Schellenhöhe;4;;97265;Hettstadt;Landkreis Würzburg;Bayern;49.800201;9.82719;;;"Kostenlos;Kostenlos (Registrierung)";Keine Angabe;;;AC Typ 2 Steckdose;11;;;;;;;;;;;;;;;;;;;;;;;49.800201, 9.82719
347;1005536;Überlandwerk Schäftersheim GmbH & Co. KG;;In Betrieb;Normalladeeinrichtung;2.0;44.0;01-01-21;Mergentheimer Str.;0;;97268;Kirchheim;Landkreis Würzburg;Bayern;49.651369;9.854235;;;;Keine Angabe;;;AC Typ 2 Steckdose;22;;;AC Typ 2 Steckdose;22;;;;;;;;;;;;;;;;;;;49.651369, 9.854235
348;1040940;Stadtwerke Würzburg AG;;In Betrieb;Schnellladeeinrichtung;2.0;300.0;01-01-22;Sonnenleite;5;;97270;Kist;Landkreis Würzburg;Bayern;49.738786;9.842229;;;"Onlinezahlungsverfahren;RFID-Karte";Keine Angabe;;;DC Fahrzeugkupplung Typ Combo 2 (CCS);300;;;DC Fahrzeugkupplung Typ Combo 2 (CCS);300;;;;;;;;;;;;;;;;;;;49.738786, 9.842229
349;1077244;Scheuermann GmbH & Co., Natursteingewinnung KG;;In Betrieb;Schnellladeeinrichtung;3.0;144.0;01-01-10;Maisenbacher Str.;1;Parkplatz Büro;97271;Kleinrinderfeld;Landkreis Würzburg;Bayern;49.6922;9.85109;Parkplatz Büro;Keine Beschränkung;"Kreditkarte (Lesegerät);Debitkarte (Lesegerät);Onlinezahlungsverfahren;Plug & Charge";247;"Montag; Dienstag; Mittwoch; Donnerstag; Freitag; Samstag; Sonntag";"00:00-23:59; 00:00-23:59; 00:00-23:59; 00:00-23:59; 00:00-23:59; 00:00-23:59; 00:00-23:59";AC Typ 2 Steckdose;22;;;AC Typ 2 Steckdose;22;;;DC Fahrzeugkupplung Typ Combo 2 (CCS);100.0;;;;;;;;;;;;;;;49.6922, 9.85109
350;1090109;Scheuermann GmbH & Co., Natursteingewinnung KG;;In Betrieb;Normalladeeinrichtung;2.0;22.0;01-01-10;Maisenbacher Str.;3;;97271;Kleinrinderfeld;Landkreis Würzburg;Bayern;49.69284;9.8511;Parkplatz Büro;Keine Beschränkung;"RFID-Karte;Onlinezahlungsverfahren";247;"Montag; Dienstag; Mittwoch; Donnerstag; Freitag; Samstag; Sonntag";"00:00-23:59; 00:00-23:59; 00:00-23:59; 00:00-23:59; 00:00-23:59; 00:00-23:59; 00:00-23:59";AC Typ 2 Steckdose;11;DE*BDO*E934881209*1;AI3EQKX623YNZP6WMC7IHPJGPEKEAWK5CUZMPDAE;AC Typ 2 Steckdose;11;DE*BDO*E934881209*2;AO3F2LHW2WGJL2HBTZ7MMYKRS7KX7SF3P7IF53ER;;;;;;;;;;;;;;;;;49.69284, 9.8511
351;1091932;Scheuermann GmbH & Co., Natursteingewinnung KG;;In Betrieb;Normalladeeinrichtung;2.0;22.0;01-01-10;Maisenbacher Str.;3;;97271;Kleinrinderfeld;Landkreis Würzburg;Bayern;49.69284;9.8511;Parkplatz Büro;Keine Beschränkung;"Onlinezahlungsverfahren;RFID-Karte";247;"Montag; Dienstag; Mittwoch; Donnerstag; Freitag; Samstag; Sonntag";"00:00-23:59; 00:00-23:59; 00:00-23:59; 00:00-23:59; 00:00-23:59; 00:00-23:59; 00:00-23:59";AC Typ 2 Steckdose;11;DE*BDO*E594777367*1;AJZE5MKPNDDBETJFFLBGUQ4Q4SLD3R5C7OOIS3MW;AC Typ 2 Steckdose;11;DE*BDO*E594777367*2;ALU74IHHN6XHCHVRUSJYKBMFNDERPIR2KQJBPFUD;;;;;;;;;;;;;;;;;49.69284, 9.8511
352;1091936;Scheuermann GmbH & Co., Natursteingewinnung KG;;In Betrieb;Schnellladeeinrichtung;2.0;100.0;01-01-10;Maisenbacher Str.;3;;97271;Kleinrinderfeld;Landkreis Würzburg;Bayern;49.69284;9.8511;Parkplatz Büro;Keine Beschränkung;"Onlinezahlungsverfahren;RFID-Karte;Kreditkarte (Lesegerät)";247;"Montag; Dienstag; Mittwoch; Donnerstag; Freitag; Samstag; Sonntag";"00:00-23:59; 00:00-23:59; 00:00-23:59; 00:00-23:59; 00:00-23:59; 00:00-23:59; 00:00-23:59";DC Fahrzeugkupplung Typ Combo 2 (CCS);50;DE*BDO*E729952408*1;3056301006072A8648CE3D020106052B8104000A034200043E308D966B5BAD707F85D233B115599C7BF0E38C4728635BD7CFEEC16106388A1D2AFAA2FA057CB3A49A8B273959EC79AAD597C179491B0100886B71A0C0A441;DC Fahrzeugkupplung Typ Combo 2 (CCS);50;DE*BDO*E729952408*2;3056301006072A8648CE3D020106052B8104000A034200047E835683E2B63CDE744506CD2F084CFCB1237BDA3BD0B78D083D3163042E096A11247AD240EBBD17AC4F794ACF972E863829C2458C78896006F1EEA270431A15;;;;;;;;;;;;;;;;;49.69284, 9.8511
353;1006118;N-ERGIE Aktiengesellschaft;;In Betrieb;Normalladeeinrichtung;2.0;44.0;01-01-26;Kirchberg;17;;97273;Kürnach;Landkreis Würzburg;Bayern;49.846768;10.041063;;;;Keine Angabe;;;AC Typ 2 Steckdose;22;;;AC Typ 2 Steckdose;22;;;;;;;;;;;;;;;;;;;49.846768, 10.041063
354;1006146;N-ERGIE Aktiengesellschaft;;In Betrieb;Normalladeeinrichtung;2.0;44.0;01-01-08;Brückentorstraße;0;;97273;Kürnach;Landkreis Würzburg;Bayern;49.845707;10.04086;;;;Keine Angabe;;;AC Typ 2 Steckdose;22;;;AC Typ 2 Steckdose;22;;;;;;;;;;;;;;;;;;;49.845707, 10.04086
355;1006201;N-ERGIE Aktiengesellschaft;;In Betrieb;Normalladeeinrichtung;2.0;44.0;01-01-21;Am Trieb;15;;97273;Kürnach;Landkreis Würzburg;Bayern;49.84345;10.0487;;;;Keine Angabe;;;AC Typ 2 Steckdose;22;;;AC Typ 2 Steckdose;22;;;;;;;;;;;;;;;;;;;49.84345, 10.0487
356;1006510;N-ERGIE Aktiengesellschaft;;In Betrieb;Normalladeeinrichtung;2.0;44.0;01-01-08;Schulweg;1;;97273;Kürnach;Landkreis Würzburg;Bayern;49.848986;10.040275;;;"Onlinezahlungsverfahren;RFID-Karte";Keine Angabe;;;AC Typ 2 Steckdose;22;;;AC Typ 2 Steckdose;22;;;;;;;;;;;;;;;;;;;49.848986, 10.040275
357;1035781;ALDI SÜD Immobilienverwaltungs-GmbH & Co. oHG;ALDI SÜD;In Betrieb;Schnellladeeinrichtung;3.0;60.0;01-01-23;Wachtelberg;1;;97273;Kürnach;Landkreis Würzburg;Bayern;49.841167;10.018056;;;"Kreditkarte (NFC);Debitkarte (NFC);RFID-Karte";Keine Angabe;;;DC Fahrzeugkupplung Typ Combo 2 (CCS);60;;;DC Fahrzeugkupplung Typ Combo 2 (CCS);60;;;AC Typ 2 Steckdose;22.0;;;;;;;;;;;;;;;49.841167, 10.018056
358;1040852;ÜZ Mainfranken eG;ÜZ Mainfranken eG;In Betrieb;Normalladeeinrichtung;2.0;30.0;01-01-22;Friedrich-Ebert-Straße;21;;97273;Kürnach;Landkreis Würzburg;Bayern;49.84576;10.046015;;;"Onlinezahlungsverfahren;RFID-Karte";Keine Angabe;;;AC Typ 2 Steckdose;22;;;AC Typ 2 Steckdose;22;;;;;;;;;;;;;;;;;;;49.84576, 10.046015
359;1085008;Boris Goldberg;;In Betrieb;Normalladeeinrichtung;1.0;11.0;01-01-30;Wachtelberg;16;;97273;Kürnach;Landkreis Würzburg;Bayern;49.843337;10.014479;;;Kostenlos;Keine Angabe;;;AC Typ 2 Fahrzeugkupplung;11;;;;;;;;;;;;;;;;;;;;;;;49.843337, 10.014479
360;1040939;Stadtwerke Würzburg AG;;In Betrieb;Normalladeeinrichtung;2.0;22.0;01-01-05;Rathausstraße;33;;97274;Leinach;Landkreis Würzburg;Bayern;49.863355;9.804401;;;"Onlinezahlungsverfahren;RFID-Karte";Keine Angabe;;;AC Typ 2 Steckdose;22;;;AC Typ 2 Steckdose;22;;;;;;;;;;;;;;;;;;;49.863355, 9.804401
361;1071248;Gemeinde Margetshöchheim / jur. Person öffentl. Recht;;In Betrieb;Normalladeeinrichtung;2.0;44.0;;Ludwigstraße;19;Parkplatz;97276;Margetshöchheim;Landkreis Würzburg;Bayern;49.83877;9.86523;;;"Onlinezahlungsverfahren;RFID-Karte";Keine Angabe;;;AC Typ 2 Steckdose;22;;;AC Typ 2 Steckdose;22;;;;;;;;;;;;;;;;;;;49.83877, 9.86523
362;1072097;Karl-Heinz Konrad;;In Betrieb;Normalladeeinrichtung;2.0;44.0;01-01-31;Rosenstraße;11;;97276;Margetshöchheim;Landkreis Würzburg;Bayern;49.831616;9.863267;;;;Keine Angabe;;;AC Typ 2 Steckdose;22;;;AC Typ 2 Steckdose;22;;;;;;;;;;;;;;;;;;;49.831616, 9.863267
363;1069469;Windenergie Dipbach 1 GmbH & Co.KGMarkt;;In Betrieb;Normalladeeinrichtung;2.0;44.0;01-01-09;Point;1;;97277;Neubrunn;Landkreis Würzburg;Bayern;49.732125;9.677732;;;"Debitkarte (Lesegerät);Onlinezahlungsverfahren;RFID-Karte";Keine Angabe;;;AC Typ 2 Steckdose;22;;;AC Typ 2 Steckdose;22;;;;;;;;;;;;;;;;;;;49.732125, 9.677732
364;1005530;Überlandwerk Schäftersheim GmbH & Co. KG;;In Betrieb;Normalladeeinrichtung;2.0;44.0;01-01-25;Sonnenuhrweg;0;;97285;Röttingen;Landkreis Würzburg;Bayern;49.51188;9.9673;;;;Keine Angabe;;;AC Typ 2 Steckdose;22;;;AC Typ 2 Steckdose;22;;;;;;;;;;;;;;;;;;;49.51188, 9.9673
365;1006591;N-ERGIE Aktiengesellschaft;;In Betrieb;Schnellladeeinrichtung;2.0;46.0;01-01-10;Rothenburger Straße;26;;97285;Röttingen;Landkreis Würzburg;Bayern;49.513062;9.977584;Röttingen - Autohaus Ascari;Keine Beschränkung;"Onlinezahlungsverfahren;RFID-Karte";Keine Angabe;;;AC Typ 2 Steckdose;22;DE*LVP*E20929*001;;DC Fahrzeugkupplung Typ Combo 2 (CCS);24;DE*LVP*E20929*002;;;;;;;;;;;;;;;;;;49.513062, 9.977584
366;1075252;Müller - Mühle GmbH & Co. KG E-Werk Tauberrettersheim;;In Betrieb;Normalladeeinrichtung;2.0;44.0;01-01-30;Buswendeplatte;1;;97285;Tauberrettersheim;Landkreis Würzburg;Bayern;49.49679;9.93535;;;;Keine Angabe;;;"AC Typ 2 Steckdose; AC Schuko";"22; 22";;;"AC Typ 2 Steckdose; AC Schuko";"22; 22";;;;;;;;;;;;;;;;;;;49.49679, 9.93535
367;1118506;HomE of Mobility GmbH;HomE of Mobility GmbH;In Betrieb;Normalladeeinrichtung;1.0;11.0;01-01-17;Industriestr.;1;;97285;Röttingen;Landkreis Würzburg;Bayern;49.511498;9.973852;eibe Produktion + Vertrieb GmbH & Co. KG · Tor 5 · AC;Keine Beschränkung;"RFID-Karte;Sonstige;Onlinezahlungsverfahren";247;"Montag; Dienstag; Mittwoch; Donnerstag; Freitag; Samstag; Sonntag";"00:00-23:59; 00:00-23:59; 00:00-23:59; 00:00-23:59; 00:00-23:59; 00:00-23:59; 00:00-23:59";AC Typ 2 Fahrzeugkupplung;11;DE*HOM*E500016*001;;;;;;;;;;;;;;;;;;;;;;49.511498, 9.973852
368;1118507;HomE of Mobility GmbH;HomE of Mobility GmbH;In Betrieb;Normalladeeinrichtung;1.0;11.0;01-01-17;Industriestr.;1;;97285;Röttingen;Landkreis Würzburg;Bayern;49.511498;9.973852;eibe Produktion + Vertrieb GmbH & Co. KG · Tor 5 · AC;Keine Beschränkung;"Sonstige;RFID-Karte;Onlinezahlungsverfahren";247;"Montag; Dienstag; Mittwoch; Donnerstag; Freitag; Samstag; Sonntag";"00:00-23:59; 00:00-23:59; 00:00-23:59; 00:00-23:59; 00:00-23:59; 00:00-23:59; 00:00-23:59";AC Typ 2 Fahrzeugkupplung;11;DE*HOM*E500016*002;;;;;;;;;;;;;;;;;;;;;;49.511498, 9.973852
369;1118511;HomE of Mobility GmbH;HomE of Mobility GmbH;In Betrieb;Normalladeeinrichtung;1.0;11.0;01-01-17;Industriestr.;1;;97285;Röttingen;Landkreis Würzburg;Bayern;49.511498;9.973852;eibe Produktion + Vertrieb GmbH & Co. KG · Tor 5 · AC;Keine Beschränkung;"Sonstige;Onlinezahlungsverfahren;RFID-Karte";247;"Montag; Dienstag; Mittwoch; Donnerstag; Freitag; Samstag; Sonntag";"00:00-23:59; 00:00-23:59; 00:00-23:59; 00:00-23:59; 00:00-23:59; 00:00-23:59; 00:00-23:59";AC Typ 2 Fahrzeugkupplung;11;DE*HOM*E500016*003;;;;;;;;;;;;;;;;;;;;;;49.511498, 9.973852
370;1118512;HomE of Mobility GmbH;HomE of Mobility GmbH;In Betrieb;Normalladeeinrichtung;1.0;11.0;01-01-17;Industriestr.;1;;97285;Röttingen;Landkreis Würzburg;Bayern;49.511498;9.973852;eibe Produktion + Vertrieb GmbH & Co. KG · Tor 5 · AC;Keine Beschränkung;"Sonstige;RFID-Karte;Onlinezahlungsverfahren";247;"Montag; Dienstag; Mittwoch; Donnerstag; Freitag; Samstag; Sonntag";"00:00-23:59; 00:00-23:59; 00:00-23:59; 00:00-23:59; 00:00-23:59; 00:00-23:59; 00:00-23:59";AC Typ 2 Fahrzeugkupplung;11;DE*HOM*E500016*004;;;;;;;;;;;;;;;;;;;;;;49.511498, 9.973852
371;1118514;HomE of Mobility GmbH;HomE of Mobility GmbH;In Betrieb;Normalladeeinrichtung;1.0;11.0;01-01-17;Industriestr.;1;;97285;Röttingen;Landkreis Würzburg;Bayern;49.511498;9.973852;eibe Produktion + Vertrieb GmbH & Co. KG · Tor 5 · AC;Keine Beschränkung;"Sonstige;RFID-Karte;Onlinezahlungsverfahren";247;"Montag; Dienstag; Mittwoch; Donnerstag; Freitag; Samstag; Sonntag";"00:00-23:59; 00:00-23:59; 00:00-23:59; 00:00-23:59; 00:00-23:59; 00:00-23:59; 00:00-23:59";AC Typ 2 Fahrzeugkupplung;11;DE*HOM*E500016*005;;;;;;;;;;;;;;;;;;;;;;49.511498, 9.973852
372;1118515;HomE of Mobility GmbH;HomE of Mobility GmbH;In Betrieb;Normalladeeinrichtung;1.0;11.0;01-01-17;Industriestr.;1;;97285;Röttingen;Landkreis Würzburg;Bayern;49.511498;9.973852;eibe Produktion + Vertrieb GmbH & Co. KG · Tor 5 · AC;Keine Beschränkung;"Sonstige;RFID-Karte;Onlinezahlungsverfahren";247;"Montag; Dienstag; Mittwoch; Donnerstag; Freitag; Samstag; Sonntag";"00:00-23:59; 00:00-23:59; 00:00-23:59; 00:00-23:59; 00:00-23:59; 00:00-23:59; 00:00-23:59";AC Typ 2 Fahrzeugkupplung;11;DE*HOM*E500016*006;;;;;;;;;;;;;;;;;;;;;;49.511498, 9.973852
373;1118516;HomE of Mobility GmbH;HomE of Mobility GmbH;In Betrieb;Normalladeeinrichtung;1.0;11.0;01-01-17;Industriestr.;1;;97285;Röttingen;Landkreis Würzburg;Bayern;49.511498;9.973852;eibe Produktion + Vertrieb GmbH & Co. KG · Tor 5 · AC;Keine Beschränkung;"Sonstige;RFID-Karte;Onlinezahlungsverfahren";247;"Montag; Dienstag; Mittwoch; Donnerstag; Freitag; Samstag; Sonntag";"00:00-23:59; 00:00-23:59; 00:00-23:59; 00:00-23:59; 00:00-23:59; 00:00-23:59; 00:00-23:59";AC Typ 2 Fahrzeugkupplung;11;DE*HOM*E500016*007;;;;;;;;;;;;;;;;;;;;;;49.511498, 9.973852
374;1118517;HomE of Mobility GmbH;HomE of Mobility GmbH;In Betrieb;Normalladeeinrichtung;1.0;11.0;01-01-17;Industriestr.;1;;97285;Röttingen;Landkreis Würzburg;Bayern;49.511498;9.973852;eibe Produktion + Vertrieb GmbH & Co. KG · Tor 5 · AC;Keine Beschränkung;"Sonstige;Onlinezahlungsverfahren;RFID-Karte";247;"Montag; Dienstag; Mittwoch; Donnerstag; Freitag; Samstag; Sonntag";"00:00-23:59; 00:00-23:59; 00:00-23:59; 00:00-23:59; 00:00-23:59; 00:00-23:59; 00:00-23:59";AC Typ 2 Fahrzeugkupplung;11;DE*HOM*E500016*008;;;;;;;;;;;;;;;;;;;;;;49.511498, 9.973852
375;1118518;HomE of Mobility GmbH;HomE of Mobility GmbH;In Betrieb;Normalladeeinrichtung;1.0;11.0;01-01-17;Industriestr.;1;;97285;Röttingen;Landkreis Würzburg;Bayern;49.511498;9.973852;eibe Produktion + Vertrieb GmbH & Co. KG · Tor 5 · AC;Keine Beschränkung;"Sonstige;RFID-Karte;Onlinezahlungsverfahren";247;"Montag; Dienstag; Mittwoch; Donnerstag; Freitag; Samstag; Sonntag";"00:00-23:59; 00:00-23:59; 00:00-23:59; 00:00-23:59; 00:00-23:59; 00:00-23:59; 00:00-23:59";AC Typ 2 Fahrzeugkupplung;11;DE*HOM*E500016*009;;;;;;;;;;;;;;;;;;;;;;49.511498, 9.973852
376;1118519;HomE of Mobility GmbH;HomE of Mobility GmbH;In Betrieb;Normalladeeinrichtung;1.0;11.0;01-01-17;Industriestr.;1;;97285;Röttingen;Landkreis Würzburg;Bayern;49.511498;9.973852;eibe Produktion + Vertrieb GmbH & Co. KG · Tor 5 · AC;Keine Beschränkung;"Sonstige;Onlinezahlungsverfahren;RFID-Karte";247;"Montag; Dienstag; Mittwoch; Donnerstag; Freitag; Samstag; Sonntag";"00:00-23:59; 00:00-23:59; 00:00-23:59; 00:00-23:59; 00:00-23:59; 00:00-23:59; 00:00-23:59";AC Typ 2 Fahrzeugkupplung;11;DE*HOM*E500016*010;;;;;;;;;;;;;;;;;;;;;;49.511498, 9.973852
377;1118649;HomE of Mobility GmbH;HomE of Mobility GmbH;In Betrieb;Normalladeeinrichtung;2.0;22.0;01-01-18;Industriestr.;1;;97285;Röttingen;Landkreis Würzburg;Bayern;49.510823;9.97329;eibe Produktion + Vertrieb GmbH & Co. KG · Tor 4 · AC;Keine Beschränkung;"Sonstige;RFID-Karte;Onlinezahlungsverfahren";247;"Montag; Dienstag; Mittwoch; Donnerstag; Freitag; Samstag; Sonntag";"00:00-23:59; 00:00-23:59; 00:00-23:59; 00:00-23:59; 00:00-23:59; 00:00-23:59; 00:00-23:59";AC Typ 2 Fahrzeugkupplung;22;DE*HOM*E500016*011;;AC Typ 2 Fahrzeugkupplung;22;DE*HOM*E500016*012;;;;;;;;;;;;;;;;;;49.510823, 9.97329
378;1118652;HomE of Mobility GmbH;HomE of Mobility GmbH;In Betrieb;Normalladeeinrichtung;2.0;22.0;01-01-18;Industriestr.;1;;97285;Röttingen;Landkreis Würzburg;Bayern;49.510823;9.97329;eibe Produktion + Vertrieb GmbH & Co. KG · Tor 4 · AC;Keine Beschränkung;"Sonstige;RFID-Karte;Onlinezahlungsverfahren";247;"Montag; Dienstag; Mittwoch; Donnerstag; Freitag; Samstag; Sonntag";"00:00-23:59; 00:00-23:59; 00:00-23:59; 00:00-23:59; 00:00-23:59; 00:00-23:59; 00:00-23:59";AC Typ 2 Fahrzeugkupplung;22;DE*HOM*E500016*013;;AC Typ 2 Fahrzeugkupplung;22;DE*HOM*E500016*014;;;;;;;;;;;;;;;;;;49.510823, 9.97329
379;1120587;HomE of Mobility GmbH;HomE of Mobility GmbH;In Betrieb;Schnellladeeinrichtung;2.0;50.0;01-01-20;Schulstr.;1;;97285;Röttingen;Landkreis Würzburg;Bayern;49.510162;9.973131;eibe Produktion + Vertrieb GmbH & Co. KG · Tor 7 · DC;Keine Beschränkung;"Sonstige;RFID-Karte;Onlinezahlungsverfahren;Debitkarte (Lesegerät)";247;"Montag; Dienstag; Mittwoch; Donnerstag; Freitag; Samstag; Sonntag";"00:00-23:59; 00:00-23:59; 00:00-23:59; 00:00-23:59; 00:00-23:59; 00:00-23:59; 00:00-23:59";DC Fahrzeugkupplung Typ Combo 2 (CCS);50;DE*HOM*E500016*501;;DC Fahrzeugkupplung Typ Combo 2 (CCS);50;DE*HOM*E500016*502;;;;;;;;;;;;;;;;;;49.510162, 9.973131
380;1040889;Stadtwerke Würzburg AG;;In Betrieb;Normalladeeinrichtung;2.0;33.0;01-01-07;Jahnstraße;0;;97286;Sommerhausen;Landkreis Würzburg;Bayern;49.7085;10.023605;;;"Onlinezahlungsverfahren;RFID-Karte";Keine Angabe;;;AC Typ 2 Steckdose;22;;;AC Typ 2 Steckdose;11;;;;;;;;;;;;;;;;;;;49.7085, 10.023605
381;1040932;Stadtwerke Würzburg AG;;In Betrieb;Normalladeeinrichtung;2.0;44.0;01-01-12;Schulhof;3;;97286;Winterhausen;Landkreis Würzburg;Bayern;49.707541;10.013393;;;"Onlinezahlungsverfahren;RFID-Karte";Keine Angabe;;;AC Typ 2 Steckdose;22;;;AC Typ 2 Steckdose;22;;;;;;;;;;;;;;;;;;;49.707541, 10.013393
382;1090716;Autohaus Henneberger GmbH;;In Betrieb;Schnellladeeinrichtung;4.0;100.0;;Randersackerer Str.;21;;97288;Theilheim;Landkreis Würzburg;Bayern;49.752914;10.016214;;;;Keine Angabe;;;DC Fahrzeugkupplung Typ Combo 2 (CCS);100;;;DC Fahrzeugkupplung Typ Combo 2 (CCS);100;;;AC Typ 2 Fahrzeugkupplung;22.0;;;AC Typ 2 Steckdose;22.0;;;;;;;;;;;49.752914, 10.016214
383;1005253;NEG Neue Energien Mainfranken GmbH;;In Betrieb;Normalladeeinrichtung;2.0;44.0;01-01-13;Dorfplatzstraße;1;;97291;Thüngersheim;Landkreis Würzburg;Bayern;49.88337;9.83909;;;;Keine Angabe;;;AC Typ 2 Steckdose;22;;;AC Typ 2 Steckdose;22;;;;;;;;;;;;;;;;;;;49.88337, 9.83909
384;1012306;N-ERGIE Aktiengesellschaft;;In Betrieb;Normalladeeinrichtung;2.0;44.0;01-01-23;An der Windmühle;0;;97294;Unterpleichfeld;Landkreis Würzburg;Bayern;49.86233;10.04197;Unterpleichfeld - An der Windmühle;Keine Beschränkung;"Onlinezahlungsverfahren;RFID-Karte";Keine Angabe;;;AC Typ 2 Steckdose;22;DE*LVP*E21654*001;;AC Typ 2 Steckdose;22;DE*LVP*E21654*002;;;;;;;;;;;;;;;;;;49.86233, 10.04197
385;1019369;Mer Germany GmbH;MER Germany;In Betrieb;Schnellladeeinrichtung;2.0;300.0;01-01-30;Langhausstr.;7;6543;97294;Unterpleichfeld;Landkreis Würzburg;Bayern;49.864857;10.03921;Unterpleichfeld (DE*MER*E006543);Keine Beschränkung;"Onlinezahlungsverfahren;RFID-Karte";247;"Montag; Dienstag; Mittwoch; Donnerstag; Freitag; Samstag; Sonntag";"00:00-23:59; 00:00-23:59; 00:00-23:59; 00:00-23:59; 00:00-23:59; 00:00-23:59; 00:00-23:59";DC Fahrzeugkupplung Typ Combo 2 (CCS);300;DE*MER*E006543*01;3056301006072A8648CE3D020106052B8104000A0342000417F4CA16093C1C6DDBA638F145B4D7F273316392DF3AE124C9288FF96B9F0AF0028E7E3487F4871E097CB10BBEAA79FFEBF000144713A72B02A654C17414DACE;DC Fahrzeugkupplung Typ Combo 2 (CCS);300;DE*MER*E006543*02;3056301006072A8648CE3D020106052B8104000A03420004EFEE28C0BDE0087E835C2252EDA2DA000923782DFDA52905EA310D0AFD99E47557327FEB0D58F7E19736C04CC81978245A5B6698028B43AE963B736688F19B4A;;;;;;;;;;;;;;;;;49.864857, 10.03921
386;1126418;N-ERGIE Aktiengesellschaft;;In Betrieb;Normalladeeinrichtung;2.0;44.0;01-01-23;An der Windmühle;0;;97294;Unterpleichfeld;Landkreis Würzburg;Bayern;49.86233;10.04197;Unterpleichfeld - An der Windmühle;Keine Beschränkung;"RFID-Karte;Onlinezahlungsverfahren";Keine Angabe;;;AC Typ 2 Steckdose;22;DE*LVP*E21340*001;;AC Typ 2 Steckdose;22;DE*LVP*E21340*002;;;;;;;;;;;;;;;;;;49.86233, 10.04197
387;1042538;Energielösung GmbH;;In Betrieb;Normalladeeinrichtung;1.0;22.0;01-01-27;Gäßchen;13;;97297;Waldbüttelbrunn;Landkreis Würzburg;Bayern;49.786899;9.841028;;;"Onlinezahlungsverfahren;RFID-Karte";Keine Angabe;;;AC Typ 2 Steckdose;22;;;;;;;;;;;;;;;;;;;;;;;49.786899, 9.841028
388;1042610;Energielösung GmbH;;In Betrieb;Normalladeeinrichtung;2.0;44.0;01-01-13;Schulstraße;16;;97297;Waldbüttelbrunn;Landkreis Würzburg;Bayern;49.786171;9.844479;;;"Onlinezahlungsverfahren;RFID-Karte";Keine Angabe;;;AC Typ 2 Steckdose;22;;;AC Typ 2 Steckdose;22;;;;;;;;;;;;;;;;;;;49.786171, 9.844479
389;1069435;Formbar Rocks (Kleinunternehmer);;In Betrieb;Normalladeeinrichtung;1.0;11.0;;Am Pfad;1d;;97297;Waldbüttelbrunn;Landkreis Würzburg;Bayern;49.784931;9.834524;;;"Bargeld;Debitkarte (Lesegerät);RFID-Karte;Sonstige";Keine Angabe;;;AC Typ 2 Steckdose;11;;;;;;;;;;;;;;;;;;;;;;;49.784931, 9.834524
390;1110411;Gemeinde Waldbüttelbrunn;;In Betrieb;Normalladeeinrichtung;1.0;22.0;01-01-14;Gäßchen;0;;97297;Waldbüttelbrunn;Landkreis Würzburg;Bayern;49.78691;9.84115;;;;Keine Angabe;;;AC Typ 2 Steckdose;22;;;;;;;;;;;;;;;;;;;;;;;49.78691, 9.84115
391;1112742;Andreas Spanheimer;;In Betrieb;Normalladeeinrichtung;2.0;11.0;;Friedenstr;3a;;97297;Waldbuettelbrunn;Landkreis Würzburg;Bayern;49.7894;9.8496;;;"Kreditkarte (Lesegerät);Onlinezahlungsverfahren;RFID-Karte";Keine Angabe;;;AC Typ 2 Steckdose;11;;;AC Typ 2 Steckdose;11;;;;;;;;;;;;;;;;;;;49.7894, 9.8496
392;1040855;Stadtwerke Würzburg AG;;In Betrieb;Normalladeeinrichtung;2.0;33.0;01-01-09;Fahrmannstraße;4;;97299;Zell;Landkreis Würzburg;Bayern;49.813496;9.87125;;;;Keine Angabe;;;AC Typ 2 Steckdose;22;;;AC Typ 2 Steckdose;22;;;;;;;;;;;;;;;;;;;49.813496, 9.87125
393;1085602;Fahrschule Breitenbach;;In Betrieb;Normalladeeinrichtung;1.0;11.0;01-01-30;Klosterwiesen;16;;97299;Zell am Main;Landkreis Würzburg;Bayern;49.819902;9.86878;;;Bargeld;Keine Angabe;;;AC Typ 2 Fahrzeugkupplung;11;;;;;;;;;;;;;;;;;;;;;;;49.819902, 9.86878
394;1117953;Stadtwerke Würzburg AG;;In Betrieb;Normalladeeinrichtung;2.0;44.0;01-01-04;Falkenstr.;7;;97299;Zell a. Main;Landkreis Würzburg;Bayern;49.814854;9.863739;;Keine Beschränkung;"Kreditkarte (Lesegerät);RFID-Karte;Onlinezahlungsverfahren";Keine Angabe;;;AC Typ 2 Steckdose;22;;;AC Typ 2 Steckdose;22;;;;;;;;;;;;;;;;;;;49.814854, 9.863739
395;1118858;Stadtwerke Würzburg AG;;In Betrieb;Normalladeeinrichtung;2.0;44.0;01-01-19;Fahrstr.;1;;97299;Zell a. Main;Landkreis Würzburg;Bayern;49.808607;9.873017;;Keine Beschränkung;"Kreditkarte (Lesegerät);RFID-Karte;Sonstige";Keine Angabe;;;AC Typ 2 Steckdose;22;;;AC Typ 2 Steckdose;22;;;;;;;;;;;;;;;;;;;49.808607, 9.873017
396;1127101;Stadtwerke Würzburg AG;;In Betrieb;Normalladeeinrichtung;2.0;44.0;01-01-21;Falkenstr.;7;;97299;Zell a. Main;Landkreis Würzburg;Bayern;49.814854;9.863739;;Keine Beschränkung;"RFID-Karte;Sonstige;Onlinezahlungsverfahren";Keine Angabe;;;AC Typ 2 Steckdose;22;;;AC Typ 2 Steckdose;22;;;;;;;;;;;;;;;;;;;49.814854, 9.863739
397;1006168;N-ERGIE Aktiengesellschaft;;In Betrieb;Normalladeeinrichtung;2.0;44.0;01-01-30;Langwiesengraben;1;;97323;Giebelstadt;Landkreis Würzburg;Bayern;49.658051;9.946516;;;;Keine Angabe;;;AC Typ 2 Steckdose;22;;;AC Typ 2 Steckdose;22;;;;;;;;;;;;;;;;;;;49.658051, 9.946516
