k,phase,seed,silhouette_score,cfa_total_costs,cfa_runtime,db_total_costs,db_runtime,timestamp
20,1,1,0.505599,35318.47,1.11,35316.79,1.15,2026-06-04 12:29
20,1,2,0.505599,35283.18,1.18,35485.55,1.14,2026-06-04 12:29
20,1,3,0.505599,34145.6,1.12,34893.19,1.17,2026-06-04 12:29
20,1,4,0.505599,32216.02,1.14,32214.89,1.14,2026-06-04 12:29
20,1,5,0.505599,36222.39,1.11,36313.97,1.13,2026-06-04 12:29
20,1,6,0.505599,47192.05,1.21,48308.14,1.31,2026-06-04 12:29
20,1,7,0.505599,34804.28,1.14,33324.92,1.14,2026-06-04 12:30
20,1,8,0.505599,31770.47,1.09,31600.26,1.13,2026-06-04 12:30
20,1,9,0.505599,32305.84,1.09,32324.16,1.11,2026-06-04 12:30
20,1,10,0.505599,35164.33,1.13,35103.34,1.13,2026-06-04 12:30
20,1,11,0.505599,42637.63,1.13,42662.0,1.15,2026-06-04 12:30
20,1,12,0.505599,36445.6,1.1,36052.81,1.11,2026-06-04 12:30
20,1,13,0.505599,37359.74,1.16,37784.95,1.14,2026-06-04 12:30
20,1,14,0.505599,37598.62,1.12,38204.13,1.12,2026-06-04 12:30
20,1,15,0.505599,38206.96,1.1,38205.47,1.1,2026-06-04 12:30
20,1,16,0.505599,35456.62,1.12,35253.83,1.12,2026-06-04 12:30
20,1,17,0.505599,32564.75,1.11,32553.73,1.13,2026-06-04 12:30
20,1,18,0.505599,39970.7,1.14,39941.17,1.19,2026-06-04 12:30
20,1,19,0.505599,48850.2,1.17,48904.71,1.4,2026-06-04 12:30
20,1,20,0.505599,29811.33,1.14,30225.77,1.18,2026-06-04 12:30
20,1,21,0.505599,38607.14,1.25,39277.88,1.2,2026-06-04 12:30
20,1,22,0.505599,40644.14,1.14,40539.31,1.16,2026-06-04 12:30
20,1,23,0.505599,36567.5,1.11,36949.57,1.18,2026-06-04 12:30
20,1,24,0.505599,35204.53,1.19,35219.01,1.14,2026-06-04 12:30
20,1,25,0.505599,45135.42,1.22,45098.88,1.38,2026-06-04 12:30
20,1,26,0.505599,37596.11,1.19,37617.54,1.36,2026-06-04 12:30
20,1,27,0.505599,37883.83,1.23,38112.07,1.31,2026-06-04 12:30
20,1,28,0.505599,37539.6,1.22,37538.23,1.19,2026-06-04 12:30
20,1,29,0.505599,35234.82,1.23,35317.38,1.19,2026-06-04 12:30
20,1,30,0.505599,41081.56,1.22,40696.83,1.26,2026-06-04 12:30
20,1,31,0.505599,28324.2,1.19,28287.21,1.16,2026-06-04 12:30
20,1,32,0.505599,47611.6,1.15,47603.7,1.17,2026-06-04 12:30
20,1,33,0.505599,39595.4,1.24,39920.48,1.18,2026-06-04 12:31
20,1,34,0.505599,36090.45,1.16,36221.41,1.15,2026-06-04 12:31
20,1,35,0.505599,38352.2,1.28,37783.16,1.14,2026-06-04 12:31
20,1,36,0.505599,33994.3,1.14,34001.2,1.14,2026-06-04 12:31
20,1,37,0.505599,30566.35,1.15,30521.14,1.24,2026-06-04 12:31
20,1,38,0.505599,40093.08,1.18,40491.02,1.18,2026-06-04 12:31
20,1,39,0.505599,46326.79,1.17,46304.79,1.17,2026-06-04 12:31
20,1,40,0.505599,38721.52,1.17,38934.9,1.15,2026-06-04 12:31
20,1,41,0.505599,37867.72,1.22,37790.03,1.3,2026-06-04 12:31
20,1,42,0.505599,35892.73,1.18,35935.64,1.16,2026-06-04 12:31
20,1,43,0.505599,37709.3,1.27,37636.56,1.31,2026-06-04 12:31
20,1,44,0.505599,42591.94,1.19,42144.03,1.22,2026-06-04 12:31
20,1,45,0.505599,32740.73,1.14,32551.36,1.23,2026-06-04 12:31
20,1,46,0.505599,37093.01,1.12,37361.32,1.11,2026-06-04 12:31
20,1,47,0.505599,35590.63,1.12,35847.95,1.13,2026-06-04 12:31
20,1,48,0.505599,37897.67,1.16,38026.34,1.17,2026-06-04 12:31
20,1,49,0.505599,41515.43,1.16,41523.15,1.13,2026-06-04 12:31
20,1,50,0.505599,38871.46,1.11,39136.98,1.12,2026-06-04 12:31
20,1,51,0.505599,34982.38,1.1,35270.63,1.12,2026-06-04 12:31
20,1,52,0.505599,33211.79,1.12,32360.34,1.12,2026-06-04 12:31
20,1,53,0.505599,39688.9,1.13,39688.73,1.14,2026-06-04 12:31
20,1,54,0.505599,35590.18,1.14,35155.67,1.15,2026-06-04 12:31
20,1,55,0.505599,39698.18,1.19,39353.54,1.17,2026-06-04 12:31
20,1,56,0.505599,32961.81,1.14,32657.98,1.14,2026-06-04 12:31
20,1,57,0.505599,33786.71,1.11,33771.32,1.12,2026-06-04 12:31
20,1,58,0.505599,41211.27,1.14,41865.71,1.14,2026-06-04 12:31
20,1,59,0.505599,52300.0,1.15,52281.24,1.21,2026-06-04 12:32
20,1,60,0.505599,35025.59,1.13,34852.58,1.14,2026-06-04 12:32
20,1,61,0.505599,43158.09,1.21,43146.39,1.14,2026-06-04 12:32
20,1,62,0.505599,40740.55,1.18,40753.34,1.16,2026-06-04 12:32
20,1,63,0.505599,39477.33,1.18,39810.84,1.36,2026-06-04 12:32
20,1,64,0.505599,54141.93,1.19,53933.05,1.27,2026-06-04 12:32
20,1,65,0.505599,38751.53,1.18,38703.32,1.18,2026-06-04 12:32
20,1,66,0.505599,43349.16,1.24,43828.48,1.21,2026-06-04 12:32
20,1,67,0.505599,44685.37,1.18,44683.78,1.3,2026-06-04 12:32
20,1,68,0.505599,33370.07,1.11,32966.18,1.16,2026-06-04 12:32
20,1,69,0.505599,34461.98,1.3,34161.68,1.19,2026-06-04 12:32
20,1,70,0.505599,42000.46,1.16,41994.38,1.15,2026-06-04 12:32
20,1,71,0.505599,30836.52,1.11,30798.28,1.13,2026-06-04 12:32
20,1,72,0.505599,24006.26,1.04,24107.06,1.05,2026-06-04 12:32
20,1,73,0.505599,39221.05,1.15,39189.7,1.19,2026-06-04 12:32
20,1,74,0.505599,34521.79,1.11,34363.89,1.11,2026-06-04 12:32
20,1,75,0.505599,31617.53,1.08,31494.32,1.1,2026-06-04 12:32
20,1,76,0.505599,37701.61,1.11,37836.5,1.12,2026-06-04 12:32
20,1,77,0.505599,37139.51,1.11,37152.96,1.12,2026-06-04 12:32
20,1,78,0.505599,55589.52,1.13,55445.57,1.14,2026-06-04 12:32
20,1,79,0.505599,40365.48,1.17,40325.46,1.22,2026-06-04 12:32
20,1,80,0.505599,37998.23,1.1,38313.69,1.11,2026-06-04 12:32
20,1,81,0.505599,48546.89,1.16,48564.9,1.16,2026-06-04 12:32
20,1,82,0.505599,64573.11,1.17,64280.34,1.18,2026-06-04 12:32
20,1,83,0.505599,37938.21,1.13,39112.07,1.14,2026-06-04 12:32
20,1,84,0.505599,42694.95,1.14,42557.92,1.17,2026-06-04 12:32
20,1,85,0.505599,32915.36,1.11,31844.11,1.11,2026-06-04 12:33
20,1,86,0.505599,30853.51,1.1,30871.74,1.11,2026-06-04 12:33
20,1,87,0.505599,38800.93,1.13,38802.29,1.14,2026-06-04 12:33
20,1,88,0.505599,40985.73,1.17,40920.33,1.17,2026-06-04 12:33
20,1,89,0.505599,40089.99,1.12,40175.99,1.11,2026-06-04 12:33
20,1,90,0.505599,35499.9,1.17,35716.04,1.15,2026-06-04 12:33
20,1,91,0.505599,38851.44,1.12,39620.42,1.15,2026-06-04 12:33
20,1,92,0.505599,41968.72,1.17,41878.09,1.18,2026-06-04 12:33
20,1,93,0.505599,39991.66,1.18,39730.62,1.17,2026-06-04 12:33
20,1,94,0.505599,31939.46,1.11,32237.48,1.11,2026-06-04 12:33
20,1,95,0.505599,34569.1,1.09,35607.82,1.13,2026-06-04 12:33
20,1,96,0.505599,29762.93,1.08,29330.98,1.09,2026-06-04 12:33
20,1,97,0.505599,41155.93,1.15,42639.49,1.15,2026-06-04 12:33
20,1,98,0.505599,28802.6,1.08,28887.18,1.09,2026-06-04 12:33
20,1,99,0.505599,34448.15,1.08,34117.54,1.08,2026-06-04 12:33
20,1,100,0.505599,33859.52,1.12,33122.42,1.12,2026-06-04 12:33
40,1,1,0.582816,32797.69,1.11,32864.79,1.11,2026-06-04 12:33
40,1,2,0.582816,32647.93,1.15,32445.5,1.12,2026-06-04 12:33
40,1,3,0.582816,34150.8,1.13,34168.21,1.14,2026-06-04 12:33
40,1,4,0.582816,27424.48,1.09,28030.78,1.1,2026-06-04 12:33
40,1,5,0.582816,39331.57,1.13,39309.61,1.14,2026-06-04 12:33
40,1,6,0.582816,48878.16,1.18,49450.51,1.2,2026-06-04 12:33
40,1,7,0.582816,33572.32,1.17,34113.67,1.15,2026-06-04 12:33
40,1,8,0.582816,31125.24,1.1,30438.38,1.1,2026-06-04 12:33
40,1,9,0.582816,26121.54,1.07,26468.17,1.09,2026-06-04 12:33
40,1,10,0.582816,32162.74,1.11,32090.94,1.12,2026-06-04 12:33
40,1,11,0.582816,40130.46,1.15,40135.57,1.17,2026-06-04 12:34
40,1,12,0.582816,30707.92,1.12,30403.55,1.11,2026-06-04 12:34
40,1,13,0.582816,35381.61,1.12,35301.84,1.14,2026-06-04 12:34
40,1,14,0.582816,35545.45,1.18,34739.97,1.16,2026-06-04 12:34
40,1,15,0.582816,34841.16,1.17,34463.25,1.14,2026-06-04 12:34
40,1,16,0.582816,35839.24,1.14,35774.98,1.15,2026-06-04 12:34
40,1,17,0.582816,40154.16,1.13,40511.17,1.15,2026-06-04 12:34
40,1,18,0.582816,36239.71,1.12,36275.83,1.12,2026-06-04 12:34
40,1,19,0.582816,43978.01,1.15,44183.24,1.16,2026-06-04 12:34
40,1,20,0.582816,34058.34,1.13,33869.94,1.13,2026-06-04 12:34
40,1,21,0.582816,34028.75,1.17,34017.74,1.18,2026-06-04 12:34
40,1,22,0.582816,38064.94,1.2,38070.05,1.18,2026-06-04 12:34
40,1,23,0.582816,33763.05,1.17,33926.31,1.19,2026-06-04 12:34
40,1,24,0.582816,37043.3,1.18,37076.24,1.17,2026-06-04 12:34
40,1,25,0.582816,42568.53,1.35,42654.23,1.23,2026-06-04 12:34
40,1,26,0.582816,36747.97,1.21,37153.53,1.25,2026-06-04 12:34
40,1,27,0.582816,36170.59,1.2,36142.91,1.23,2026-06-04 12:34
40,1,28,0.582816,32909.21,1.23,32903.04,1.21,2026-06-04 12:34
40,1,29,0.582816,32645.62,1.19,32634.82,1.2,2026-06-04 12:34
40,1,30,0.582816,34576.72,1.18,35089.88,1.18,2026-06-04 12:34
40,1,31,0.582816,34237.61,1.14,33383.56,1.15,2026-06-04 12:34
40,1,32,0.582816,34799.86,1.14,34614.54,1.13,2026-06-04 12:34
40,1,33,0.582816,34095.11,1.12,33965.64,1.16,2026-06-04 12:34
40,1,34,0.582816,37079.88,1.14,37188.38,1.14,2026-06-04 12:34
40,1,35,0.582816,33519.05,1.12,34013.57,1.13,2026-06-04 12:34
40,1,36,0.582816,40720.3,1.14,40723.48,1.14,2026-06-04 12:34
40,1,37,0.582816,31023.66,1.11,31041.59,1.13,2026-06-04 12:35
40,1,38,0.582816,37229.95,1.15,37345.82,1.14,2026-06-04 12:35
40,1,39,0.582816,30431.48,1.13,31079.31,1.15,2026-06-04 12:35
40,1,40,0.582816,32032.77,1.15,31843.29,1.12,2026-06-04 12:35
40,1,41,0.582816,36621.1,1.12,36584.3,1.13,2026-06-04 12:35
40,1,42,0.582816,42150.47,1.17,42110.3,1.17,2026-06-04 12:35
40,1,43,0.582816,31325.27,1.13,31258.38,1.14,2026-06-04 12:35
40,1,44,0.582816,35929.58,1.14,35780.61,1.14,2026-06-04 12:35
40,1,45,0.582816,26593.77,1.08,26400.82,1.12,2026-06-04 12:35
40,1,46,0.582816,31599.98,1.09,31641.61,1.1,2026-06-04 12:35
40,1,47,0.582816,30188.24,1.11,30770.39,1.12,2026-06-04 12:35
40,1,48,0.582816,34202.9,1.11,34728.09,1.12,2026-06-04 12:35
40,1,49,0.582816,34493.54,1.11,34442.7,1.12,2026-06-04 12:35
40,1,50,0.582816,35204.73,1.12,35104.88,1.14,2026-06-04 12:35
40,1,51,0.582816,32913.68,1.16,32971.04,1.17,2026-06-04 12:35
40,1,52,0.582816,32486.07,1.13,31934.11,1.3,2026-06-04 12:35
40,1,53,0.582816,36089.91,1.32,36361.99,1.25,2026-06-04 12:35
40,1,54,0.582816,33607.89,1.25,33699.66,1.18,2026-06-04 12:35
40,1,55,0.582816,35223.86,1.15,35742.44,1.13,2026-06-04 12:35
40,1,56,0.582816,33706.49,1.14,33892.36,1.16,2026-06-04 12:35
40,1,57,0.582816,34040.05,1.12,34038.95,1.16,2026-06-04 12:35
40,1,58,0.582816,37256.79,1.12,37209.62,1.13,2026-06-04 12:35
40,1,59,0.582816,59212.88,1.2,59234.77,1.22,2026-06-04 12:35
40,1,60,0.582816,30004.17,1.09,29735.7,1.09,2026-06-04 12:35
40,1,61,0.582816,41881.64,1.16,42028.55,1.16,2026-06-04 12:35
40,1,62,0.582816,29348.75,1.11,29332.95,1.12,2026-06-04 12:35
40,1,63,0.582816,32884.59,1.12,33152.72,1.13,2026-06-04 12:36
40,1,64,0.582816,51135.55,1.17,51142.94,1.14,2026-06-04 12:36
40,1,65,0.582816,36767.43,1.13,36185.59,1.14,2026-06-04 12:36
40,1,66,0.582816,40460.89,1.17,40439.36,1.17,2026-06-04 12:36
40,1,67,0.582816,40675.96,1.13,40267.93,1.13,2026-06-04 12:36
40,1,68,0.582816,30257.67,1.08,30415.9,1.1,2026-06-04 12:36
40,1,69,0.582816,33788.59,1.11,34123.75,1.15,2026-06-04 12:36
40,1,70,0.582816,39613.08,1.15,39531.24,1.15,2026-06-04 12:36
40,1,71,0.582816,32698.92,1.1,31921.27,1.11,2026-06-04 12:36
40,1,72,0.582816,26051.44,1.07,26179.9,1.08,2026-06-04 12:36
40,1,73,0.582816,37927.1,1.17,37989.07,1.17,2026-06-04 12:36
40,1,74,0.582816,33231.76,1.1,33192.65,1.11,2026-06-04 12:36
40,1,75,0.582816,34154.4,1.15,34300.3,1.13,2026-06-04 12:36
40,1,76,0.582816,35458.75,1.13,35285.7,1.14,2026-06-04 12:36
40,1,77,0.582816,37721.85,1.12,36778.7,1.14,2026-06-04 12:36
40,1,78,0.582816,47234.22,1.13,46812.52,1.14,2026-06-04 12:36
40,1,79,0.582816,36969.73,1.13,37641.42,1.14,2026-06-04 12:36
40,1,80,0.582816,34716.14,1.13,34825.54,1.15,2026-06-04 12:36
40,1,81,0.582816,42536.67,1.19,42583.81,1.18,2026-06-04 12:36
40,1,82,0.582816,64484.58,1.17,64492.64,1.17,2026-06-04 12:36
40,1,83,0.582816,29968.77,1.12,30048.28,1.12,2026-06-04 12:36
40,1,84,0.582816,33631.66,1.11,33632.01,1.11,2026-06-04 12:36
40,1,85,0.582816,35752.58,1.12,36718.12,1.13,2026-06-04 12:36
40,1,86,0.582816,32945.36,1.12,33140.7,1.12,2026-06-04 12:36
40,1,87,0.582816,35753.53,1.17,35689.75,1.15,2026-06-04 12:36
40,1,88,0.582816,42493.07,1.16,42462.83,1.16,2026-06-04 12:36
40,1,89,0.582816,38261.6,1.11,38176.36,1.12,2026-06-04 12:36
40,1,90,0.582816,33513.09,1.12,32933.9,1.13,2026-06-04 12:37
40,1,91,0.582816,36130.18,1.12,36131.77,1.11,2026-06-04 12:37
40,1,92,0.582816,29705.84,1.13,30015.65,1.17,2026-06-04 12:37
40,1,93,0.582816,31956.5,1.12,31822.66,1.15,2026-06-04 12:37
40,1,94,0.582816,34567.3,1.07,34605.97,1.08,2026-06-04 12:37
40,1,95,0.582816,35414.13,1.12,35275.03,1.12,2026-06-04 12:37
40,1,96,0.582816,28362.03,1.08,28119.9,1.09,2026-06-04 12:37
40,1,97,0.582816,40169.65,1.16,40609.95,1.17,2026-06-04 12:37
40,1,98,0.582816,33456.0,1.12,33340.7,1.12,2026-06-04 12:37
40,1,99,0.582816,30722.38,1.08,30517.62,1.12,2026-06-04 12:37
40,1,100,0.582816,33281.27,1.11,33294.51,1.11,2026-06-04 12:37
60,1,1,0.609252,33377.02,1.16,33427.04,1.15,2026-06-04 12:37
60,1,2,0.609252,32704.01,1.13,32641.11,1.18,2026-06-04 12:37
60,1,3,0.609252,34077.17,1.17,34096.46,1.18,2026-06-04 12:37
60,1,4,0.609252,30047.64,1.1,30228.8,1.11,2026-06-04 12:37
60,1,5,0.609252,36523.08,1.13,36540.77,1.17,2026-06-04 12:37
60,1,6,0.609252,41329.92,1.18,41350.18,1.19,2026-06-04 12:37
60,1,7,0.609252,30453.42,1.14,30657.29,1.15,2026-06-04 12:37
60,1,8,0.609252,30930.58,1.12,30937.06,1.13,2026-06-04 12:37
60,1,9,0.609252,28704.79,1.09,28686.89,1.1,2026-06-04 12:37
60,1,10,0.609252,34179.68,1.14,34089.78,1.14,2026-06-04 12:37
60,1,11,0.609252,37698.82,1.16,37692.11,1.2,2026-06-04 12:37
60,1,12,0.609252,33871.89,1.16,34262.91,1.17,2026-06-04 12:37
60,1,13,0.609252,33120.48,1.12,32545.22,1.14,2026-06-04 12:37
60,1,14,0.609252,40873.93,1.19,40878.13,1.26,2026-06-04 12:37
60,1,15,0.609252,29564.15,1.33,29542.91,1.28,2026-06-04 12:37
60,1,16,0.609252,36459.56,1.25,36407.93,1.31,2026-06-04 12:38
60,1,17,0.609252,34564.02,1.25,34572.16,1.22,2026-06-04 12:38
60,1,18,0.609252,39268.05,1.28,39215.36,1.33,2026-06-04 12:38
60,1,19,0.609252,33162.18,1.24,33187.43,1.26,2026-06-04 12:38
60,1,20,0.609252,31181.72,1.17,31991.75,1.13,2026-06-04 12:38
60,1,21,0.609252,44069.55,1.19,44115.43,1.18,2026-06-04 12:38
60,1,22,0.609252,43376.49,1.2,43391.13,1.18,2026-06-04 12:38
60,1,23,0.609252,33891.93,1.16,34385.44,1.17,2026-06-04 12:38
60,1,24,0.609252,30093.55,1.12,30015.22,1.15,2026-06-04 12:38
60,1,25,0.609252,30922.58,1.14,30850.86,1.14,2026-06-04 12:38
60,1,26,0.609252,32533.7,1.14,32667.17,1.16,2026-06-04 12:38
60,1,27,0.609252,38397.9,1.2,38423.83,1.19,2026-06-04 12:38
60,1,28,0.609252,33458.83,1.2,33675.06,1.39,2026-06-04 12:38
60,1,29,0.609252,31259.72,1.29,31019.96,1.28,2026-06-04 12:38
60,1,30,0.609252,35180.39,1.25,35325.33,1.23,2026-06-04 12:38
60,1,31,0.609252,29990.8,1.22,29523.38,1.23,2026-06-04 12:38
60,1,32,0.609252,39718.46,1.21,40479.44,1.21,2026-06-04 12:38
60,1,33,0.609252,33807.07,1.21,33775.76,1.3,2026-06-04 12:38
60,1,34,0.609252,37135.36,1.27,36790.04,1.31,2026-06-04 12:38
60,1,35,0.609252,32584.14,1.24,32489.05,1.24,2026-06-04 12:38
60,1,36,0.609252,38387.11,1.29,38637.9,1.3,2026-06-04 12:38
60,1,37,0.609252,30174.04,1.22,30248.18,1.24,2026-06-04 12:38
60,1,38,0.609252,33027.82,1.21,32297.43,1.21,2026-06-04 12:38
60,1,39,0.609252,35554.3,1.22,35569.73,1.22,2026-06-04 12:38
60,1,40,0.609252,32021.19,1.18,32037.32,1.2,2026-06-04 12:39
60,1,41,0.609252,32035.65,1.22,32036.02,1.19,2026-06-04 12:39
60,1,42,0.609252,31720.79,1.22,31757.12,1.23,2026-06-04 12:39
60,1,43,0.609252,27122.57,1.17,27116.07,1.2,2026-06-04 12:39
60,1,44,0.609252,38644.71,1.23,38772.29,1.24,2026-06-04 12:39
60,1,45,0.609252,29527.58,1.18,29556.61,1.19,2026-06-04 12:39
60,1,46,0.609252,33368.69,1.19,33625.48,1.2,2026-06-04 12:39
60,1,47,0.609252,30883.32,1.19,30787.45,1.17,2026-06-04 12:39
60,1,48,0.609252,38915.51,1.25,38813.05,1.31,2026-06-04 12:39
60,1,49,0.609252,29215.04,1.19,29222.02,1.19,2026-06-04 12:39
60,1,50,0.609252,37633.85,1.24,37610.51,1.23,2026-06-04 12:39
60,1,51,0.609252,42442.29,1.24,42745.65,1.25,2026-06-04 12:39
60,1,52,0.609252,28593.32,1.19,28770.68,1.18,2026-06-04 12:39
60,1,53,0.609252,41318.07,1.26,41405.91,1.24,2026-06-04 12:39
60,1,54,0.609252,33915.57,1.2,33590.84,1.21,2026-06-04 12:39
60,1,55,0.609252,34186.41,1.23,34064.02,1.24,2026-06-04 12:39
60,1,56,0.609252,33982.88,1.2,33869.53,1.21,2026-06-04 12:39
60,1,57,0.609252,34408.11,1.18,34580.57,1.21,2026-06-04 12:39
60,1,58,0.609252,35752.43,1.19,36194.56,1.22,2026-06-04 12:39
60,1,59,0.609252,53775.8,1.29,53762.95,1.29,2026-06-04 12:39
60,1,60,0.609252,28221.96,1.17,27568.39,1.17,2026-06-04 12:39
60,1,61,0.609252,40503.96,1.22,40526.66,1.24,2026-06-04 12:39
60,1,62,0.609252,32779.45,1.25,34061.7,1.22,2026-06-04 12:39
60,1,63,0.609252,32930.85,1.22,32993.6,1.22,2026-06-04 12:39
60,1,64,0.609252,40582.58,1.24,40576.23,1.23,2026-06-04 12:39
60,1,65,0.609252,31860.01,1.18,32353.65,1.24,2026-06-04 12:40
60,1,66,0.609252,38492.54,1.24,37670.26,1.26,2026-06-04 12:40
60,1,67,0.609252,43027.48,1.25,43159.41,1.24,2026-06-04 12:40
60,1,68,0.609252,28165.64,1.15,28170.44,1.16,2026-06-04 12:40
60,1,69,0.609252,32147.59,1.21,32259.38,1.22,2026-06-04 12:40
60,1,70,0.609252,41397.86,1.27,41396.28,1.27,2026-06-04 12:40
60,1,71,0.609252,34780.79,1.22,34828.58,1.22,2026-06-04 12:40
60,1,72,0.609252,27920.38,1.23,27161.83,1.18,2026-06-04 12:40
60,1,73,0.609252,38865.89,1.27,38668.86,1.27,2026-06-04 12:40
60,1,74,0.609252,37424.18,1.19,37282.6,1.19,2026-06-04 12:40
60,1,75,0.609252,32425.86,1.21,32429.3,1.24,2026-06-04 12:40
60,1,76,0.609252,38158.47,1.21,38166.25,1.22,2026-06-04 12:40
60,1,77,0.609252,39059.32,1.21,38800.14,1.23,2026-06-04 12:40
60,1,78,0.609252,52657.85,1.31,52394.96,1.28,2026-06-04 12:40
60,1,79,0.609252,44839.32,1.33,44520.36,1.33,2026-06-04 12:40
60,1,80,0.609252,36774.3,1.22,35957.0,1.23,2026-06-04 12:40
60,1,81,0.609252,47603.37,1.21,47691.88,1.27,2026-06-04 12:40
60,1,82,0.609252,62120.48,1.24,62197.73,1.25,2026-06-04 12:40
60,1,83,0.609252,30540.37,1.24,31138.75,1.26,2026-06-04 12:40
60,1,84,0.609252,38700.66,1.23,38713.27,1.23,2026-06-04 12:40
60,1,85,0.609252,41252.04,1.23,41285.29,1.26,2026-06-04 12:40
60,1,86,0.609252,33111.76,1.21,33123.32,1.22,2026-06-04 12:40
60,1,87,0.609252,29468.4,1.18,29054.14,1.18,2026-06-04 12:40
60,1,88,0.609252,46915.07,1.24,46719.36,1.26,2026-06-04 12:40
60,1,89,0.609252,44830.51,1.24,44804.25,1.3,2026-06-04 12:41
60,1,90,0.609252,32058.99,1.22,32081.1,1.23,2026-06-04 12:41
60,1,91,0.609252,40242.93,1.24,40464.73,1.24,2026-06-04 12:41
60,1,92,0.609252,35176.32,1.24,35035.16,1.26,2026-06-04 12:41
60,1,93,0.609252,34332.0,1.2,34166.27,1.21,2026-06-04 12:41
60,1,94,0.609252,30527.4,1.23,30553.85,1.23,2026-06-04 12:41
60,1,95,0.609252,33792.53,1.19,33897.9,1.24,2026-06-04 12:41
60,1,96,0.609252,31178.46,1.18,31065.5,1.17,2026-06-04 12:41
60,1,97,0.609252,36558.68,1.21,35913.55,1.22,2026-06-04 12:41
60,1,98,0.609252,30773.53,1.19,30773.43,1.21,2026-06-04 12:41
60,1,99,0.609252,28982.17,1.19,28982.21,1.2,2026-06-04 12:41
60,1,100,0.609252,35183.43,1.21,34199.76,1.2,2026-06-04 12:41
80,1,1,0.627873,35190.46,1.23,35313.46,1.23,2026-06-04 12:41
80,1,2,0.627873,34616.43,1.29,34714.02,1.27,2026-06-04 12:41
80,1,3,0.627873,35181.17,1.24,35187.15,1.24,2026-06-04 12:41
80,1,4,0.627873,27318.03,1.19,27433.27,1.19,2026-06-04 12:41
80,1,5,0.627873,30757.81,1.18,30748.21,1.19,2026-06-04 12:41
80,1,6,0.627873,49967.92,1.32,50198.54,1.33,2026-06-04 12:41
80,1,7,0.627873,29435.49,1.21,30570.32,1.32,2026-06-04 12:41
80,1,8,0.627873,27994.96,1.43,27994.41,1.65,2026-06-04 12:41
80,1,9,0.627873,29099.61,1.23,29130.07,1.2,2026-06-04 12:41
80,1,10,0.627873,34022.86,1.23,33928.37,1.26,2026-06-04 12:41
80,1,11,0.627873,36449.82,1.45,36186.12,1.24,2026-06-04 12:41
80,1,12,0.627873,30001.58,1.21,30182.61,1.21,2026-06-04 12:41
80,1,13,0.627873,31019.95,1.16,30996.25,1.21,2026-06-04 12:42
80,1,14,0.627873,35673.16,1.19,35703.35,1.2,2026-06-04 12:42
80,1,15,0.627873,27452.53,1.16,27501.95,1.17,2026-06-04 12:42
80,1,16,0.627873,37520.27,1.22,37193.0,1.24,2026-06-04 12:42
80,1,17,0.627873,33355.26,1.2,33361.59,1.19,2026-06-04 12:42
80,1,18,0.627873,36283.25,1.24,36273.51,1.37,2026-06-04 12:42
80,1,19,0.627873,41038.62,1.3,41020.3,1.22,2026-06-04 12:42
80,1,20,0.627873,31545.88,1.39,31683.57,1.19,2026-06-04 12:42
80,1,21,0.627873,35898.55,1.22,35988.85,1.2,2026-06-04 12:42
80,1,22,0.627873,35354.31,1.21,35339.12,1.36,2026-06-04 12:42
80,1,23,0.627873,33406.06,1.31,33349.85,1.27,2026-06-04 12:42
80,1,24,0.627873,35771.29,1.22,35458.05,1.36,2026-06-04 12:42
80,1,25,0.627873,37608.74,1.28,38379.55,1.32,2026-06-04 12:42
80,1,26,0.627873,32671.11,1.27,32644.53,1.29,2026-06-04 12:42
80,1,27,0.627873,34513.85,1.28,34503.9,1.31,2026-06-04 12:42
80,1,28,0.627873,38692.86,1.33,38641.29,1.33,2026-06-04 12:42
80,1,29,0.627873,35355.0,1.26,35326.41,1.29,2026-06-04 12:42
80,1,30,0.627873,36512.67,1.24,36556.01,1.29,2026-06-04 12:42
80,1,31,0.627873,30167.82,1.25,29798.97,1.24,2026-06-04 12:42
80,1,32,0.627873,39896.44,1.26,39894.0,1.26,2026-06-04 12:42
80,1,33,0.627873,35214.31,1.26,35287.93,1.29,2026-06-04 12:42
80,1,34,0.627873,31698.02,1.26,31652.78,1.31,2026-06-04 12:42
80,1,35,0.627873,36715.12,1.26,36623.1,1.28,2026-06-04 12:42
80,1,36,0.627873,38562.87,1.39,38532.72,1.34,2026-06-04 12:42
80,1,37,0.627873,25329.02,1.21,25328.33,1.21,2026-06-04 12:43
80,1,38,0.627873,46720.67,1.27,47155.19,1.31,2026-06-04 12:43
80,1,39,0.627873,30531.97,1.25,30730.36,1.25,2026-06-04 12:43
80,1,40,0.627873,32436.45,1.22,33010.71,1.26,2026-06-04 12:43
80,1,41,0.627873,33450.35,1.22,33289.83,1.27,2026-06-04 12:43
80,1,42,0.627873,35811.03,1.33,35730.31,1.2,2026-06-04 12:43
80,1,43,0.627873,31302.0,1.22,31479.08,1.16,2026-06-04 12:43
80,1,44,0.627873,36332.11,1.17,36212.29,1.18,2026-06-04 12:43
80,1,45,0.627873,26760.1,1.14,26826.51,1.16,2026-06-04 12:43
80,1,46,0.627873,35591.75,1.16,36784.55,1.16,2026-06-04 12:43
80,1,47,0.627873,30052.01,1.14,30581.03,1.15,2026-06-04 12:43
80,1,48,0.627873,34144.08,1.17,34117.7,1.18,2026-06-04 12:43
80,1,49,0.627873,31838.69,1.17,31605.12,1.15,2026-06-04 12:43
80,1,50,0.627873,34238.86,1.14,35332.49,1.15,2026-06-04 12:43
80,1,51,0.627873,41981.62,1.18,41992.52,1.2,2026-06-04 12:43
80,1,52,0.627873,29788.89,1.14,29805.81,1.17,2026-06-04 12:43
80,1,53,0.627873,40863.55,1.19,40862.79,1.19,2026-06-04 12:43
80,1,54,0.627873,34210.58,1.16,34184.02,1.17,2026-06-04 12:43
80,1,55,0.627873,32325.35,1.18,32915.34,1.17,2026-06-04 12:43
80,1,56,0.627873,33975.51,1.16,34871.07,1.17,2026-06-04 12:43
80,1,57,0.627873,38995.88,1.15,38673.66,1.16,2026-06-04 12:43
80,1,58,0.627873,36614.51,1.15,36583.27,1.15,2026-06-04 12:43
80,1,59,0.627873,60700.9,1.2,60846.69,1.21,2026-06-04 12:43
80,1,60,0.627873,30648.99,1.11,30636.42,1.12,2026-06-04 12:43
80,1,61,0.627873,36171.8,1.19,35733.36,1.15,2026-06-04 12:43
80,1,62,0.627873,30464.8,1.15,30459.08,1.15,2026-06-04 12:44
80,1,63,0.627873,37853.86,1.16,37860.74,1.17,2026-06-04 12:44
80,1,64,0.627873,38713.96,1.15,38668.62,1.16,2026-06-04 12:44
80,1,65,0.627873,35141.79,1.15,35692.1,1.16,2026-06-04 12:44
80,1,66,0.627873,30130.48,1.14,30086.04,1.15,2026-06-04 12:44
80,1,67,0.627873,41825.09,1.17,41858.09,1.18,2026-06-04 12:44
80,1,68,0.627873,29635.66,1.14,29838.26,1.12,2026-06-04 12:44
80,1,69,0.627873,30775.1,1.14,31059.9,1.15,2026-06-04 12:44
80,1,70,0.627873,44577.45,1.23,43897.91,1.22,2026-06-04 12:44
80,1,71,0.627873,30730.19,1.15,30807.1,1.16,2026-06-04 12:44
80,1,72,0.627873,25108.59,1.11,25055.81,1.12,2026-06-04 12:44
80,1,73,0.627873,36648.33,1.2,36885.83,1.21,2026-06-04 12:44
80,1,74,0.627873,33794.73,1.14,33740.92,1.18,2026-06-04 12:44
80,1,75,0.627873,40231.45,1.15,40700.64,1.16,2026-06-04 12:44
80,1,76,0.627873,35131.37,1.16,35050.64,1.19,2026-06-04 12:44
80,1,77,0.627873,29139.23,1.13,29094.5,1.14,2026-06-04 12:44
80,1,78,0.627873,45897.62,1.16,45402.68,1.16,2026-06-04 12:44
80,1,79,0.627873,43578.38,1.2,43852.59,1.22,2026-06-04 12:44
80,1,80,0.627873,33190.16,1.13,33013.97,1.14,2026-06-04 12:44
80,1,81,0.627873,35666.12,1.2,35806.71,1.17,2026-06-04 12:44
80,1,82,0.627873,59554.76,1.21,59362.35,1.21,2026-06-04 12:44
80,1,83,0.627873,26657.5,1.14,26635.94,1.14,2026-06-04 12:44
80,1,84,0.627873,36572.39,1.15,36597.56,1.15,2026-06-04 12:44
80,1,85,0.627873,31375.23,1.15,31332.41,1.18,2026-06-04 12:44
80,1,86,0.627873,28451.44,1.18,28402.71,1.2,2026-06-04 12:44
80,1,87,0.627873,32518.93,1.17,32834.04,1.17,2026-06-04 12:44
80,1,88,0.627873,39458.81,1.18,39064.39,1.18,2026-06-04 12:45
80,1,89,0.627873,38971.93,1.19,38921.05,1.2,2026-06-04 12:45
80,1,90,0.627873,29152.79,1.12,28941.42,1.14,2026-06-04 12:45
80,1,91,0.627873,36014.38,1.15,35938.75,1.16,2026-06-04 12:45
80,1,92,0.627873,37093.34,1.21,37094.85,1.18,2026-06-04 12:45
80,1,93,0.627873,31887.58,1.15,31384.22,1.17,2026-06-04 12:45
80,1,94,0.627873,29680.25,1.11,30059.85,1.11,2026-06-04 12:45
80,1,95,0.627873,32849.26,1.12,33218.92,1.14,2026-06-04 12:45
80,1,96,0.627873,27220.08,1.15,27034.07,1.17,2026-06-04 12:45
80,1,97,0.627873,35555.04,1.53,35535.84,1.3,2026-06-04 12:45
80,1,98,0.627873,30086.66,1.35,30069.74,1.3,2026-06-04 12:45
80,1,99,0.627873,32229.89,1.32,32322.43,1.23,2026-06-04 12:45
80,1,100,0.627873,35255.48,1.49,34301.59,1.71,2026-06-04 12:45
100,1,1,0.633379,34838.38,1.86,35131.71,2.16,2026-06-04 12:45
100,1,2,0.633379,35683.12,2.06,35490.6,1.61,2026-06-04 12:45
100,1,3,0.633379,34631.23,1.47,34629.48,1.41,2026-06-04 12:45
100,1,4,0.633379,30726.96,1.31,30846.18,1.25,2026-06-04 12:45
100,1,5,0.633379,34668.29,1.23,34564.68,1.25,2026-06-04 12:45
100,1,6,0.633379,43977.4,1.33,44748.13,1.36,2026-06-04 12:45
100,1,7,0.633379,28634.49,1.25,28630.9,1.23,2026-06-04 12:45
100,1,8,0.633379,30628.14,1.16,30577.8,1.17,2026-06-04 12:45
100,1,9,0.633379,31970.49,1.18,31972.45,1.18,2026-06-04 12:45
100,1,10,0.633379,35313.56,1.2,35299.46,1.22,2026-06-04 12:45
100,1,11,0.633379,34167.57,1.22,34138.61,1.19,2026-06-04 12:46
100,1,12,0.633379,29977.86,1.22,29975.94,1.43,2026-06-04 12:46
100,1,13,0.633379,31345.5,1.3,31210.71,1.23,2026-06-04 12:46
100,1,14,0.633379,34575.24,1.26,34844.6,1.23,2026-06-04 12:46
100,1,15,0.633379,32055.2,1.25,32030.19,1.25,2026-06-04 12:46
100,1,16,0.633379,33799.64,1.22,34233.93,1.22,2026-06-04 12:46
100,1,17,0.633379,30213.08,1.2,30148.51,1.21,2026-06-04 12:46
100,1,18,0.633379,32915.76,1.26,32807.15,1.21,2026-06-04 12:46
100,1,19,0.633379,38085.95,1.25,38107.14,1.26,2026-06-04 12:46
100,1,20,0.633379,27896.08,1.2,28666.01,1.23,2026-06-04 12:46
100,1,21,0.633379,35231.27,1.24,35172.34,1.27,2026-06-04 12:46
100,1,22,0.633379,36656.29,1.22,36269.53,1.26,2026-06-04 12:46
100,1,23,0.633379,33740.49,1.18,34099.22,1.22,2026-06-04 12:46
100,1,24,0.633379,29028.6,1.22,28627.52,1.21,2026-06-04 12:46
100,1,25,0.633379,36465.03,1.24,36370.43,1.24,2026-06-04 12:46
100,1,26,0.633379,31042.71,1.16,30441.37,1.15,2026-06-04 12:46
100,1,27,0.633379,31696.98,1.2,31621.75,1.2,2026-06-04 12:46
100,1,28,0.633379,40456.98,1.51,40524.05,1.38,2026-06-04 12:46
100,1,29,0.633379,31404.65,1.26,31951.59,1.27,2026-06-04 12:46
100,1,30,0.633379,27882.14,1.21,27845.78,1.18,2026-06-04 12:46
100,1,31,0.633379,31188.92,1.2,31588.93,1.22,2026-06-04 12:46
100,1,32,0.633379,36943.23,1.22,36872.93,1.23,2026-06-04 12:46
100,1,33,0.633379,38225.11,1.25,38264.22,1.26,2026-06-04 12:46
100,1,34,0.633379,34157.12,1.26,34198.19,1.26,2026-06-04 12:46
100,1,35,0.633379,37918.47,1.24,37896.89,1.23,2026-06-04 12:47
100,1,36,0.633379,36232.97,1.26,36230.75,1.22,2026-06-04 12:47
100,1,37,0.633379,27729.35,1.2,27861.59,1.17,2026-06-04 12:47
100,1,38,0.633379,39080.66,1.23,38998.71,1.23,2026-06-04 12:47
100,1,39,0.633379,33284.82,1.21,33280.27,1.21,2026-06-04 12:47
100,1,40,0.633379,32576.0,1.16,32267.56,1.2,2026-06-04 12:47
100,1,41,0.633379,34606.63,1.18,34650.09,1.19,2026-06-04 12:47
100,1,42,0.633379,40236.12,1.29,39972.49,1.27,2026-06-04 12:47
100,1,43,0.633379,30348.07,1.19,30773.07,1.22,2026-06-04 12:47
100,1,44,0.633379,34722.81,1.21,34618.89,1.24,2026-06-04 12:47
100,1,45,0.633379,29254.64,1.25,30048.61,1.21,2026-06-04 12:47
100,1,46,0.633379,33975.04,1.21,33858.93,1.36,2026-06-04 12:47
100,1,47,0.633379,31263.03,1.38,31086.39,1.26,2026-06-04 12:47
100,1,48,0.633379,32193.33,1.26,32406.81,1.26,2026-06-04 12:47
100,1,49,0.633379,32553.81,1.17,32026.67,1.18,2026-06-04 12:47
100,1,50,0.633379,32281.72,1.23,32621.54,1.24,2026-06-04 12:47
100,1,51,0.633379,35608.59,1.31,35615.1,1.29,2026-06-04 12:47
100,1,52,0.633379,30059.56,1.2,30083.88,1.19,2026-06-04 12:47
100,1,53,0.633379,37214.86,1.26,37117.95,1.26,2026-06-04 12:47
100,1,54,0.633379,33631.28,1.18,33603.28,1.27,2026-06-04 12:47
100,1,55,0.633379,31729.78,1.22,31623.24,1.28,2026-06-04 12:47
100,1,56,0.633379,30044.87,1.24,30052.74,1.3,2026-06-04 12:47
100,1,57,0.633379,35424.98,1.31,35392.04,1.2,2026-06-04 12:47
100,1,58,0.633379,32978.26,1.2,33263.78,1.22,2026-06-04 12:47
100,1,59,0.633379,53729.3,1.28,53677.82,1.25,2026-06-04 12:47
100,1,60,0.633379,25373.77,1.16,24783.6,1.28,2026-06-04 12:48
100,1,61,0.633379,36095.29,1.29,36289.13,1.24,2026-06-04 12:48
100,1,62,0.633379,33966.42,1.19,34484.84,1.21,2026-06-04 12:48
100,1,63,0.633379,35347.86,1.22,36582.38,1.22,2026-06-04 12:48
100,1,64,0.633379,42152.78,1.21,42132.2,1.22,2026-06-04 12:48
100,1,65,0.633379,35885.0,1.18,35843.14,1.25,2026-06-04 12:48
100,1,66,0.633379,33893.33,1.55,34053.87,1.4,2026-06-04 12:48
100,1,67,0.633379,47087.64,1.47,47101.77,1.33,2026-06-04 12:48
100,1,68,0.633379,26606.07,1.31,26602.99,1.28,2026-06-04 12:48
100,1,69,0.633379,29970.11,1.2,29995.51,1.21,2026-06-04 12:48
100,1,70,0.633379,36228.31,1.45,36153.51,1.38,2026-06-04 12:48
100,1,71,0.633379,30671.96,1.36,31974.01,1.29,2026-06-04 12:48
100,1,72,0.633379,25775.42,1.36,25583.94,1.37,2026-06-04 12:48
100,1,73,0.633379,43117.07,1.53,42730.97,1.36,2026-06-04 12:48
100,1,74,0.633379,33844.53,1.19,33902.03,1.19,2026-06-04 12:48
100,1,75,0.633379,36769.51,1.2,36762.78,1.21,2026-06-04 12:48
100,1,76,0.633379,35008.16,1.19,34971.9,1.2,2026-06-04 12:48
100,1,77,0.633379,33389.76,1.22,33045.52,1.24,2026-06-04 12:48
100,1,78,0.633379,53825.54,1.21,53830.91,1.24,2026-06-04 12:48
100,1,79,0.633379,39765.0,1.26,39672.43,1.45,2026-06-04 12:48
100,1,80,0.633379,38882.73,1.36,38461.91,1.34,2026-06-04 12:48
100,1,81,0.633379,37440.67,1.32,37195.47,1.21,2026-06-04 12:48
100,1,82,0.633379,57829.55,1.26,57838.75,1.29,2026-06-04 12:48
100,1,83,0.633379,30527.35,1.27,30425.42,1.26,2026-06-04 12:49
100,1,84,0.633379,38798.68,1.23,38291.67,1.27,2026-06-04 12:49
100,1,85,0.633379,37354.89,1.24,37345.44,1.23,2026-06-04 12:49
100,1,86,0.633379,30755.0,1.18,31527.68,1.21,2026-06-04 12:49
100,1,87,0.633379,28115.71,1.19,27525.1,1.18,2026-06-04 12:49
100,1,88,0.633379,43461.95,1.22,43413.0,1.23,2026-06-04 12:49
100,1,89,0.633379,30416.85,1.22,31061.32,1.25,2026-06-04 12:49
100,1,90,0.633379,34878.1,1.36,34768.55,1.38,2026-06-04 12:49
100,1,91,0.633379,36869.53,1.22,37630.84,1.21,2026-06-04 12:49
100,1,92,0.633379,33359.67,1.25,33370.21,1.44,2026-06-04 12:49
100,1,93,0.633379,32002.78,1.4,33434.05,1.29,2026-06-04 12:49
100,1,94,0.633379,31818.02,1.4,31627.5,1.45,2026-06-04 12:49
100,1,95,0.633379,30140.65,1.27,30108.33,1.23,2026-06-04 12:49
100,1,96,0.633379,28828.88,1.38,28734.42,1.36,2026-06-04 12:49
100,1,97,0.633379,38606.76,1.37,38362.46,1.42,2026-06-04 12:49
100,1,98,0.633379,33204.4,1.49,33114.37,1.45,2026-06-04 12:49
100,1,99,0.633379,32175.58,1.39,31881.58,1.4,2026-06-04 12:49
100,1,100,0.633379,31171.75,1.34,31950.77,1.2,2026-06-04 12:49
120,1,1,0.638567,33809.54,1.24,33831.51,1.28,2026-06-04 12:49
120,1,2,0.638567,37324.9,1.26,37330.42,1.27,2026-06-04 12:49
120,1,3,0.638567,33602.27,1.22,33435.79,1.25,2026-06-04 12:49
120,1,4,0.638567,26081.87,1.17,26116.92,1.2,2026-06-04 12:49
120,1,5,0.638567,35033.23,1.23,34787.1,1.25,2026-06-04 12:49
120,1,6,0.638567,36616.7,1.27,37441.55,1.31,2026-06-04 12:50
120,1,7,0.638567,31530.8,1.23,32313.89,1.22,2026-06-04 12:50
120,1,8,0.638567,29304.39,1.23,29611.38,1.21,2026-06-04 12:50
120,1,9,0.638567,28449.38,1.24,28558.23,1.22,2026-06-04 12:50
120,1,10,0.638567,33424.98,1.28,33590.3,1.26,2026-06-04 12:50
120,1,11,0.638567,32793.76,1.28,32941.01,1.25,2026-06-04 12:50
120,1,12,0.638567,31785.55,1.21,31639.29,1.22,2026-06-04 12:50
120,1,13,0.638567,31912.94,1.21,32026.98,1.25,2026-06-04 12:50
120,1,14,0.638567,31273.34,1.22,31281.46,1.23,2026-06-04 12:50
120,1,15,0.638567,34287.11,1.25,33641.59,1.22,2026-06-04 12:50
120,1,16,0.638567,35825.91,1.22,35501.92,1.23,2026-06-04 12:50
120,1,17,0.638567,34517.61,1.23,34470.93,1.24,2026-06-04 12:50
120,1,18,0.638567,37572.73,1.23,37742.71,1.25,2026-06-04 12:50
120,1,19,0.638567,40378.38,1.21,40705.51,1.21,2026-06-04 12:50
120,1,20,0.638567,30736.88,1.22,30790.61,1.2,2026-06-04 12:50
120,1,21,0.638567,34480.95,1.22,34540.7,1.24,2026-06-04 12:50
120,1,22,0.638567,39674.58,1.26,38580.69,1.27,2026-06-04 12:50
120,1,23,0.638567,32695.37,1.18,32735.93,1.19,2026-06-04 12:50
120,1,24,0.638567,30197.54,1.24,31077.77,1.23,2026-06-04 12:50
120,1,25,0.638567,31625.65,1.23,31373.46,1.24,2026-06-04 12:50
120,1,26,0.638567,35768.51,1.25,35782.18,1.22,2026-06-04 12:50
120,1,27,0.638567,32724.25,1.2,32635.42,1.2,2026-06-04 12:50
120,1,28,0.638567,36914.52,1.25,36905.63,1.3,2026-06-04 12:50
120,1,29,0.638567,37293.46,1.22,37327.42,1.22,2026-06-04 12:50
120,1,30,0.638567,33010.69,1.2,32922.96,1.23,2026-06-04 12:50
120,1,31,0.638567,28002.06,1.18,27955.56,1.18,2026-06-04 12:51
120,1,32,0.638567,41372.24,1.23,41315.35,1.24,2026-06-04 12:51
120,1,33,0.638567,36707.77,1.23,36842.61,1.24,2026-06-04 12:51
120,1,34,0.638567,30535.58,1.2,31070.57,1.23,2026-06-04 12:51
120,1,35,0.638567,31553.88,1.2,31534.63,1.2,2026-06-04 12:51
120,1,36,0.638567,33621.23,1.25,33413.89,1.21,2026-06-04 12:51
120,1,37,0.638567,24952.08,1.18,24936.09,1.19,2026-06-04 12:51
120,1,38,0.638567,46323.78,1.27,47005.21,1.28,2026-06-04 12:51
120,1,39,0.638567,30764.91,1.22,31007.22,1.23,2026-06-04 12:51
120,1,40,0.638567,29060.19,1.16,28406.31,1.18,2026-06-04 12:51
120,1,41,0.638567,35916.98,1.25,35004.9,1.24,2026-06-04 12:51
120,1,42,0.638567,34252.72,1.24,34440.58,1.26,2026-06-04 12:51
120,1,43,0.638567,31710.62,1.25,31614.74,1.23,2026-06-04 12:51
120,1,44,0.638567,31061.14,1.22,30805.15,1.21,2026-06-04 12:51
120,1,45,0.638567,29571.22,1.18,28931.58,1.18,2026-06-04 12:51
120,1,46,0.638567,31526.01,1.19,31457.15,1.19,2026-06-04 12:51
120,1,47,0.638567,30254.97,1.19,30269.84,1.2,2026-06-04 12:51
120,1,48,0.638567,34824.53,1.26,35016.26,1.27,2026-06-04 12:51
120,1,49,0.638567,35103.59,1.22,34665.28,1.18,2026-06-04 12:51
120,1,50,0.638567,30860.3,1.21,30817.06,1.21,2026-06-04 12:51
120,1,51,0.638567,40183.34,1.23,40083.71,1.26,2026-06-04 12:51
120,1,52,0.638567,32675.44,1.19,32496.79,1.2,2026-06-04 12:51
120,1,53,0.638567,40226.34,1.24,39298.73,1.24,2026-06-04 12:51
120,1,54,0.638567,32183.17,1.2,32400.02,1.22,2026-06-04 12:51
120,1,55,0.638567,30922.26,1.21,31195.77,1.25,2026-06-04 12:52
120,1,56,0.638567,30008.34,1.2,29959.57,1.21,2026-06-04 12:52
120,1,57,0.638567,34753.58,1.23,34813.99,1.4,2026-06-04 12:52
120,1,58,0.638567,32464.65,1.43,32532.35,1.29,2026-06-04 12:52
120,1,59,0.638567,59901.77,1.29,60360.99,1.33,2026-06-04 12:52
120,1,60,0.638567,28637.49,1.18,28850.77,1.47,2026-06-04 12:52
120,1,61,0.638567,29538.05,1.45,28792.76,1.21,2026-06-04 12:52
120,1,62,0.638567,33550.45,1.24,33552.64,1.5,2026-06-04 12:52
120,1,63,0.638567,35479.26,1.29,35701.91,1.27,2026-06-04 12:52
120,1,64,0.638567,38346.14,1.26,39174.93,1.28,2026-06-04 12:52
120,1,65,0.638567,30457.16,1.19,30445.46,1.23,2026-06-04 12:52
120,1,66,0.638567,38854.61,1.26,38817.99,1.26,2026-06-04 12:52
120,1,67,0.638567,42474.56,1.25,42474.04,1.3,2026-06-04 12:52
120,1,68,0.638567,27357.47,1.19,27341.61,1.19,2026-06-04 12:52
120,1,69,0.638567,29270.46,1.24,29213.69,1.22,2026-06-04 12:52
120,1,70,0.638567,46617.91,1.3,46378.35,1.32,2026-06-04 12:52
120,1,71,0.638567,32214.44,1.23,32911.7,1.23,2026-06-04 12:52
120,1,72,0.638567,25817.62,1.23,25771.46,1.2,2026-06-04 12:52
120,1,73,0.638567,38673.64,1.3,38579.66,1.32,2026-06-04 12:52
120,1,74,0.638567,34822.5,1.22,34680.32,1.22,2026-06-04 12:52
120,1,75,0.638567,34627.53,1.25,34398.5,1.26,2026-06-04 12:52
120,1,76,0.638567,33435.91,1.2,33353.89,1.42,2026-06-04 12:52
120,1,77,0.638567,31512.31,1.48,31572.65,1.51,2026-06-04 12:52
120,1,78,0.638567,54889.09,1.55,54561.26,1.42,2026-06-04 12:53
120,1,79,0.638567,37219.81,1.26,37222.38,1.34,2026-06-04 12:53
120,1,80,0.638567,37695.59,1.29,37676.75,1.24,2026-06-04 12:53
120,1,81,0.638567,35833.7,1.28,35890.27,1.38,2026-06-04 12:53
120,1,82,0.638567,53934.92,1.37,53928.05,1.29,2026-06-04 12:53
120,1,83,0.638567,29453.43,1.24,29460.66,1.21,2026-06-04 12:53
120,1,84,0.638567,34326.16,1.24,34413.17,1.25,2026-06-04 12:53
120,1,85,0.638567,34538.75,1.24,34477.93,1.26,2026-06-04 12:53
120,1,86,0.638567,30849.85,1.27,30784.31,1.26,2026-06-04 12:53
120,1,87,0.638567,30531.5,1.26,29783.36,1.22,2026-06-04 12:53
120,1,88,0.638567,42107.12,1.27,42014.96,1.28,2026-06-04 12:53
120,1,89,0.638567,29643.75,1.21,29609.56,1.22,2026-06-04 12:53
120,1,90,0.638567,34008.79,1.2,33412.84,1.23,2026-06-04 12:53
120,1,91,0.638567,40153.91,1.22,39696.64,1.21,2026-06-04 12:53
120,1,92,0.638567,33448.48,1.29,33368.28,1.25,2026-06-04 12:53
120,1,93,0.638567,34280.01,1.24,34190.3,1.22,2026-06-04 12:53
120,1,94,0.638567,32712.76,1.19,32376.7,1.19,2026-06-04 12:53
120,1,95,0.638567,28380.96,1.16,28400.08,1.18,2026-06-04 12:53
120,1,96,0.638567,27975.66,1.15,28107.85,1.2,2026-06-04 12:53
120,1,97,0.638567,40705.24,1.23,40833.29,1.24,2026-06-04 12:53
120,1,98,0.638567,30501.91,1.2,30972.22,1.26,2026-06-04 12:53
120,1,99,0.638567,30626.3,1.18,30443.74,1.17,2026-06-04 12:53
120,1,100,0.638567,29471.44,1.17,29561.44,1.18,2026-06-04 12:53
140,1,1,0.649033,31227.1,1.24,31206.66,1.22,2026-06-04 12:53
140,1,2,0.649033,36274.55,1.28,37248.14,1.66,2026-06-04 12:54
140,1,3,0.649033,33563.12,1.42,33283.3,1.26,2026-06-04 12:54
140,1,4,0.649033,26566.42,1.21,26666.34,1.23,2026-06-04 12:54
140,1,5,0.649033,34277.44,1.23,34274.61,1.37,2026-06-04 12:54
140,1,6,0.649033,44498.22,1.56,43934.98,1.38,2026-06-04 12:54
140,1,7,0.649033,32169.02,1.28,31884.85,1.34,2026-06-04 12:54
140,1,8,0.649033,29119.39,1.58,29569.98,1.34,2026-06-04 12:54
140,1,9,0.649033,32938.12,1.25,33635.09,1.25,2026-06-04 12:54
140,1,10,0.649033,36723.14,1.3,36710.39,1.27,2026-06-04 12:54
140,1,11,0.649033,40079.8,1.29,40456.98,1.45,2026-06-04 12:54
140,1,12,0.649033,29130.29,1.45,29129.54,1.27,2026-06-04 12:54
140,1,13,0.649033,31087.34,1.27,30592.97,1.42,2026-06-04 12:54
140,1,14,0.649033,30709.26,1.37,30650.79,1.42,2026-06-04 12:54
140,1,15,0.649033,37461.39,1.47,36982.41,1.53,2026-06-04 12:54
140,1,16,0.649033,33255.86,1.43,33584.23,1.5,2026-06-04 12:54
140,1,17,0.649033,32621.44,1.47,32531.31,1.47,2026-06-04 12:54
140,1,18,0.649033,37684.28,1.45,37702.11,1.48,2026-06-04 12:54
140,1,19,0.649033,41372.1,1.7,41407.92,1.44,2026-06-04 12:54
140,1,20,0.649033,30815.88,1.66,30583.75,1.54,2026-06-04 12:54
140,1,21,0.649033,37511.47,1.59,37466.05,1.42,2026-06-04 12:54
140,1,22,0.649033,37108.48,1.46,37069.66,1.41,2026-06-04 12:54
140,1,23,0.649033,35513.66,1.27,35480.17,1.28,2026-06-04 12:54
140,1,24,0.649033,28116.45,1.21,28167.6,1.22,2026-06-04 12:55
140,1,25,0.649033,33880.58,1.25,33849.07,1.26,2026-06-04 12:55
140,1,26,0.649033,33215.94,1.22,33090.17,1.26,2026-06-04 12:55
140,1,27,0.649033,33546.02,1.23,33448.56,1.27,2026-06-04 12:55
140,1,28,0.649033,36101.11,1.34,36126.82,1.28,2026-06-04 12:55
140,1,29,0.649033,30627.78,1.24,30388.43,1.23,2026-06-04 12:55
140,1,30,0.649033,29088.04,1.2,29156.97,1.21,2026-06-04 12:55
140,1,31,0.649033,29044.02,1.25,28730.85,1.23,2026-06-04 12:55
140,1,32,0.649033,37785.77,1.26,37835.41,1.27,2026-06-04 12:55
140,1,33,0.649033,33901.04,1.24,33852.91,1.25,2026-06-04 12:55
140,1,34,0.649033,31816.96,1.25,31559.64,1.3,2026-06-04 12:55
140,1,35,0.649033,31619.83,1.28,31970.7,1.25,2026-06-04 12:55
140,1,36,0.649033,35777.52,1.29,36424.46,1.29,2026-06-04 12:55
140,1,37,0.649033,26813.1,1.24,26766.84,1.23,2026-06-04 12:55
140,1,38,0.649033,40944.54,1.36,40743.38,1.42,2026-06-04 12:55
140,1,39,0.649033,35058.43,1.53,34667.27,1.48,2026-06-04 12:55
140,1,40,0.649033,30785.17,1.57,30518.99,1.49,2026-06-04 12:55
140,1,41,0.649033,36442.82,1.59,36449.2,1.48,2026-06-04 12:55
140,1,42,0.649033,34069.12,1.5,34098.52,1.38,2026-06-04 12:55
140,1,43,0.649033,30283.96,1.26,30469.5,1.27,2026-06-04 12:55
140,1,44,0.649033,35703.43,1.28,35524.36,1.27,2026-06-04 12:55
140,1,45,0.649033,32817.46,1.25,32786.7,1.49,2026-06-04 12:55
140,1,46,0.649033,33373.91,1.48,32938.5,1.39,2026-06-04 12:55
140,1,47,0.649033,28206.23,1.46,28116.37,1.32,2026-06-04 12:56
140,1,48,0.649033,29475.2,1.38,29483.5,1.28,2026-06-04 12:56
140,1,49,0.649033,34969.18,1.24,35373.4,1.24,2026-06-04 12:56
140,1,50,0.649033,29904.52,1.25,30156.98,1.38,2026-06-04 12:56
140,1,51,0.649033,43255.85,1.35,42809.25,1.32,2026-06-04 12:56
140,1,52,0.649033,33118.64,1.29,33149.63,1.35,2026-06-04 12:56
140,1,53,0.649033,33343.58,1.25,33274.63,1.24,2026-06-04 12:56
140,1,54,0.649033,34812.52,1.27,34334.74,1.28,2026-06-04 12:56
140,1,55,0.649033,30068.24,1.22,30041.0,1.23,2026-06-04 12:56
140,1,56,0.649033,29984.25,1.23,29257.38,1.23,2026-06-04 12:56
140,1,57,0.649033,35829.36,1.21,35626.09,1.23,2026-06-04 12:56
140,1,58,0.649033,30274.64,1.22,29740.36,1.25,2026-06-04 12:56
140,1,59,0.649033,65000.95,1.3,65319.07,1.32,2026-06-04 12:56
140,1,60,0.649033,32300.15,1.22,32183.34,1.23,2026-06-04 12:56
140,1,61,0.649033,29207.61,1.2,29574.12,1.2,2026-06-04 12:56
140,1,62,0.649033,32671.76,1.25,32639.94,1.25,2026-06-04 12:56
140,1,63,0.649033,33400.49,1.23,33257.78,1.24,2026-06-04 12:56
140,1,64,0.649033,38018.87,1.29,38148.24,1.25,2026-06-04 12:56
140,1,65,0.649033,30326.86,1.2,30326.29,1.2,2026-06-04 12:56
140,1,66,0.649033,34980.16,1.24,34991.79,1.25,2026-06-04 12:56
140,1,67,0.649033,43206.61,1.32,43079.64,1.31,2026-06-04 12:56
140,1,68,0.649033,25886.36,1.21,26006.74,1.21,2026-06-04 12:56
140,1,69,0.649033,31794.07,1.23,31681.79,1.23,2026-06-04 12:56
140,1,70,0.649033,40836.86,1.29,39623.62,1.33,2026-06-04 12:57
140,1,71,0.649033,31157.32,1.22,31167.68,1.23,2026-06-04 12:57
140,1,72,0.649033,27698.07,1.48,26791.68,1.43,2026-06-04 12:57
140,1,73,0.649033,37607.49,1.3,37554.92,1.33,2026-06-04 12:57
140,1,74,0.649033,33967.31,1.23,34512.17,1.27,2026-06-04 12:57
140,1,75,0.649033,32796.14,1.3,32784.71,1.59,2026-06-04 12:57
140,1,76,0.649033,34979.68,1.63,35042.84,1.49,2026-06-04 12:57
140,1,77,0.649033,28687.58,1.39,28642.17,1.45,2026-06-04 12:57
140,1,78,0.649033,48776.44,1.63,48690.44,1.52,2026-06-04 12:57
140,1,79,0.649033,38981.09,1.37,38823.96,1.28,2026-06-04 12:57
140,1,80,0.649033,37192.52,1.27,37256.16,1.35,2026-06-04 12:57
140,1,81,0.649033,39058.71,1.23,39113.44,1.29,2026-06-04 12:57
140,1,82,0.649033,52561.59,1.31,52295.38,1.32,2026-06-04 12:57
140,1,83,0.649033,30180.7,1.27,30222.52,1.29,2026-06-04 12:57
140,1,84,0.649033,33567.86,1.29,33057.87,1.25,2026-06-04 12:57
140,1,85,0.649033,33000.8,1.26,32934.75,1.3,2026-06-04 12:57
140,1,86,0.649033,29171.07,1.26,29627.62,1.33,2026-06-04 12:57
140,1,87,0.649033,30563.72,1.43,30458.46,1.25,2026-06-04 12:57
140,1,88,0.649033,43029.95,1.32,42924.38,1.34,2026-06-04 12:57
140,1,89,0.649033,30064.73,1.26,30074.31,1.4,2026-06-04 12:57
140,1,90,0.649033,29599.48,1.52,29645.12,1.48,2026-06-04 12:57
140,1,91,0.649033,43646.63,1.49,43639.2,1.6,2026-06-04 12:57
140,1,92,0.649033,33370.95,1.59,33332.33,1.3,2026-06-04 12:58
140,1,93,0.649033,37298.95,1.26,37327.3,1.26,2026-06-04 12:58
140,1,94,0.649033,32317.79,1.21,31815.27,1.22,2026-06-04 12:58
140,1,95,0.649033,25713.38,1.19,26076.96,1.19,2026-06-04 12:58
140,1,96,0.649033,25508.92,1.17,25736.0,1.18,2026-06-04 12:58
140,1,97,0.649033,37643.23,1.27,37382.48,1.27,2026-06-04 12:58
140,1,98,0.649033,27768.76,1.22,27771.4,1.28,2026-06-04 12:58
140,1,99,0.649033,31965.18,1.21,31892.76,1.21,2026-06-04 12:58
140,1,100,0.649033,35060.78,1.21,35144.21,1.21,2026-06-04 12:58
160,1,1,0.634298,31558.32,1.24,31683.18,1.25,2026-06-04 12:58
160,1,2,0.634298,37932.75,1.29,38181.8,1.31,2026-06-04 12:58
160,1,3,0.634298,33682.32,1.27,33337.9,1.31,2026-06-04 12:58
160,1,4,0.634298,27549.78,1.26,27156.21,1.24,2026-06-04 12:58
160,1,5,0.634298,32968.05,1.28,32832.39,1.29,2026-06-04 12:58
160,1,6,0.634298,41727.28,1.34,41632.1,1.34,2026-06-04 12:58
160,1,7,0.634298,32344.56,1.27,32558.15,1.29,2026-06-04 12:58
160,1,8,0.634298,32875.48,1.28,31675.51,1.26,2026-06-04 12:58
160,1,9,0.634298,31286.31,1.25,31330.46,1.28,2026-06-04 12:58
160,1,10,0.634298,33032.57,1.25,33086.79,1.27,2026-06-04 12:58
160,1,11,0.634298,36834.77,1.28,35757.75,1.29,2026-06-04 12:58
160,1,12,0.634298,29932.08,1.24,29914.82,1.25,2026-06-04 12:58
160,1,13,0.634298,33817.23,1.25,33864.05,1.25,2026-06-04 12:58
160,1,14,0.634298,30745.61,1.23,30667.34,1.24,2026-06-04 12:58
160,1,15,0.634298,35586.63,1.25,35352.44,1.26,2026-06-04 12:58
160,1,16,0.634298,35292.94,1.3,35368.62,1.27,2026-06-04 12:59
160,1,17,0.634298,35228.43,1.25,35029.68,1.25,2026-06-04 12:59
160,1,18,0.634298,38741.37,1.27,38726.66,1.28,2026-06-04 12:59
160,1,19,0.634298,39705.93,1.26,39726.88,1.26,2026-06-04 12:59
160,1,20,0.634298,28443.59,1.24,28532.98,1.28,2026-06-04 12:59
160,1,21,0.634298,32903.8,1.3,32950.64,1.27,2026-06-04 12:59
160,1,22,0.634298,34008.38,1.3,33999.43,1.31,2026-06-04 12:59
160,1,23,0.634298,35225.33,1.25,35121.32,1.26,2026-06-04 12:59
160,1,24,0.634298,30753.26,1.27,30777.52,1.27,2026-06-04 12:59
160,1,25,0.634298,34209.88,1.26,34449.3,1.28,2026-06-04 12:59
160,1,26,0.634298,31149.48,1.24,31159.82,1.25,2026-06-04 12:59
160,1,27,0.634298,35709.82,1.29,35705.98,1.29,2026-06-04 12:59
160,1,28,0.634298,36876.52,1.29,37159.16,1.33,2026-06-04 12:59
160,1,29,0.634298,32261.72,1.26,31604.67,1.26,2026-06-04 12:59
160,1,30,0.634298,29785.0,1.23,29716.56,1.23,2026-06-04 12:59
160,1,31,0.634298,27841.66,1.23,27874.59,1.24,2026-06-04 12:59
160,1,32,0.634298,40435.61,1.28,40050.81,1.31,2026-06-04 12:59
160,1,33,0.634298,33554.0,1.33,33888.79,1.31,2026-06-04 12:59
160,1,34,0.634298,32749.36,1.3,32804.41,1.28,2026-06-04 12:59
160,1,35,0.634298,34337.29,1.27,34404.48,1.3,2026-06-04 12:59
160,1,36,0.634298,33854.64,1.28,33808.11,1.28,2026-06-04 12:59
160,1,37,0.634298,27711.33,1.22,28031.27,1.22,2026-06-04 12:59
160,1,38,0.634298,37704.22,1.27,37719.86,1.28,2026-06-04 12:59
160,1,39,0.634298,30196.89,1.26,30274.12,1.27,2026-06-04 12:59
160,1,40,0.634298,32455.05,1.29,32483.94,1.26,2026-06-04 13:00
160,1,41,0.634298,37871.02,1.28,37861.38,1.29,2026-06-04 13:00
160,1,42,0.634298,31507.64,1.26,31508.6,1.27,2026-06-04 13:00
160,1,43,0.634298,31132.8,1.25,30961.17,1.25,2026-06-04 13:00
160,1,44,0.634298,36738.6,1.26,36619.32,1.27,2026-06-04 13:00
160,1,45,0.634298,28700.77,1.23,28765.24,1.24,2026-06-04 13:00
160,1,46,0.634298,31436.07,1.25,31436.05,1.22,2026-06-04 13:00
160,1,47,0.634298,29673.31,1.24,29590.13,1.25,2026-06-04 13:00
160,1,48,0.634298,34593.84,1.31,34123.82,1.3,2026-06-04 13:00
160,1,49,0.634298,33766.5,1.22,33652.57,1.25,2026-06-04 13:00
160,1,50,0.634298,33681.6,1.26,33905.89,1.27,2026-06-04 13:00
160,1,51,0.634298,41615.43,1.27,41681.45,1.28,2026-06-04 13:00
160,1,52,0.634298,31506.08,1.26,31289.07,1.23,2026-06-04 13:00
160,1,53,0.634298,35463.99,1.3,35511.3,1.48,2026-06-04 13:00
160,1,54,0.634298,33616.27,1.33,33440.48,1.33,2026-06-04 13:00
160,1,55,0.634298,32215.04,1.31,32188.58,1.31,2026-06-04 13:00
160,1,56,0.634298,35616.99,1.28,35661.8,1.26,2026-06-04 13:00
160,1,57,0.634298,35237.18,1.29,36210.49,1.3,2026-06-04 13:00
160,1,58,0.634298,33797.7,1.27,33792.18,1.31,2026-06-04 13:00
160,1,59,0.634298,62271.14,1.32,62268.36,1.33,2026-06-04 13:00
160,1,60,0.634298,31862.83,1.25,31881.41,1.26,2026-06-04 13:00
160,1,61,0.634298,34712.22,1.28,34583.47,1.27,2026-06-04 13:00
160,1,62,0.634298,29724.96,1.24,29756.72,1.28,2026-06-04 13:00
160,1,63,0.634298,31781.39,1.26,31681.61,1.27,2026-06-04 13:01
160,1,64,0.634298,39240.44,1.3,39072.53,1.33,2026-06-04 13:01
160,1,65,0.634298,29532.22,1.24,29785.14,1.24,2026-06-04 13:01
160,1,66,0.634298,35125.37,1.28,35052.64,1.28,2026-06-04 13:01
160,1,67,0.634298,38600.41,1.27,38890.03,1.28,2026-06-04 13:01
160,1,68,0.634298,27609.77,1.24,27756.84,1.22,2026-06-04 13:01
160,1,69,0.634298,30392.13,1.24,30233.91,1.23,2026-06-04 13:01
160,1,70,0.634298,37199.11,1.32,36885.17,1.3,2026-06-04 13:01
160,1,71,0.634298,30311.46,1.22,30296.49,1.24,2026-06-04 13:01
160,1,72,0.634298,25791.45,1.22,26343.67,1.23,2026-06-04 13:01
160,1,73,0.634298,37704.75,1.32,37992.62,1.32,2026-06-04 13:01
160,1,74,0.634298,35419.59,1.24,35412.2,1.25,2026-06-04 13:01
160,1,75,0.634298,32224.1,1.29,32188.99,1.26,2026-06-04 13:01
160,1,76,0.634298,36386.95,1.25,36386.39,1.26,2026-06-04 13:01
160,1,77,0.634298,25329.95,1.2,25218.12,1.22,2026-06-04 13:01
160,1,78,0.634298,45272.86,1.27,45279.21,1.27,2026-06-04 13:01
160,1,79,0.634298,38984.92,1.28,38950.93,1.29,2026-06-04 13:01
160,1,80,0.634298,33518.86,1.24,33507.67,1.24,2026-06-04 13:01
160,1,81,0.634298,37275.77,1.28,37207.23,1.32,2026-06-04 13:01
160,1,82,0.634298,52586.74,1.29,52793.89,1.29,2026-06-04 13:01
160,1,83,0.634298,29446.59,1.27,29213.89,1.27,2026-06-04 13:01
160,1,84,0.634298,29722.38,1.24,29698.2,1.24,2026-06-04 13:01
160,1,85,0.634298,32976.68,1.25,34087.73,1.26,2026-06-04 13:01
160,1,86,0.634298,28189.36,1.23,28194.76,1.25,2026-06-04 13:01
160,1,87,0.634298,35863.54,1.3,35810.54,1.28,2026-06-04 13:02
160,1,88,0.634298,49096.89,1.31,48712.89,1.31,2026-06-04 13:02
160,1,89,0.634298,32074.0,1.3,32030.36,1.36,2026-06-04 13:02
160,1,90,0.634298,28074.88,1.29,28117.85,1.58,2026-06-04 13:02
160,1,91,0.634298,41319.5,1.55,41217.91,1.74,2026-06-04 13:02
160,1,92,0.634298,34217.67,1.48,34068.48,1.42,2026-06-04 13:02
160,1,93,0.634298,32406.89,1.64,32763.19,1.38,2026-06-04 13:02
160,1,94,0.634298,36512.88,1.37,36427.89,1.42,2026-06-04 13:02
160,1,95,0.634298,30534.35,1.45,30378.76,1.43,2026-06-04 13:02
160,1,96,0.634298,27629.56,1.3,27620.74,1.33,2026-06-04 13:02
160,1,97,0.634298,38556.94,1.5,38579.93,1.41,2026-06-04 13:02
160,1,98,0.634298,28530.65,1.48,28536.78,1.49,2026-06-04 13:02
160,1,99,0.634298,30224.34,1.32,30170.68,1.27,2026-06-04 13:02
160,1,100,0.634298,32894.56,1.37,32645.69,2.6,2026-06-04 13:02
180,1,1,0.619568,30258.12,2.4,30839.62,2.64,2026-06-04 13:02
180,1,2,0.619568,35004.58,1.64,34971.92,1.42,2026-06-04 13:02
180,1,3,0.619568,37049.27,1.41,37170.63,1.41,2026-06-04 13:02
180,1,4,0.619568,30188.78,1.32,30191.47,1.34,2026-06-04 13:02
180,1,5,0.619568,31384.98,1.45,31916.77,1.34,2026-06-04 13:02
180,1,6,0.619568,44853.07,1.43,44914.12,1.4,2026-06-04 13:02
180,1,7,0.619568,35125.2,1.38,34453.19,1.39,2026-06-04 13:03
180,1,8,0.619568,28083.43,1.41,27915.74,1.31,2026-06-04 13:03
180,1,9,0.619568,31763.51,1.32,31978.42,1.38,2026-06-04 13:03
180,1,10,0.619568,34281.14,1.48,34331.82,1.42,2026-06-04 13:03
180,1,11,0.619568,33930.48,1.6,34186.16,1.36,2026-06-04 13:03
180,1,12,0.619568,30001.01,1.29,30245.95,1.31,2026-06-04 13:03
180,1,13,0.619568,36518.77,1.32,36424.01,1.34,2026-06-04 13:03
180,1,14,0.619568,30935.67,1.28,31025.4,1.32,2026-06-04 13:03
180,1,15,0.619568,33597.67,1.33,33636.65,1.34,2026-06-04 13:03
180,1,16,0.619568,31386.33,1.28,31588.3,1.28,2026-06-04 13:03
180,1,17,0.619568,35224.14,1.28,35251.34,1.3,2026-06-04 13:03
180,1,18,0.619568,33272.12,1.29,33404.54,1.28,2026-06-04 13:03
180,1,19,0.619568,38137.44,1.29,38067.4,1.31,2026-06-04 13:03
180,1,20,0.619568,29553.43,1.31,29417.27,1.35,2026-06-04 13:03
180,1,21,0.619568,32980.53,1.3,32871.57,1.29,2026-06-04 13:03
180,1,22,0.619568,35921.11,1.36,36052.64,1.32,2026-06-04 13:03
180,1,23,0.619568,33714.68,1.26,33682.31,1.28,2026-06-04 13:03
180,1,24,0.619568,31860.64,1.33,32014.78,1.44,2026-06-04 13:03
180,1,25,0.619568,34989.36,1.48,35436.69,1.44,2026-06-04 13:03
180,1,26,0.619568,29720.09,1.42,30207.56,1.48,2026-06-04 13:03
180,1,27,0.619568,32785.77,1.33,32713.98,1.46,2026-06-04 13:03
180,1,28,0.619568,34600.36,1.36,34616.3,1.39,2026-06-04 13:03
180,1,29,0.619568,36152.59,1.33,36196.51,1.33,2026-06-04 13:04
180,1,30,0.619568,32693.82,1.34,32619.27,1.35,2026-06-04 13:04
180,1,31,0.619568,27869.85,1.37,27892.09,1.34,2026-06-04 13:04
180,1,32,0.619568,38229.66,1.35,38185.79,1.85,2026-06-04 13:04
180,1,33,0.619568,35319.33,1.58,35764.69,1.43,2026-06-04 13:04
180,1,34,0.619568,32529.37,1.32,32541.39,1.37,2026-06-04 13:04
180,1,35,0.619568,29981.12,1.52,29930.85,1.29,2026-06-04 13:04
180,1,36,0.619568,33809.02,1.35,34091.1,1.62,2026-06-04 13:04
180,1,37,0.619568,26558.14,1.45,27494.99,1.55,2026-06-04 13:04
180,1,38,0.619568,46886.04,1.51,46986.98,1.66,2026-06-04 13:04
180,1,39,0.619568,30508.96,1.56,30579.64,1.57,2026-06-04 13:04
180,1,40,0.619568,33701.34,1.4,33597.77,1.3,2026-06-04 13:04
180,1,41,0.619568,34167.62,1.28,34197.54,1.3,2026-06-04 13:04
180,1,42,0.619568,33101.06,1.33,33307.4,1.34,2026-06-04 13:04
180,1,43,0.619568,31325.38,1.34,31493.88,1.35,2026-06-04 13:04
180,1,44,0.619568,34050.03,1.3,34017.46,1.3,2026-06-04 13:04
180,1,45,0.619568,27375.6,1.26,27471.12,1.25,2026-06-04 13:04
180,1,46,0.619568,32050.34,1.26,32100.02,1.26,2026-06-04 13:04
180,1,47,0.619568,31803.8,1.29,31818.13,1.3,2026-06-04 13:04
180,1,48,0.619568,32863.5,1.33,32622.89,1.34,2026-06-04 13:04
180,1,49,0.619568,31367.1,1.27,31913.92,1.3,2026-06-04 13:04
180,1,50,0.619568,32655.64,1.3,32646.54,1.33,2026-06-04 13:04
180,1,51,0.619568,40261.99,1.35,40120.09,1.39,2026-06-04 13:05
180,1,52,0.619568,30850.85,1.36,30797.97,1.45,2026-06-04 13:05
180,1,53,0.619568,33124.07,1.55,33060.18,1.32,2026-06-04 13:05
180,1,54,0.619568,30403.98,1.29,30450.91,1.31,2026-06-04 13:05
180,1,55,0.619568,32035.93,1.31,32030.56,1.44,2026-06-04 13:05
180,1,56,0.619568,31075.97,1.34,31721.35,1.36,2026-06-04 13:05
180,1,57,0.619568,39462.22,1.37,39426.73,1.34,2026-06-04 13:05
180,1,58,0.619568,30728.39,1.28,30920.65,1.29,2026-06-04 13:05
180,1,59,0.619568,63665.7,1.4,63974.87,1.39,2026-06-04 13:05
180,1,60,0.619568,31809.87,1.34,31931.3,1.36,2026-06-04 13:05
180,1,61,0.619568,32841.72,1.3,32926.48,1.27,2026-06-04 13:05
180,1,62,0.619568,30270.06,1.35,30426.78,1.32,2026-06-04 13:05
180,1,63,0.619568,36642.58,1.32,36597.11,1.33,2026-06-04 13:05
180,1,64,0.619568,38574.43,1.32,37802.9,1.37,2026-06-04 13:05
180,1,65,0.619568,32404.16,1.27,32366.64,1.3,2026-06-04 13:05
180,1,66,0.619568,33125.74,1.36,33275.6,1.32,2026-06-04 13:05
180,1,67,0.619568,40852.89,1.38,40716.76,1.39,2026-06-04 13:05
180,1,68,0.619568,30894.58,1.31,30772.94,1.33,2026-06-04 13:05
180,1,69,0.619568,29864.8,1.26,29592.69,1.25,2026-06-04 13:05
180,1,70,0.619568,44162.44,1.34,44205.13,1.36,2026-06-04 13:05
180,1,71,0.619568,33863.45,1.34,33742.07,1.32,2026-06-04 13:05
180,1,72,0.619568,25833.27,1.25,25558.08,1.26,2026-06-04 13:05
180,1,73,0.619568,38173.41,1.33,37154.55,1.36,2026-06-04 13:06
180,1,74,0.619568,37882.27,1.32,38262.13,1.35,2026-06-04 13:06
180,1,75,0.619568,30662.9,1.33,30601.42,1.34,2026-06-04 13:06
180,1,76,0.619568,34524.27,1.27,34545.62,1.27,2026-06-04 13:06
180,1,77,0.619568,28550.5,1.31,28394.46,1.28,2026-06-04 13:06
180,1,78,0.619568,43425.12,1.27,43507.8,1.29,2026-06-04 13:06
180,1,79,0.619568,36025.6,1.3,36161.28,1.33,2026-06-04 13:06
180,1,80,0.619568,29894.22,1.23,29592.31,1.25,2026-06-04 13:06
180,1,81,0.619568,36469.46,1.32,36467.07,1.32,2026-06-04 13:06
180,1,82,0.619568,51700.36,1.34,51789.8,1.36,2026-06-04 13:06
180,1,83,0.619568,30475.28,1.33,30493.96,1.31,2026-06-04 13:06
180,1,84,0.619568,39102.12,1.31,39075.02,1.32,2026-06-04 13:06
180,1,85,0.619568,32669.89,1.35,32530.55,1.32,2026-06-04 13:06
180,1,86,0.619568,28630.12,1.31,28651.47,1.32,2026-06-04 13:06
180,1,87,0.619568,30665.17,1.31,31077.35,1.34,2026-06-04 13:06
180,1,88,0.619568,46089.13,1.41,45974.03,1.44,2026-06-04 13:06
180,1,89,0.619568,31859.05,1.41,31844.58,1.38,2026-06-04 13:06
180,1,90,0.619568,29698.34,1.31,29728.54,1.31,2026-06-04 13:06
180,1,91,0.619568,42547.21,1.35,42639.46,1.32,2026-06-04 13:06
180,1,92,0.619568,32910.4,1.29,32758.81,1.31,2026-06-04 13:06
180,1,93,0.619568,34898.18,1.3,35254.98,1.32,2026-06-04 13:06
180,1,94,0.619568,33950.4,1.26,34255.48,1.27,2026-06-04 13:06
180,1,95,0.619568,30074.98,1.29,30037.5,1.27,2026-06-04 13:06
180,1,96,0.619568,29104.97,1.24,29057.65,1.25,2026-06-04 13:07
180,1,97,0.619568,38466.02,1.31,37964.22,1.33,2026-06-04 13:07
180,1,98,0.619568,30717.88,1.26,30778.5,1.28,2026-06-04 13:07
180,1,99,0.619568,31013.76,1.28,30919.41,1.28,2026-06-04 13:07
180,1,100,0.619568,31735.79,1.25,31205.4,1.28,2026-06-04 13:07
200,1,1,0.617404,32976.96,1.3,32827.39,1.32,2026-06-04 13:07
200,1,2,0.617404,36772.88,1.34,36000.65,1.35,2026-06-04 13:07
200,1,3,0.617404,34648.33,1.33,34616.77,1.34,2026-06-04 13:07
200,1,4,0.617404,27110.67,1.29,27232.49,1.29,2026-06-04 13:07
200,1,5,0.617404,31476.16,1.32,31819.06,1.32,2026-06-04 13:07
200,1,6,0.617404,44666.52,1.39,44764.79,1.43,2026-06-04 13:07
200,1,7,0.617404,32772.05,1.33,32785.42,1.37,2026-06-04 13:07
200,1,8,0.617404,31553.69,1.33,30660.5,1.32,2026-06-04 13:07
200,1,9,0.617404,30586.96,1.31,30791.49,1.32,2026-06-04 13:07
200,1,10,0.617404,34461.84,1.33,34493.08,1.32,2026-06-04 13:07
200,1,11,0.617404,33193.17,1.35,33444.28,1.36,2026-06-04 13:07
200,1,12,0.617404,31610.62,1.31,31625.47,1.35,2026-06-04 13:07
200,1,13,0.617404,35576.8,1.38,34810.4,1.37,2026-06-04 13:07
200,1,14,0.617404,29705.53,1.31,29956.36,1.33,2026-06-04 13:07
200,1,15,0.617404,34151.67,1.35,33995.96,1.35,2026-06-04 13:07
200,1,16,0.617404,37164.48,1.37,37261.67,1.36,2026-06-04 13:07
200,1,17,0.617404,30455.21,1.32,30385.91,1.34,2026-06-04 13:07
200,1,18,0.617404,36765.84,1.38,36673.07,1.35,2026-06-04 13:07
200,1,19,0.617404,36821.18,1.32,36414.16,1.35,2026-06-04 13:08
200,1,20,0.617404,30886.14,1.34,31486.63,1.34,2026-06-04 13:08
200,1,21,0.617404,32889.11,1.38,32593.5,1.34,2026-06-04 13:08
200,1,22,0.617404,37112.41,1.37,37159.4,1.41,2026-06-04 13:08
200,1,23,0.617404,33943.08,1.37,33574.8,1.43,2026-06-04 13:08
200,1,24,0.617404,34791.87,1.41,34999.4,1.43,2026-06-04 13:08
200,1,25,0.617404,40979.43,1.45,40934.77,1.41,2026-06-04 13:08
200,1,26,0.617404,31438.76,1.35,31552.5,1.32,2026-06-04 13:08
200,1,27,0.617404,33581.34,1.31,33464.23,1.31,2026-06-04 13:08
200,1,28,0.617404,35689.29,1.35,35805.23,1.37,2026-06-04 13:08
200,1,29,0.617404,32277.1,1.36,32395.0,1.33,2026-06-04 13:08
200,1,30,0.617404,36295.08,1.37,36207.61,1.35,2026-06-04 13:08
200,1,31,0.617404,26526.31,1.27,26867.49,1.28,2026-06-04 13:08
200,1,32,0.617404,39298.09,1.34,39483.8,1.33,2026-06-04 13:08
200,1,33,0.617404,32203.97,1.31,32181.88,1.32,2026-06-04 13:08
200,1,34,0.617404,36302.01,1.33,36413.55,1.38,2026-06-04 13:08
200,1,35,0.617404,35664.02,1.34,35449.43,1.36,2026-06-04 13:08
200,1,36,0.617404,37055.75,1.36,37051.3,1.37,2026-06-04 13:08
200,1,37,0.617404,25765.91,1.3,25413.01,1.31,2026-06-04 13:08
200,1,38,0.617404,37416.57,1.33,37338.86,1.33,2026-06-04 13:08
200,1,39,0.617404,29265.96,1.31,28925.49,1.36,2026-06-04 13:08
200,1,40,0.617404,33003.63,1.35,32963.48,1.33,2026-06-04 13:08
200,1,41,0.617404,31693.63,1.39,31398.38,1.41,2026-06-04 13:09
200,1,42,0.617404,31342.11,1.36,31320.69,1.34,2026-06-04 13:09
200,1,43,0.617404,30898.06,1.33,31308.14,1.36,2026-06-04 13:09
200,1,44,0.617404,41419.0,1.37,41495.67,1.4,2026-06-04 13:09
200,1,45,0.617404,29877.58,1.3,29632.19,1.33,2026-06-04 13:09
200,1,46,0.617404,35487.26,1.39,35271.44,1.36,2026-06-04 13:09
200,1,47,0.617404,32514.16,1.37,32870.87,1.39,2026-06-04 13:09
200,1,48,0.617404,32651.87,1.36,32842.41,1.37,2026-06-04 13:09
200,1,49,0.617404,33733.15,1.31,33732.02,1.32,2026-06-04 13:09
200,1,50,0.617404,33775.83,1.35,33632.01,1.34,2026-06-04 13:09
200,1,51,0.617404,37295.5,1.33,37248.13,1.33,2026-06-04 13:09
200,1,52,0.617404,29918.41,1.29,29899.9,1.33,2026-06-04 13:09
200,1,53,0.617404,33566.67,1.36,33575.79,1.36,2026-06-04 13:09
200,1,54,0.617404,31726.38,1.31,31350.82,1.34,2026-06-04 13:09
200,1,55,0.617404,31301.63,1.32,31277.04,1.35,2026-06-04 13:09
200,1,56,0.617404,32274.81,1.34,32416.31,1.34,2026-06-04 13:09
200,1,57,0.617404,38246.86,1.35,38880.83,1.36,2026-06-04 13:09
200,1,58,0.617404,31076.51,1.39,30994.29,1.36,2026-06-04 13:09
200,1,59,0.617404,64086.11,1.41,63839.25,1.41,2026-06-04 13:09
200,1,60,0.617404,27183.15,1.32,27483.11,1.33,2026-06-04 13:09
200,1,61,0.617404,33859.9,1.39,33238.54,1.39,2026-06-04 13:09
200,1,62,0.617404,31315.71,1.35,31657.57,1.33,2026-06-04 13:09
200,1,63,0.617404,36399.63,1.36,36574.67,1.35,2026-06-04 13:10
200,1,64,0.617404,45238.68,1.34,45220.2,1.37,2026-06-04 13:10
200,1,65,0.617404,32643.66,1.33,32730.94,1.34,2026-06-04 13:10
200,1,66,0.617404,33145.82,1.34,33571.49,1.34,2026-06-04 13:10
200,1,67,0.617404,40885.59,1.36,40875.83,1.37,2026-06-04 13:10
200,1,68,0.617404,26888.94,1.28,26913.95,1.31,2026-06-04 13:10
200,1,69,0.617404,29008.35,1.28,28592.36,1.37,2026-06-04 13:10
200,1,70,0.617404,35083.48,1.37,34812.99,1.4,2026-06-04 13:10
200,1,71,0.617404,32215.55,1.35,32234.33,1.41,2026-06-04 13:10
200,1,72,0.617404,25988.54,1.33,25978.89,1.35,2026-06-04 13:10
200,1,73,0.617404,38281.05,1.4,38426.6,1.36,2026-06-04 13:10
200,1,74,0.617404,36721.77,1.3,36693.19,1.31,2026-06-04 13:10
200,1,75,0.617404,38409.38,1.38,38652.65,1.33,2026-06-04 13:10
200,1,76,0.617404,34869.97,1.32,35047.19,1.36,2026-06-04 13:10
200,1,77,0.617404,28960.88,1.33,29022.4,1.35,2026-06-04 13:10
200,1,78,0.617404,44134.58,1.36,44253.76,1.4,2026-06-04 13:10
200,1,79,0.617404,38279.41,1.36,38582.23,1.9,2026-06-04 13:10
200,1,80,0.617404,34266.47,1.62,33827.54,1.72,2026-06-04 13:10
200,1,81,0.617404,40996.92,1.65,40482.01,1.76,2026-06-04 13:10
200,1,82,0.617404,51451.54,1.69,51412.44,1.43,2026-06-04 13:10
200,1,83,0.617404,31803.39,1.4,32299.87,1.37,2026-06-04 13:10
200,1,84,0.617404,34450.5,1.45,34129.08,1.68,2026-06-04 13:11
200,1,85,0.617404,32632.64,1.59,32735.77,1.58,2026-06-04 13:11
200,1,86,0.617404,28212.23,1.5,27720.84,1.36,2026-06-04 13:11
200,1,87,0.617404,37077.05,1.34,37105.23,1.37,2026-06-04 13:11
200,1,88,0.617404,48634.16,1.39,48632.3,1.4,2026-06-04 13:11
200,1,89,0.617404,31650.29,1.34,31568.92,1.37,2026-06-04 13:11
200,1,90,0.617404,29446.28,1.34,29299.81,1.44,2026-06-04 13:11
200,1,91,0.617404,43463.52,1.67,43520.07,1.8,2026-06-04 13:11
200,1,92,0.617404,36406.57,1.56,36440.96,1.7,2026-06-04 13:11
200,1,93,0.617404,32820.46,1.68,32673.35,1.59,2026-06-04 13:11
200,1,94,0.617404,32338.01,1.68,32359.25,1.58,2026-06-04 13:11
200,1,95,0.617404,28591.53,1.54,29024.22,1.4,2026-06-04 13:11
200,1,96,0.617404,29697.87,1.33,29668.98,1.32,2026-06-04 13:11
200,1,97,0.617404,38717.69,1.48,38597.17,1.47,2026-06-04 13:11
200,1,98,0.617404,30486.74,1.37,30513.8,1.36,2026-06-04 13:11
200,1,99,0.617404,30928.81,1.35,30964.19,1.34,2026-06-04 13:11
200,1,100,0.617404,32654.68,1.37,32572.78,1.38,2026-06-04 13:11
170,2,1,0.626005,31981.93,1.31,32401.6,1.32,2026-06-04 13:11
170,2,2,0.626005,36497.58,1.41,36705.55,1.54,2026-06-04 13:11
170,2,3,0.626005,35571.39,1.31,35270.21,1.32,2026-06-04 13:11
170,2,4,0.626005,27103.06,1.38,28252.73,1.49,2026-06-04 13:11
170,2,5,0.626005,33621.31,1.36,34287.36,1.4,2026-06-04 13:12
170,2,6,0.626005,44770.69,1.66,44400.59,1.58,2026-06-04 13:12
170,2,7,0.626005,33932.19,1.67,34210.98,1.54,2026-06-04 13:12
170,2,8,0.626005,29317.48,1.5,29265.04,1.33,2026-06-04 13:12
170,2,9,0.626005,31758.12,1.25,31825.84,1.26,2026-06-04 13:12
170,2,10,0.626005,35386.47,1.31,35364.84,1.36,2026-06-04 13:12
170,2,11,0.626005,34406.17,1.7,34383.38,1.67,2026-06-04 13:12
170,2,12,0.626005,29891.42,1.49,29929.54,1.34,2026-06-04 13:12
170,2,13,0.626005,34126.51,1.28,34011.74,1.34,2026-06-04 13:12
170,2,14,0.626005,28823.95,1.3,28832.82,1.29,2026-06-04 13:12
170,2,15,0.626005,35524.43,1.32,35261.49,1.82,2026-06-04 13:12
170,2,16,0.626005,33222.23,1.53,33151.55,1.31,2026-06-04 13:12
170,2,17,0.626005,32996.48,1.27,33044.3,1.31,2026-06-04 13:12
170,2,18,0.626005,33974.18,1.42,33914.76,1.63,2026-06-04 13:12
170,2,19,0.626005,38154.06,1.42,38066.91,1.34,2026-06-04 13:12
170,2,20,0.626005,29963.55,1.28,30823.86,1.61,2026-06-04 13:12
170,2,21,0.626005,36781.44,1.62,36828.16,1.57,2026-06-04 13:12
170,2,22,0.626005,39869.64,1.83,40399.52,1.54,2026-06-04 13:12
170,2,23,0.626005,34002.66,1.68,34007.6,1.61,2026-06-04 13:12
170,2,24,0.626005,32674.71,1.64,33169.5,1.34,2026-06-04 13:12
170,2,25,0.626005,34741.03,1.33,34600.95,1.34,2026-06-04 13:13
170,2,26,0.626005,29399.23,1.28,29421.96,1.32,2026-06-04 13:13
170,2,27,0.626005,33993.59,1.32,33476.61,1.33,2026-06-04 13:13
170,2,28,0.626005,34886.86,1.37,35474.52,1.54,2026-06-04 13:13
170,2,29,0.626005,36159.27,1.75,35780.53,1.63,2026-06-04 13:13
170,2,30,0.626005,32858.29,1.6,32730.68,1.58,2026-06-04 13:13
170,2,31,0.626005,26833.63,1.54,26825.24,1.3,2026-06-04 13:13
170,2,32,0.626005,36931.25,1.33,36922.66,1.52,2026-06-04 13:13
170,2,33,0.626005,35644.89,1.58,35525.14,1.32,2026-06-04 13:13
170,2,34,0.626005,31347.7,1.51,31317.57,1.56,2026-06-04 13:13
170,2,35,0.626005,37032.5,1.68,35330.71,1.56,2026-06-04 13:13
170,2,36,0.626005,35669.33,1.71,35441.19,1.37,2026-06-04 13:13
170,2,37,0.626005,27862.26,1.47,27746.99,1.58,2026-06-04 13:13
170,2,38,0.626005,39832.9,1.37,39782.93,1.35,2026-06-04 13:13
170,2,39,0.626005,30113.93,1.6,30142.07,1.46,2026-06-04 13:13
170,2,40,0.626005,29696.82,1.33,29950.62,1.67,2026-06-04 13:13
170,2,41,0.626005,36016.5,1.65,35953.71,1.69,2026-06-04 13:13
170,2,42,0.626005,32951.47,1.9,32930.83,1.45,2026-06-04 13:13
170,2,43,0.626005,31376.75,1.4,30903.82,1.39,2026-06-04 13:13
170,2,44,0.626005,36145.03,1.4,36944.33,1.4,2026-06-04 13:13
170,2,45,0.626005,31953.73,1.45,32640.2,1.3,2026-06-04 13:14
170,2,46,0.626005,30258.15,1.28,30261.39,1.54,2026-06-04 13:14
170,2,47,0.626005,31699.18,1.35,31515.71,1.35,2026-06-04 13:14
170,2,48,0.626005,35127.66,1.39,35386.83,1.37,2026-06-04 13:14
170,2,49,0.626005,32742.08,1.28,32763.44,1.33,2026-06-04 13:14
170,2,50,0.626005,32593.48,1.31,32999.34,1.33,2026-06-04 13:14
170,2,51,0.626005,40400.24,1.35,40481.75,1.31,2026-06-04 13:14
170,2,52,0.626005,28295.83,1.25,28471.92,1.27,2026-06-04 13:14
170,2,53,0.626005,36083.81,1.32,36179.57,1.32,2026-06-04 13:14
170,2,54,0.626005,32900.97,1.28,32914.01,1.32,2026-06-04 13:14
170,2,55,0.626005,34484.21,1.28,34645.16,1.32,2026-06-04 13:14
170,2,56,0.626005,30453.64,1.28,31037.1,1.28,2026-06-04 13:14
170,2,57,0.626005,35995.65,1.28,36634.6,1.29,2026-06-04 13:14
170,2,58,0.626005,33280.81,1.27,33277.26,1.28,2026-06-04 13:14
170,2,59,0.626005,59767.35,1.35,59389.81,1.35,2026-06-04 13:14
170,2,60,0.626005,29843.1,1.25,29886.51,1.27,2026-06-04 13:14
170,2,61,0.626005,32112.36,1.27,32131.36,1.25,2026-06-04 13:14
170,2,62,0.626005,29342.24,1.25,29213.1,1.29,2026-06-04 13:14
170,2,63,0.626005,35554.47,1.28,35297.86,1.31,2026-06-04 13:14
170,2,64,0.626005,39404.52,1.28,38832.18,1.29,2026-06-04 13:14
170,2,65,0.626005,30485.9,1.26,30554.97,1.26,2026-06-04 13:14
170,2,66,0.626005,33923.86,1.29,33928.6,1.29,2026-06-04 13:14
170,2,67,0.626005,42746.59,1.32,42721.87,1.36,2026-06-04 13:14
170,2,68,0.626005,29739.4,1.23,30168.48,1.25,2026-06-04 13:15
170,2,69,0.626005,30670.41,1.24,29544.51,1.24,2026-06-04 13:15
170,2,70,0.626005,44664.46,1.34,45115.1,1.35,2026-06-04 13:15
170,2,71,0.626005,34630.38,1.28,35727.21,1.3,2026-06-04 13:15
170,2,72,0.626005,24445.36,1.21,24578.09,1.22,2026-06-04 13:15
170,2,73,0.626005,39075.46,1.31,39460.56,1.31,2026-06-04 13:15
170,2,74,0.626005,32627.5,1.27,32866.41,1.26,2026-06-04 13:15
170,2,75,0.626005,31735.15,1.27,31953.37,1.27,2026-06-04 13:15
170,2,76,0.626005,34378.4,1.26,34408.71,1.27,2026-06-04 13:15
170,2,77,0.626005,28779.9,1.24,28741.8,1.25,2026-06-04 13:15
170,2,78,0.626005,43119.93,1.27,43222.95,1.27,2026-06-04 13:15
170,2,79,0.626005,40597.59,1.31,40517.93,1.32,2026-06-04 13:15
170,2,80,0.626005,29456.72,1.23,29518.8,1.24,2026-06-04 13:15
170,2,81,0.626005,41847.38,1.33,41704.21,1.31,2026-06-04 13:15
170,2,82,0.626005,49249.61,1.32,49132.56,1.32,2026-06-04 13:15
170,2,83,0.626005,30663.59,1.3,30462.73,1.3,2026-06-04 13:15
170,2,84,0.626005,35041.91,1.29,35069.61,1.3,2026-06-04 13:15
170,2,85,0.626005,32883.51,1.27,32910.66,1.28,2026-06-04 13:15
170,2,86,0.626005,28407.72,1.31,28247.12,1.29,2026-06-04 13:15
170,2,87,0.626005,34871.53,1.3,34867.46,1.28,2026-06-04 13:15
170,2,88,0.626005,49097.8,1.34,49093.36,1.36,2026-06-04 13:15
170,2,89,0.626005,29287.31,1.26,29525.69,1.27,2026-06-04 13:15
170,2,90,0.626005,32578.8,1.27,32004.97,1.28,2026-06-04 13:15
170,2,91,0.626005,42191.38,1.29,42283.39,1.3,2026-06-04 13:15
170,2,92,0.626005,36691.05,1.28,36803.62,1.29,2026-06-04 13:16
170,2,93,0.626005,34924.68,1.28,34846.09,1.31,2026-06-04 13:16
170,2,94,0.626005,34519.94,1.28,33641.75,1.27,2026-06-04 13:16
170,2,95,0.626005,29193.44,1.25,29235.26,1.25,2026-06-04 13:16
170,2,96,0.626005,29551.0,1.23,29002.15,1.24,2026-06-04 13:16
170,2,97,0.626005,37293.91,1.29,37208.09,1.3,2026-06-04 13:16
170,2,98,0.626005,28511.4,1.26,28552.69,1.26,2026-06-04 13:16
170,2,99,0.626005,32470.97,1.24,31658.16,1.24,2026-06-04 13:16
170,2,100,0.626005,32055.34,1.26,32012.99,1.24,2026-06-04 13:16
190,2,1,0.614503,32815.79,1.29,32790.76,1.29,2026-06-04 13:16
190,2,2,0.614503,34632.22,1.32,34797.34,1.32,2026-06-04 13:16
190,2,3,0.614503,36985.91,1.34,36896.06,1.34,2026-06-04 13:16
190,2,4,0.614503,26665.42,1.27,26694.91,1.27,2026-06-04 13:16
190,2,5,0.614503,34296.61,1.3,34287.07,1.34,2026-06-04 13:16
190,2,6,0.614503,43986.13,1.35,43597.7,1.35,2026-06-04 13:16
190,2,7,0.614503,32660.53,1.3,32878.47,1.31,2026-06-04 13:16
190,2,8,0.614503,31668.72,1.27,32011.81,1.28,2026-06-04 13:16
190,2,9,0.614503,29782.84,1.27,30098.82,1.29,2026-06-04 13:16
190,2,10,0.614503,36935.49,1.35,36946.69,1.36,2026-06-04 13:16
190,2,11,0.614503,34007.18,1.37,34035.95,1.35,2026-06-04 13:16
190,2,12,0.614503,32440.46,1.31,32387.12,1.32,2026-06-04 13:16
190,2,13,0.614503,34982.53,1.33,34847.82,1.35,2026-06-04 13:16
190,2,14,0.614503,30748.5,1.3,30657.9,1.3,2026-06-04 13:16
190,2,15,0.614503,33514.98,1.31,33540.83,1.33,2026-06-04 13:17
190,2,16,0.614503,34390.43,1.32,34300.77,1.33,2026-06-04 13:17
190,2,17,0.614503,33617.24,1.35,33665.23,1.32,2026-06-04 13:17
190,2,18,0.614503,32971.95,1.33,32974.94,1.33,2026-06-04 13:17
190,2,19,0.614503,39300.79,1.74,39795.72,1.49,2026-06-04 13:17
190,2,20,0.614503,32232.82,1.33,32199.43,1.78,2026-06-04 13:17
190,2,21,0.614503,32009.44,1.57,32015.37,1.53,2026-06-04 13:17
190,2,22,0.614503,37898.48,1.74,38337.95,1.79,2026-06-04 13:17
190,2,23,0.614503,35817.82,1.66,36186.48,1.76,2026-06-04 13:17
190,2,24,0.614503,33473.45,1.69,33773.88,1.64,2026-06-04 13:17
190,2,25,0.614503,33871.49,1.6,33881.98,1.93,2026-06-04 13:17
190,2,26,0.614503,32221.97,1.7,31759.88,1.71,2026-06-04 13:17
190,2,27,0.614503,30675.63,1.61,31196.26,1.7,2026-06-04 13:17
190,2,28,0.614503,36202.33,1.88,36227.94,1.81,2026-06-04 13:17
190,2,29,0.614503,32400.68,1.74,32401.77,1.75,2026-06-04 13:17
190,2,30,0.614503,32199.51,1.7,32145.73,1.57,2026-06-04 13:17
190,2,31,0.614503,26563.42,1.6,26608.81,1.55,2026-06-04 13:17
190,2,32,0.614503,37776.74,1.82,37696.86,1.81,2026-06-04 13:17
190,2,33,0.614503,37636.18,1.69,37532.84,1.74,2026-06-04 13:18
190,2,34,0.614503,35426.77,1.76,35463.48,1.89,2026-06-04 13:18
190,2,35,0.614503,32724.88,1.75,32583.71,1.84,2026-06-04 13:18
190,2,36,0.614503,37249.88,1.88,37172.52,1.9,2026-06-04 13:18
190,2,37,0.614503,26894.56,1.68,27033.73,1.7,2026-06-04 13:18
190,2,38,0.614503,37595.35,1.79,37466.84,1.66,2026-06-04 13:18
190,2,39,0.614503,30652.69,1.72,30642.78,1.69,2026-06-04 13:18
190,2,40,0.614503,30595.18,1.88,30348.52,1.76,2026-06-04 13:18
190,2,41,0.614503,37409.18,1.63,37429.86,1.68,2026-06-04 13:18
190,2,42,0.614503,33581.53,1.76,33733.58,1.81,2026-06-04 13:18
190,2,43,0.614503,31325.22,1.75,31412.0,1.74,2026-06-04 13:18
190,2,44,0.614503,35375.52,1.64,35683.03,1.83,2026-06-04 13:18
190,2,45,0.614503,31064.98,1.72,30955.29,1.69,2026-06-04 13:18
190,2,46,0.614503,30403.19,1.73,30592.34,1.66,2026-06-04 13:18
190,2,47,0.614503,31616.06,1.75,31473.8,1.71,2026-06-04 13:18
190,2,48,0.614503,35042.72,1.93,35259.37,2.01,2026-06-04 13:18
190,2,49,0.614503,35019.73,1.75,35062.47,1.52,2026-06-04 13:18
190,2,50,0.614503,34769.99,1.37,34666.48,1.43,2026-06-04 13:18
190,2,51,0.614503,37905.95,1.56,37879.2,1.77,2026-06-04 13:19
190,2,52,0.614503,29641.11,1.66,29668.89,1.78,2026-06-04 13:19
190,2,53,0.614503,32479.19,1.85,32434.29,1.73,2026-06-04 13:19
190,2,54,0.614503,32021.1,1.65,31622.9,1.68,2026-06-04 13:19
190,2,55,0.614503,34021.59,1.72,33740.08,1.88,2026-06-04 13:19
190,2,56,0.614503,32347.79,1.78,32117.27,1.74,2026-06-04 13:19
190,2,57,0.614503,33095.77,1.7,33228.24,1.86,2026-06-04 13:19
190,2,58,0.614503,32561.35,1.71,31942.42,1.71,2026-06-04 13:19
190,2,59,0.614503,63310.29,1.86,63326.97,1.44,2026-06-04 13:19
190,2,60,0.614503,31926.98,1.33,32949.68,1.35,2026-06-04 13:19
190,2,61,0.614503,33014.36,1.31,33126.87,1.32,2026-06-04 13:19
190,2,62,0.614503,30278.12,1.35,29910.05,1.33,2026-06-04 13:19
190,2,63,0.614503,34689.61,1.31,34574.44,1.31,2026-06-04 13:19
190,2,64,0.614503,36710.34,1.33,36577.89,1.33,2026-06-04 13:19
190,2,65,0.614503,29720.59,1.3,29620.89,1.3,2026-06-04 13:19
190,2,66,0.614503,32984.02,1.31,33173.12,1.33,2026-06-04 13:19
190,2,67,0.614503,41137.84,1.38,41447.4,1.43,2026-06-04 13:19
190,2,68,0.614503,30728.82,1.92,30791.87,1.59,2026-06-04 13:19
190,2,69,0.614503,32283.25,1.4,31928.28,1.32,2026-06-04 13:19
190,2,70,0.614503,43240.48,1.38,44747.59,1.54,2026-06-04 13:20
190,2,71,0.614503,32913.01,1.7,33141.27,1.44,2026-06-04 13:20
190,2,72,0.614503,27929.98,1.32,28016.93,1.32,2026-06-04 13:20
190,2,73,0.614503,35979.16,1.34,35896.14,1.36,2026-06-04 13:20
190,2,74,0.614503,37815.32,1.34,37990.48,1.31,2026-06-04 13:20
190,2,75,0.614503,31357.08,1.33,31880.57,1.36,2026-06-04 13:20
190,2,76,0.614503,35222.73,1.36,35119.62,1.34,2026-06-04 13:20
190,2,77,0.614503,26875.28,1.3,26927.97,1.35,2026-06-04 13:20
190,2,78,0.614503,45658.79,1.34,45682.59,1.37,2026-06-04 13:20
190,2,79,0.614503,37424.61,1.34,37410.27,1.33,2026-06-04 13:20
190,2,80,0.614503,33812.09,1.31,33748.72,1.35,2026-06-04 13:20
190,2,81,0.614503,39059.13,1.33,39332.87,1.34,2026-06-04 13:20
190,2,82,0.614503,51252.29,1.36,51246.34,1.37,2026-06-04 13:20
190,2,83,0.614503,33940.7,1.35,33918.0,1.34,2026-06-04 13:20
190,2,84,0.614503,34916.05,1.33,35190.15,1.33,2026-06-04 13:20
190,2,85,0.614503,33010.96,1.31,32425.27,1.32,2026-06-04 13:20
190,2,86,0.614503,27833.37,1.29,28282.66,1.36,2026-06-04 13:20
190,2,87,0.614503,33851.87,1.35,33691.74,1.34,2026-06-04 13:20
190,2,88,0.614503,46553.59,1.38,47188.6,1.39,2026-06-04 13:20
190,2,89,0.614503,29775.24,1.31,29814.96,1.32,2026-06-04 13:20
190,2,90,0.614503,31425.12,1.36,31208.38,1.33,2026-06-04 13:20
190,2,91,0.614503,41511.85,1.33,41504.42,1.34,2026-06-04 13:20
190,2,92,0.614503,35022.94,1.38,35059.89,1.37,2026-06-04 13:21
190,2,93,0.614503,33519.09,1.32,33901.18,1.32,2026-06-04 13:21
190,2,94,0.614503,31984.14,1.33,32046.2,1.34,2026-06-04 13:21
190,2,95,0.614503,29956.24,1.32,29905.62,1.32,2026-06-04 13:21
190,2,96,0.614503,27757.03,1.28,27336.58,1.29,2026-06-04 13:21
190,2,97,0.614503,37861.64,1.35,37669.23,1.35,2026-06-04 13:21
190,2,98,0.614503,30327.07,1.32,30157.71,1.31,2026-06-04 13:21
190,2,99,0.614503,30384.52,1.28,30346.78,1.31,2026-06-04 13:21
190,2,100,0.614503,30318.57,1.29,30403.47,1.29,2026-06-04 13:21
175,3,1,0.629856,31525.25,1.28,31748.61,1.31,2026-06-04 13:21
175,3,2,0.629856,36307.89,1.31,35515.22,1.33,2026-06-04 13:21
175,3,3,0.629856,34544.21,1.3,34852.29,1.3,2026-06-04 13:21
175,3,4,0.629856,27430.49,1.26,27549.49,1.29,2026-06-04 13:21
175,3,5,0.629856,32255.96,1.26,32504.79,1.28,2026-06-04 13:21
175,3,6,0.629856,44995.47,1.34,45427.85,1.35,2026-06-04 13:21
175,3,7,0.629856,34337.04,1.29,34089.69,1.29,2026-06-04 13:21
175,3,8,0.629856,29167.05,1.23,29173.14,1.27,2026-06-04 13:21
175,3,9,0.629856,30367.96,1.42,30133.12,1.28,2026-06-04 13:21
175,3,10,0.629856,35452.43,1.34,35518.52,1.32,2026-06-04 13:21
175,3,11,0.629856,34385.79,1.36,34443.34,1.31,2026-06-04 13:21
175,3,12,0.629856,30511.39,1.27,30476.77,1.27,2026-06-04 13:21
175,3,13,0.629856,34054.57,1.3,34137.85,1.3,2026-06-04 13:21
175,3,14,0.629856,29281.87,1.32,29341.37,1.3,2026-06-04 13:21
175,3,15,0.629856,33646.24,1.32,33623.0,1.36,2026-06-04 13:22
175,3,16,0.629856,33371.78,1.35,33282.12,1.3,2026-06-04 13:22
175,3,17,0.629856,33710.68,1.29,33794.91,1.3,2026-06-04 13:22
175,3,18,0.629856,33015.46,1.27,33053.63,1.3,2026-06-04 13:22
175,3,19,0.629856,36441.7,1.28,35993.26,1.34,2026-06-04 13:22
175,3,20,0.629856,29781.34,1.32,29754.44,1.35,2026-06-04 13:22
175,3,21,0.629856,34135.77,1.31,33894.49,1.33,2026-06-04 13:22
175,3,22,0.629856,39712.21,1.34,39514.95,1.38,2026-06-04 13:22
175,3,23,0.629856,34674.92,1.38,34492.5,1.29,2026-06-04 13:22
175,3,24,0.629856,32597.45,1.32,32691.1,1.33,2026-06-04 13:22
175,3,25,0.629856,35419.9,1.36,36272.87,1.39,2026-06-04 13:22
175,3,26,0.629856,28433.84,1.31,28712.92,1.31,2026-06-04 13:22
175,3,27,0.629856,33216.07,1.32,33215.88,1.34,2026-06-04 13:22
175,3,28,0.629856,33970.25,1.41,33981.02,1.37,2026-06-04 13:22
175,3,29,0.629856,35675.18,1.33,35119.63,1.33,2026-06-04 13:22
175,3,30,0.629856,33214.34,1.62,33010.58,1.27,2026-06-04 13:22
175,3,31,0.629856,27385.25,1.3,26989.79,1.31,2026-06-04 13:22
175,3,32,0.629856,38617.05,1.37,38547.85,1.32,2026-06-04 13:22
175,3,33,0.629856,35652.03,1.35,34830.37,1.33,2026-06-04 13:22
175,3,34,0.629856,33317.96,1.36,33368.54,1.34,2026-06-04 13:22
175,3,35,0.629856,34116.5,1.4,34144.9,1.33,2026-06-04 13:22
175,3,36,0.629856,35719.95,1.31,35742.94,1.32,2026-06-04 13:22
175,3,37,0.629856,27604.37,1.31,27304.46,1.27,2026-06-04 13:22
175,3,38,0.629856,39835.04,1.31,39839.5,1.32,2026-06-04 13:23
175,3,39,0.629856,31098.8,1.29,31092.49,1.32,2026-06-04 13:23
175,3,40,0.629856,33458.93,1.29,33682.13,1.3,2026-06-04 13:23
175,3,41,0.629856,33233.45,1.29,33729.8,1.3,2026-06-04 13:23
175,3,42,0.629856,32788.26,1.35,32971.3,1.37,2026-06-04 13:23
175,3,43,0.629856,31225.9,1.31,31151.28,1.32,2026-06-04 13:23
175,3,44,0.629856,37171.72,1.29,36712.13,1.32,2026-06-04 13:23
175,3,45,0.629856,28331.03,1.29,28243.9,1.29,2026-06-04 13:23
175,3,46,0.629856,31508.08,1.26,31486.19,1.26,2026-06-04 13:23
175,3,47,0.629856,30990.99,1.31,30905.57,1.32,2026-06-04 13:23
175,3,48,0.629856,31257.37,1.31,31247.41,1.33,2026-06-04 13:23
175,3,49,0.629856,28690.44,1.29,28693.72,1.31,2026-06-04 13:23
175,3,50,0.629856,32997.38,1.31,32433.7,1.31,2026-06-04 13:23
175,3,51,0.629856,41208.13,1.34,41204.52,1.33,2026-06-04 13:23
175,3,52,0.629856,28215.98,1.29,28293.67,1.28,2026-06-04 13:23
175,3,53,0.629856,33263.77,1.4,33420.11,1.33,2026-06-04 13:23
175,3,54,0.629856,31772.42,1.33,31747.45,1.35,2026-06-04 13:23
175,3,55,0.629856,32989.64,1.33,32991.46,1.31,2026-06-04 13:23
175,3,56,0.629856,30245.71,1.3,30308.13,1.29,2026-06-04 13:23
175,3,57,0.629856,38038.51,1.35,38122.91,1.35,2026-06-04 13:23
175,3,58,0.629856,31093.33,1.29,31091.52,1.28,2026-06-04 13:23
175,3,59,0.629856,63668.94,1.41,63372.3,1.38,2026-06-04 13:23
175,3,60,0.629856,31273.75,1.31,31472.19,1.58,2026-06-04 13:24
175,3,61,0.629856,34537.52,1.6,34933.31,1.56,2026-06-04 13:24
175,3,62,0.629856,31663.17,1.75,31546.71,1.72,2026-06-04 13:24
175,3,63,0.629856,35245.12,1.32,35220.48,1.3,2026-06-04 13:24
175,3,64,0.629856,39268.25,1.33,38078.02,1.66,2026-06-04 13:24
175,3,65,0.629856,32710.78,1.47,32902.29,1.65,2026-06-04 13:24
175,3,66,0.629856,33766.82,1.73,33357.88,1.79,2026-06-04 13:24
175,3,67,0.629856,41404.49,1.35,41475.53,1.66,2026-06-04 13:24
175,3,68,0.629856,30162.9,1.47,29762.51,1.27,2026-06-04 13:24
175,3,69,0.629856,28832.8,1.28,28919.65,1.27,2026-06-04 13:24
175,3,70,0.629856,45205.58,1.38,45275.9,1.38,2026-06-04 13:24
175,3,71,0.629856,34363.02,1.32,34782.01,1.32,2026-06-04 13:24
175,3,72,0.629856,26335.67,1.23,25962.97,1.25,2026-06-04 13:24
175,3,73,0.629856,38209.77,1.34,38722.4,1.33,2026-06-04 13:24
175,3,74,0.629856,37555.29,1.29,37817.39,1.28,2026-06-04 13:24
175,3,75,0.629856,30543.1,1.28,30572.8,1.28,2026-06-04 13:24
175,3,76,0.629856,37813.99,1.28,37516.08,1.29,2026-06-04 13:24
175,3,77,0.629856,28731.56,1.28,28380.45,1.27,2026-06-04 13:24
175,3,78,0.629856,43707.66,1.33,43735.03,1.31,2026-06-04 13:24
175,3,79,0.629856,42452.0,1.33,42411.64,1.37,2026-06-04 13:24
175,3,80,0.629856,31790.03,1.27,31572.31,1.27,2026-06-04 13:24
175,3,81,0.629856,41991.03,1.29,41998.79,1.29,2026-06-04 13:24
175,3,82,0.629856,53075.7,1.35,52739.19,1.35,2026-06-04 13:25
175,3,83,0.629856,28293.66,1.31,28206.55,1.27,2026-06-04 13:25
175,3,84,0.629856,34121.95,1.3,34710.71,1.31,2026-06-04 13:25
175,3,85,0.629856,32494.8,1.33,32268.36,1.3,2026-06-04 13:25
175,3,86,0.629856,30232.72,1.27,30284.52,1.29,2026-06-04 13:25
175,3,87,0.629856,29763.7,1.26,29477.58,1.26,2026-06-04 13:25
175,3,88,0.629856,46444.4,1.33,46426.14,1.34,2026-06-04 13:25
175,3,89,0.629856,31442.03,1.33,31726.32,1.3,2026-06-04 13:25
175,3,90,0.629856,31887.51,1.31,31948.4,1.3,2026-06-04 13:25
175,3,91,0.629856,41964.27,1.29,42021.22,1.3,2026-06-04 13:25
175,3,92,0.629856,36174.59,1.31,36132.94,1.32,2026-06-04 13:25
175,3,93,0.629856,34347.77,1.32,34384.32,1.33,2026-06-04 13:25
175,3,94,0.629856,34164.29,1.26,35353.54,1.29,2026-06-04 13:25
175,3,95,0.629856,27853.83,1.25,27778.27,1.28,2026-06-04 13:25
175,3,96,0.629856,31224.96,1.28,31203.8,1.27,2026-06-04 13:25
175,3,97,0.629856,39076.08,1.33,39869.72,1.33,2026-06-04 13:25
175,3,98,0.629856,31886.63,1.25,31215.82,1.26,2026-06-04 13:25
175,3,99,0.629856,32688.28,1.31,33257.1,1.31,2026-06-04 13:25
175,3,100,0.629856,31400.67,1.29,31185.64,1.48,2026-06-04 13:25
176,3,1,0.627297,31248.68,1.65,31174.64,1.35,2026-06-04 13:25
176,3,2,0.627297,35484.96,1.32,35459.01,1.34,2026-06-04 13:25
176,3,3,0.627297,37046.63,1.37,37553.69,1.35,2026-06-04 13:25
176,3,4,0.627297,28390.91,1.29,28718.76,1.5,2026-06-04 13:25
176,3,5,0.627297,30732.36,1.53,30781.91,1.66,2026-06-04 13:26
176,3,6,0.627297,44696.05,1.66,44497.21,1.76,2026-06-04 13:26
176,3,7,0.627297,32718.44,1.65,32777.52,1.6,2026-06-04 13:26
176,3,8,0.627297,28992.21,1.26,29018.07,1.26,2026-06-04 13:26
176,3,9,0.627297,31032.49,1.26,30876.04,1.26,2026-06-04 13:26
176,3,10,0.627297,34138.99,1.32,34502.74,1.38,2026-06-04 13:26
176,3,11,0.627297,34129.5,1.41,34306.17,1.33,2026-06-04 13:26
176,3,12,0.627297,31736.5,1.39,32332.52,1.47,2026-06-04 13:26
176,3,13,0.627297,34163.93,1.35,34179.75,1.38,2026-06-04 13:26
176,3,14,0.627297,29292.96,1.29,29292.51,1.3,2026-06-04 13:26
176,3,15,0.627297,35340.51,1.34,34238.92,1.31,2026-06-04 13:26
176,3,16,0.627297,33161.09,1.3,33156.56,1.32,2026-06-04 13:26
176,3,17,0.627297,31714.87,1.29,31425.33,1.29,2026-06-04 13:26
176,3,18,0.627297,33067.03,1.29,33208.97,1.29,2026-06-04 13:26
176,3,19,0.627297,35919.54,1.28,35844.17,1.31,2026-06-04 13:26
176,3,20,0.627297,29785.78,1.27,29875.05,1.3,2026-06-04 13:26
176,3,21,0.627297,34907.37,1.48,34935.26,1.63,2026-06-04 13:26
176,3,22,0.627297,39644.0,1.53,39700.03,1.68,2026-06-04 13:26
176,3,23,0.627297,34844.39,1.57,34663.86,1.57,2026-06-04 13:26
176,3,24,0.627297,33791.11,1.54,33702.88,1.6,2026-06-04 13:26
176,3,25,0.627297,34550.95,1.52,34580.74,1.39,2026-06-04 13:26
176,3,26,0.627297,28623.53,1.26,28585.04,1.3,2026-06-04 13:27
176,3,27,0.627297,34035.54,1.3,34000.43,1.33,2026-06-04 13:27
176,3,28,0.627297,34244.91,1.35,34186.12,1.35,2026-06-04 13:27
176,3,29,0.627297,35484.65,1.3,35762.78,1.31,2026-06-04 13:27
176,3,30,0.627297,32060.84,1.32,32148.72,1.3,2026-06-04 13:27
176,3,31,0.627297,28640.91,1.51,28661.73,1.63,2026-06-04 13:27
176,3,32,0.627297,38617.05,1.39,38547.85,1.35,2026-06-04 13:27
176,3,33,0.627297,35149.12,1.32,35383.34,1.31,2026-06-04 13:27
176,3,34,0.627297,33366.08,1.32,33508.48,1.29,2026-06-04 13:27
176,3,35,0.627297,31455.61,1.28,30856.29,1.3,2026-06-04 13:27
176,3,36,0.627297,36940.92,1.3,36857.95,1.32,2026-06-04 13:27
176,3,37,0.627297,28274.74,1.27,29205.14,1.29,2026-06-04 13:27
176,3,38,0.627297,40466.95,1.31,40190.77,1.34,2026-06-04 13:27
176,3,39,0.627297,28012.43,1.3,28007.71,1.27,2026-06-04 13:27
176,3,40,0.627297,33369.9,1.29,33394.45,1.3,2026-06-04 13:27
176,3,41,0.627297,33376.34,1.3,33555.89,1.29,2026-06-04 13:27
176,3,42,0.627297,32363.61,1.31,32467.47,1.33,2026-06-04 13:27
176,3,43,0.627297,30608.26,1.34,30785.93,1.33,2026-06-04 13:27
176,3,44,0.627297,36970.89,1.31,37255.3,1.28,2026-06-04 13:27
176,3,45,0.627297,27155.58,1.24,27149.63,1.28,2026-06-04 13:27
176,3,46,0.627297,32011.16,1.25,32310.08,1.36,2026-06-04 13:27
176,3,47,0.627297,30718.69,1.38,31758.18,1.32,2026-06-04 13:27
176,3,48,0.627297,31926.63,1.36,31710.44,1.37,2026-06-04 13:28
176,3,49,0.627297,29331.05,1.3,29396.31,1.28,2026-06-04 13:28
176,3,50,0.627297,32778.23,1.34,32000.82,1.32,2026-06-04 13:28
176,3,51,0.627297,41722.0,1.33,41927.58,1.38,2026-06-04 13:28
176,3,52,0.627297,28126.42,1.25,28132.23,1.27,2026-06-04 13:28
176,3,53,0.627297,33181.84,1.28,33174.08,1.31,2026-06-04 13:28
176,3,54,0.627297,32665.86,1.29,32707.34,1.3,2026-06-04 13:28
176,3,55,0.627297,32999.16,1.31,32994.62,1.3,2026-06-04 13:28
176,3,56,0.627297,30387.12,1.29,29994.2,1.41,2026-06-04 13:28
176,3,57,0.627297,38302.38,1.32,38773.12,1.32,2026-06-04 13:28
176,3,58,0.627297,30711.91,1.31,31276.53,1.32,2026-06-04 13:28
176,3,59,0.627297,62711.84,1.51,62838.88,1.39,2026-06-04 13:28
176,3,60,0.627297,31740.99,1.3,31757.39,1.35,2026-06-04 13:28
176,3,61,0.627297,32480.87,1.28,33113.78,1.26,2026-06-04 13:28
176,3,62,0.627297,29979.33,1.32,29877.38,1.36,2026-06-04 13:28
176,3,63,0.627297,35414.91,1.67,35415.58,1.55,2026-06-04 13:28
176,3,64,0.627297,38361.59,1.31,38299.67,1.34,2026-06-04 13:28
176,3,65,0.627297,32675.48,1.3,32867.65,1.31,2026-06-04 13:28
176,3,66,0.627297,33312.07,1.57,33530.7,1.67,2026-06-04 13:28
176,3,67,0.627297,41373.38,1.39,40952.82,1.69,2026-06-04 13:28
176,3,68,0.627297,31696.71,1.51,30341.8,1.29,2026-06-04 13:28
176,3,69,0.627297,28742.93,1.25,28729.68,1.5,2026-06-04 13:28
176,3,70,0.627297,42949.21,1.54,42832.0,1.76,2026-06-04 13:29
176,3,71,0.627297,34413.98,1.63,34617.11,1.66,2026-06-04 13:29
176,3,72,0.627297,25966.18,1.6,26092.24,1.49,2026-06-04 13:29
176,3,73,0.627297,38382.01,1.36,38909.99,1.34,2026-06-04 13:29
176,3,74,0.627297,37541.11,1.35,37646.27,1.31,2026-06-04 13:29
176,3,75,0.627297,30883.84,1.36,30846.13,1.31,2026-06-04 13:29
176,3,76,0.627297,37565.26,1.3,37661.41,1.3,2026-06-04 13:29
176,3,77,0.627297,28828.53,1.32,28893.38,1.32,2026-06-04 13:29
176,3,78,0.627297,43468.42,1.32,43313.02,1.33,2026-06-04 13:29
176,3,79,0.627297,42452.0,1.34,42411.64,1.42,2026-06-04 13:29
176,3,80,0.627297,29649.56,1.34,29749.61,1.26,2026-06-04 13:29
176,3,81,0.627297,37342.05,1.34,37785.7,1.36,2026-06-04 13:29
176,3,82,0.627297,52777.71,1.49,52765.86,1.57,2026-06-04 13:29
176,3,83,0.627297,28435.05,1.28,28528.57,1.29,2026-06-04 13:29
176,3,84,0.627297,34647.04,1.68,34254.97,1.61,2026-06-04 13:29
176,3,85,0.627297,32908.57,1.74,32835.66,1.54,2026-06-04 13:29
176,3,86,0.627297,30061.46,1.71,30817.48,1.6,2026-06-04 13:29
176,3,87,0.627297,29211.81,1.53,29174.23,1.69,2026-06-04 13:29
176,3,88,0.627297,46343.28,1.41,46394.95,1.62,2026-06-04 13:29
176,3,89,0.627297,31575.85,1.64,31756.09,1.73,2026-06-04 13:29
176,3,90,0.627297,26470.93,1.44,26453.97,1.29,2026-06-04 13:29
176,3,91,0.627297,42616.28,1.51,42593.75,1.73,2026-06-04 13:30
176,3,92,0.627297,31030.48,1.64,31027.42,1.63,2026-06-04 13:30
176,3,93,0.627297,34968.36,1.69,35112.48,1.72,2026-06-04 13:30
176,3,94,0.627297,34109.91,1.83,34381.59,1.64,2026-06-04 13:30
176,3,95,0.627297,27952.32,1.27,27906.17,1.3,2026-06-04 13:30
176,3,96,0.627297,31263.23,1.58,31040.38,1.49,2026-06-04 13:30
176,3,97,0.627297,40355.15,1.38,39451.56,1.39,2026-06-04 13:30
176,3,98,0.627297,30945.28,1.26,31538.4,1.58,2026-06-04 13:30
176,3,99,0.627297,32691.99,1.67,32408.94,1.4,2026-06-04 13:30
176,3,100,0.627297,31184.44,1.31,31108.49,1.3,2026-06-04 13:30
177,3,1,0.622939,30701.97,1.31,30724.05,1.28,2026-06-04 13:30
177,3,2,0.622939,35190.19,1.34,35189.02,1.35,2026-06-04 13:30
177,3,3,0.622939,35368.83,1.31,36738.56,1.37,2026-06-04 13:30
177,3,4,0.622939,29320.88,1.28,29618.73,1.28,2026-06-04 13:30
177,3,5,0.622939,31054.08,1.26,30987.67,1.54,2026-06-04 13:30
177,3,6,0.622939,46008.66,1.95,45973.3,1.77,2026-06-04 13:30
177,3,7,0.622939,33504.32,1.67,33123.8,1.63,2026-06-04 13:30
177,3,8,0.622939,28119.14,1.6,28064.43,1.3,2026-06-04 13:30
177,3,9,0.622939,31217.75,1.26,31401.57,1.26,2026-06-04 13:30
177,3,10,0.622939,34330.17,1.31,34114.87,1.34,2026-06-04 13:30
177,3,11,0.622939,33239.12,1.32,33311.15,1.33,2026-06-04 13:31
177,3,12,0.622939,30174.17,1.28,30020.07,1.31,2026-06-04 13:31
177,3,13,0.622939,33950.12,1.36,34312.31,1.32,2026-06-04 13:31
177,3,14,0.622939,29337.48,1.32,29427.47,1.74,2026-06-04 13:31
177,3,15,0.622939,33799.32,1.55,34184.44,1.34,2026-06-04 13:31
177,3,16,0.622939,34628.8,1.32,34453.96,1.33,2026-06-04 13:31
177,3,17,0.622939,31343.07,1.3,31342.27,1.33,2026-06-04 13:31
177,3,18,0.622939,35941.66,1.55,35977.61,1.6,2026-06-04 13:31
177,3,19,0.622939,37543.3,1.47,37522.91,1.82,2026-06-04 13:31
177,3,20,0.622939,29935.62,1.69,30159.31,1.75,2026-06-04 13:31
177,3,21,0.622939,33922.28,1.67,34029.03,1.49,2026-06-04 13:31
177,3,22,0.622939,39597.84,1.36,39625.74,1.36,2026-06-04 13:31
177,3,23,0.622939,34197.18,1.3,34150.13,1.28,2026-06-04 13:31
177,3,24,0.622939,32216.39,1.61,32423.65,1.61,2026-06-04 13:31
177,3,25,0.622939,35451.48,1.87,35600.18,1.67,2026-06-04 13:31
177,3,26,0.622939,28350.91,1.59,28501.35,1.32,2026-06-04 13:31
177,3,27,0.622939,33148.36,1.3,33323.32,1.32,2026-06-04 13:31
177,3,28,0.622939,34294.42,1.37,34287.63,1.39,2026-06-04 13:31
177,3,29,0.622939,34885.37,1.31,34900.42,1.3,2026-06-04 13:31
177,3,30,0.622939,32063.38,1.35,31992.0,1.88,2026-06-04 13:31
177,3,31,0.622939,27900.25,1.66,28056.85,1.68,2026-06-04 13:31
177,3,32,0.622939,38937.62,1.33,38973.38,1.36,2026-06-04 13:32
177,3,33,0.622939,35476.29,1.42,35403.26,1.45,2026-06-04 13:32
177,3,34,0.622939,32869.65,1.76,33378.68,1.52,2026-06-04 13:32
177,3,35,0.622939,30626.8,1.28,31032.28,1.3,2026-06-04 13:32
177,3,36,0.622939,37785.23,1.3,37405.02,1.33,2026-06-04 13:32
177,3,37,0.622939,27685.53,1.58,27567.63,1.65,2026-06-04 13:32
177,3,38,0.622939,40970.82,1.37,41172.13,1.39,2026-06-04 13:32
177,3,39,0.622939,30143.84,1.7,30108.37,1.63,2026-06-04 13:32
177,3,40,0.622939,33387.33,1.32,33394.95,1.32,2026-06-04 13:32
177,3,41,0.622939,34261.23,1.36,33995.89,1.34,2026-06-04 13:32
177,3,42,0.622939,32719.9,1.32,32394.39,1.34,2026-06-04 13:32
177,3,43,0.622939,31121.24,1.33,31041.04,1.35,2026-06-04 13:32
177,3,44,0.622939,37483.15,1.4,37488.51,1.37,2026-06-04 13:32
177,3,45,0.622939,30144.49,1.31,29420.22,1.28,2026-06-04 13:32
177,3,46,0.622939,33276.96,1.28,33161.37,1.29,2026-06-04 13:32
177,3,47,0.622939,30882.71,1.31,30916.56,1.34,2026-06-04 13:32
177,3,48,0.622939,31222.13,1.34,30998.27,1.85,2026-06-04 13:32
177,3,49,0.622939,29973.23,1.54,29964.77,1.93,2026-06-04 13:32
177,3,50,0.622939,32310.46,1.86,31616.76,1.83,2026-06-04 13:32
177,3,51,0.622939,40884.75,1.36,40912.04,1.33,2026-06-04 13:32
177,3,52,0.622939,28125.46,1.26,28131.27,1.26,2026-06-04 13:32
177,3,53,0.622939,33068.96,1.34,33101.1,1.3,2026-06-04 13:33
177,3,54,0.622939,32852.83,1.28,32766.59,1.3,2026-06-04 13:33
177,3,55,0.622939,32779.23,1.29,32935.67,1.31,2026-06-04 13:33
177,3,56,0.622939,30008.93,1.27,30044.46,1.28,2026-06-04 13:33
177,3,57,0.622939,38620.54,1.31,38677.24,1.32,2026-06-04 13:33
177,3,58,0.622939,31590.98,1.26,31568.27,1.3,2026-06-04 13:33
177,3,59,0.622939,64686.54,1.37,64948.15,1.37,2026-06-04 13:33
177,3,60,0.622939,32041.82,1.28,32046.91,1.29,2026-06-04 13:33
177,3,61,0.622939,31893.88,1.26,32589.29,1.28,2026-06-04 13:33
177,3,62,0.622939,30373.51,1.31,30072.24,1.31,2026-06-04 13:33
177,3,63,0.622939,35076.45,1.29,35108.94,1.29,2026-06-04 13:33
177,3,64,0.622939,38042.38,1.34,38165.66,1.33,2026-06-04 13:33
177,3,65,0.622939,31136.27,1.26,31149.91,1.27,2026-06-04 13:33
177,3,66,0.622939,33799.71,1.3,34209.8,1.31,2026-06-04 13:33
177,3,67,0.622939,40682.45,1.33,40621.91,1.34,2026-06-04 13:33
177,3,68,0.622939,29623.14,1.28,29831.51,1.24,2026-06-04 13:33
177,3,69,0.622939,28842.69,1.26,28796.44,1.23,2026-06-04 13:33
177,3,70,0.622939,44857.25,1.34,44780.82,1.35,2026-06-04 13:33
177,3,71,0.622939,33443.43,1.32,33450.32,1.31,2026-06-04 13:33
177,3,72,0.622939,26090.19,1.3,26263.28,1.25,2026-06-04 13:33
177,3,73,0.622939,39200.21,1.34,39173.06,1.32,2026-06-04 13:33
177,3,74,0.622939,37101.31,1.27,36442.78,1.3,2026-06-04 13:33
177,3,75,0.622939,31893.74,1.28,31858.21,1.29,2026-06-04 13:33
177,3,76,0.622939,37692.31,1.3,37539.13,1.29,2026-06-04 13:34
177,3,77,0.622939,28857.44,1.26,29862.38,1.27,2026-06-04 13:34
177,3,78,0.622939,43509.62,1.28,43653.74,1.29,2026-06-04 13:34
177,3,79,0.622939,42184.54,1.32,42142.41,1.33,2026-06-04 13:34
177,3,80,0.622939,30217.0,1.26,30098.63,1.23,2026-06-04 13:34
177,3,81,0.622939,37904.88,1.29,37687.13,1.3,2026-06-04 13:34
177,3,82,0.622939,52685.48,1.35,52739.96,1.36,2026-06-04 13:34
177,3,83,0.622939,28529.97,1.26,28619.13,1.28,2026-06-04 13:34
177,3,84,0.622939,33721.46,1.32,33740.53,1.34,2026-06-04 13:34
177,3,85,0.622939,31957.5,1.33,32188.52,1.31,2026-06-04 13:34
177,3,86,0.622939,28068.21,1.29,28581.81,1.27,2026-06-04 13:34
177,3,87,0.622939,31180.58,1.29,31356.3,1.29,2026-06-04 13:34
177,3,88,0.622939,46219.09,1.34,46303.28,1.35,2026-06-04 13:34
177,3,89,0.622939,32264.97,1.28,31409.87,1.3,2026-06-04 13:34
177,3,90,0.622939,26433.96,1.25,26425.0,1.27,2026-06-04 13:34
177,3,91,0.622939,42611.67,1.31,42614.6,1.31,2026-06-04 13:34
177,3,92,0.622939,32936.99,1.31,32845.74,1.29,2026-06-04 13:34
177,3,93,0.622939,35327.58,1.31,35327.58,1.33,2026-06-04 13:34
177,3,94,0.622939,34740.87,1.25,33808.07,1.25,2026-06-04 13:34
177,3,95,0.622939,28015.06,1.25,28112.25,1.26,2026-06-04 13:34
177,3,96,0.622939,30957.11,1.26,31216.55,1.35,2026-06-04 13:34
177,3,97,0.622939,38020.93,1.33,38014.64,1.34,2026-06-04 13:34
177,3,98,0.622939,30837.87,1.25,30794.28,1.26,2026-06-04 13:34
177,3,99,0.622939,32583.26,1.28,32634.57,1.29,2026-06-04 13:35
177,3,100,0.622939,30915.59,1.27,30950.35,1.28,2026-06-04 13:35
178,3,1,0.623005,30964.28,1.26,30917.82,1.27,2026-06-04 13:35
178,3,2,0.623005,35934.27,1.34,35932.77,1.32,2026-06-04 13:35
178,3,3,0.623005,35316.37,1.33,37009.39,1.32,2026-06-04 13:35
178,3,4,0.623005,29226.94,1.24,29210.55,1.25,2026-06-04 13:35
178,3,5,0.623005,31757.98,1.25,31873.44,1.25,2026-06-04 13:35
178,3,6,0.623005,44729.15,1.32,44299.51,1.34,2026-06-04 13:35
178,3,7,0.623005,34374.26,1.34,34439.07,1.3,2026-06-04 13:35
178,3,8,0.623005,27942.71,1.3,28016.34,1.28,2026-06-04 13:35
178,3,9,0.623005,31094.44,1.24,31278.26,1.25,2026-06-04 13:35
178,3,10,0.623005,34550.3,1.31,34759.45,1.34,2026-06-04 13:35
178,3,11,0.623005,34167.13,1.33,34100.06,1.35,2026-06-04 13:35
178,3,12,0.623005,30125.73,1.3,30207.29,1.29,2026-06-04 13:35
178,3,13,0.623005,33187.63,1.32,33144.4,1.36,2026-06-04 13:35
178,3,14,0.623005,29459.42,1.29,29413.68,1.28,2026-06-04 13:35
178,3,15,0.623005,34176.55,1.29,34179.82,1.29,2026-06-04 13:35
178,3,16,0.623005,32406.4,1.3,31944.42,1.3,2026-06-04 13:35
178,3,17,0.623005,31464.47,1.27,31157.25,1.26,2026-06-04 13:35
178,3,18,0.623005,36702.05,1.3,36324.65,1.31,2026-06-04 13:35
178,3,19,0.623005,37571.67,1.3,37539.96,1.27,2026-06-04 13:35
178,3,20,0.623005,29676.56,1.25,30142.9,1.26,2026-06-04 13:35
178,3,21,0.623005,33810.04,1.27,33833.29,1.28,2026-06-04 13:35
178,3,22,0.623005,35139.53,1.29,35122.24,1.3,2026-06-04 13:36
178,3,23,0.623005,34164.81,1.26,33545.22,1.26,2026-06-04 13:36
178,3,24,0.623005,32733.32,1.3,32799.17,1.31,2026-06-04 13:36
178,3,25,0.623005,36985.93,1.36,36938.37,1.34,2026-06-04 13:36
178,3,26,0.623005,29102.37,1.28,29143.07,1.28,2026-06-04 13:36
178,3,27,0.623005,33117.46,1.27,33292.43,1.27,2026-06-04 13:36
178,3,28,0.623005,37530.18,1.32,37491.38,1.34,2026-06-04 13:36
178,3,29,0.623005,35370.71,1.28,35496.0,1.3,2026-06-04 13:36
178,3,30,0.623005,32373.59,1.3,32363.41,1.27,2026-06-04 13:36
178,3,31,0.623005,28148.5,1.24,28160.5,1.25,2026-06-04 13:36
178,3,32,0.623005,38824.09,1.3,39196.57,1.29,2026-06-04 13:36
178,3,33,0.623005,34975.69,1.28,34764.64,1.29,2026-06-04 13:36
178,3,34,0.623005,33229.12,1.27,33744.22,1.3,2026-06-04 13:36
178,3,35,0.623005,31162.67,1.28,31639.73,1.26,2026-06-04 13:36
178,3,36,0.623005,37307.6,1.27,37318.31,1.29,2026-06-04 13:36
178,3,37,0.623005,28596.62,1.24,28235.08,1.25,2026-06-04 13:36
178,3,38,0.623005,41302.17,1.3,41282.18,1.31,2026-06-04 13:36
178,3,39,0.623005,29635.05,1.26,29611.28,1.26,2026-06-04 13:36
178,3,40,0.623005,32742.27,1.27,32493.4,1.29,2026-06-04 13:36
178,3,41,0.623005,34424.05,1.28,34540.16,1.31,2026-06-04 13:36
178,3,42,0.623005,33025.14,1.33,33022.58,1.32,2026-06-04 13:36
178,3,43,0.623005,30233.59,1.29,30159.92,1.28,2026-06-04 13:36
178,3,44,0.623005,32520.51,1.27,32553.68,1.28,2026-06-04 13:36
178,3,45,0.623005,29692.15,1.25,29276.56,1.26,2026-06-04 13:37
178,3,46,0.623005,31396.09,1.24,31333.78,1.25,2026-06-04 13:37
178,3,47,0.623005,31459.45,1.26,31738.74,1.28,2026-06-04 13:37
178,3,48,0.623005,31111.67,1.31,31060.35,1.3,2026-06-04 13:37
178,3,49,0.623005,29513.89,1.23,29515.66,1.24,2026-06-04 13:37
178,3,50,0.623005,32253.98,1.29,32404.5,1.3,2026-06-04 13:37
178,3,51,0.623005,39801.22,1.31,39928.84,1.31,2026-06-04 13:37
178,3,52,0.623005,28278.36,1.24,28241.08,1.25,2026-06-04 13:37
178,3,53,0.623005,33726.05,1.29,33732.75,1.29,2026-06-04 13:37
178,3,54,0.623005,32972.62,1.29,32741.74,1.31,2026-06-04 13:37
178,3,55,0.623005,33552.26,1.29,33623.32,1.3,2026-06-04 13:37
178,3,56,0.623005,30193.46,1.27,30011.73,1.27,2026-06-04 13:37
178,3,57,0.623005,38644.15,1.29,38561.63,1.32,2026-06-04 13:37
178,3,58,0.623005,30715.88,1.27,30982.08,1.26,2026-06-04 13:37
178,3,59,0.623005,61945.46,1.35,61953.97,1.38,2026-06-04 13:37
178,3,60,0.623005,31796.41,1.31,31983.72,1.27,2026-06-04 13:37
178,3,61,0.623005,32116.86,1.25,31899.83,1.25,2026-06-04 13:37
178,3,62,0.623005,30012.47,1.29,30292.18,1.29,2026-06-04 13:37
178,3,63,0.623005,36544.82,1.27,36151.29,1.29,2026-06-04 13:37
178,3,64,0.623005,37747.86,1.29,38117.31,1.32,2026-06-04 13:37
178,3,65,0.623005,32217.74,1.35,32074.49,1.3,2026-06-04 13:37
178,3,66,0.623005,31987.01,1.29,32215.15,1.29,2026-06-04 13:37
178,3,67,0.623005,40937.13,1.32,40792.58,1.32,2026-06-04 13:37
178,3,68,0.623005,28916.15,1.23,28811.21,1.24,2026-06-04 13:37
178,3,69,0.623005,28662.26,1.23,28732.85,1.24,2026-06-04 13:38
178,3,70,0.623005,43414.77,1.31,43432.89,1.32,2026-06-04 13:38
178,3,71,0.623005,33019.37,1.28,32897.41,1.33,2026-06-04 13:38
178,3,72,0.623005,26936.8,1.22,26940.37,1.23,2026-06-04 13:38
178,3,73,0.623005,37460.18,1.3,37735.66,1.31,2026-06-04 13:38
178,3,74,0.623005,37039.98,1.27,37335.89,1.26,2026-06-04 13:38
178,3,75,0.623005,32042.45,1.27,31998.32,1.29,2026-06-04 13:38
178,3,76,0.623005,38193.27,1.27,38212.1,1.3,2026-06-04 13:38
178,3,77,0.623005,28294.26,1.28,28362.9,1.26,2026-06-04 13:38
178,3,78,0.623005,43382.58,1.26,43435.95,1.27,2026-06-04 13:38
178,3,79,0.623005,38246.19,1.3,38364.13,1.31,2026-06-04 13:38
178,3,80,0.623005,29665.54,1.22,30086.37,1.23,2026-06-04 13:38
178,3,81,0.623005,37296.44,1.29,37196.5,1.31,2026-06-04 13:38
178,3,82,0.623005,52540.48,1.33,52804.6,1.37,2026-06-04 13:38
178,3,83,0.623005,28811.17,1.25,28948.52,1.27,2026-06-04 13:38
178,3,84,0.623005,38441.92,1.27,38573.34,1.29,2026-06-04 13:38
178,3,85,0.623005,31109.82,1.27,31479.17,1.28,2026-06-04 13:38
178,3,86,0.623005,28584.04,1.26,28214.44,1.26,2026-06-04 13:38
178,3,87,0.623005,30677.82,1.28,30746.15,1.3,2026-06-04 13:38
178,3,88,0.623005,48831.56,1.38,48920.05,1.44,2026-06-04 13:38
178,3,89,0.623005,30610.62,1.29,30717.97,1.29,2026-06-04 13:38
178,3,90,0.623005,26655.72,1.24,26650.63,1.24,2026-06-04 13:38
178,3,91,0.623005,41579.0,1.28,41729.59,1.29,2026-06-04 13:38
178,3,92,0.623005,32979.03,1.28,32888.94,1.29,2026-06-04 13:39
178,3,93,0.623005,34310.68,1.31,34495.41,1.32,2026-06-04 13:39
178,3,94,0.623005,34040.38,1.25,34261.3,1.25,2026-06-04 13:39
178,3,95,0.623005,29402.15,1.27,29387.43,1.26,2026-06-04 13:39
178,3,96,0.623005,28889.44,1.23,28828.96,1.24,2026-06-04 13:39
178,3,97,0.623005,37523.41,1.29,37466.0,1.3,2026-06-04 13:39
178,3,98,0.623005,30443.12,1.26,30399.12,1.26,2026-06-04 13:39
178,3,99,0.623005,32774.25,1.26,33005.16,1.27,2026-06-04 13:39
178,3,100,0.623005,31199.11,1.26,31311.97,1.33,2026-06-04 13:39
179,3,1,0.620252,30757.98,1.3,30738.66,1.29,2026-06-04 13:39
179,3,2,0.620252,35952.67,1.29,36244.68,1.31,2026-06-04 13:39
179,3,3,0.620252,37083.09,1.3,37261.91,1.3,2026-06-04 13:39
179,3,4,0.620252,29227.51,1.23,29213.55,1.24,2026-06-04 13:39
179,3,5,0.620252,31726.37,1.25,31620.88,1.25,2026-06-04 13:39
179,3,6,0.620252,45011.71,1.33,45882.9,1.36,2026-06-04 13:39
179,3,7,0.620252,33933.06,1.27,34417.75,1.28,2026-06-04 13:39
179,3,8,0.620252,27898.4,1.25,28425.93,1.26,2026-06-04 13:39
179,3,9,0.620252,30974.18,1.24,30945.36,1.25,2026-06-04 13:39
179,3,10,0.620252,34371.5,1.32,34234.49,1.3,2026-06-04 13:39
179,3,11,0.620252,33778.66,1.29,33484.71,1.3,2026-06-04 13:39
179,3,12,0.620252,29920.3,1.25,29883.66,1.27,2026-06-04 13:39
179,3,13,0.620252,33188.23,1.33,33094.9,1.34,2026-06-04 13:39
179,3,14,0.620252,29335.7,1.29,29210.63,1.28,2026-06-04 13:39
179,3,15,0.620252,33285.54,1.28,33562.78,1.28,2026-06-04 13:40
179,3,16,0.620252,33347.39,1.26,32847.48,1.27,2026-06-04 13:40
179,3,17,0.620252,33023.09,1.27,33016.82,1.28,2026-06-04 13:40
179,3,18,0.620252,33337.44,1.26,33453.44,1.27,2026-06-04 13:40
179,3,19,0.620252,38066.8,1.27,38121.55,1.29,2026-06-04 13:40
179,3,20,0.620252,30262.6,1.28,30881.38,1.26,2026-06-04 13:40
179,3,21,0.620252,32957.91,1.27,33023.96,1.27,2026-06-04 13:40
179,3,22,0.620252,37638.83,1.3,37750.19,1.3,2026-06-04 13:40
179,3,23,0.620252,33703.13,1.26,33588.75,1.25,2026-06-04 13:40
179,3,24,0.620252,32224.79,1.29,31960.71,1.3,2026-06-04 13:40
179,3,25,0.620252,36090.49,1.33,35797.9,1.35,2026-06-04 13:40
179,3,26,0.620252,29854.61,1.26,29396.59,1.26,2026-06-04 13:40
179,3,27,0.620252,32322.86,1.25,32497.64,1.26,2026-06-04 13:40
179,3,28,0.620252,34627.83,1.33,34673.42,1.33,2026-06-04 13:40
179,3,29,0.620252,35645.2,1.28,35093.12,1.28,2026-06-04 13:40
179,3,30,0.620252,32491.67,1.26,32481.49,1.27,2026-06-04 13:40
179,3,31,0.620252,27803.55,1.28,28062.17,1.25,2026-06-04 13:40
179,3,32,0.620252,36907.01,1.27,36902.53,1.3,2026-06-04 13:40
179,3,33,0.620252,35257.61,1.32,35695.79,1.31,2026-06-04 13:40
179,3,34,0.620252,33609.98,1.28,33566.45,1.27,2026-06-04 13:40
179,3,35,0.620252,30180.86,1.25,30091.63,1.26,2026-06-04 13:40
179,3,36,0.620252,37643.33,1.3,37534.13,1.29,2026-06-04 13:40
179,3,37,0.620252,26895.78,1.25,25778.8,1.26,2026-06-04 13:40
179,3,38,0.620252,47027.89,1.33,47097.39,1.34,2026-06-04 13:40
179,3,39,0.620252,30354.85,1.28,30534.86,1.29,2026-06-04 13:41
179,3,40,0.620252,33286.81,1.28,33294.05,1.28,2026-06-04 13:41
179,3,41,0.620252,35843.1,1.27,35441.54,1.27,2026-06-04 13:41
179,3,42,0.620252,31972.93,1.29,31630.04,1.32,2026-06-04 13:41
179,3,43,0.620252,31299.46,1.28,30778.64,1.28,2026-06-04 13:41
179,3,44,0.620252,32137.29,1.29,32352.13,1.31,2026-06-04 13:41
179,3,45,0.620252,28083.88,1.23,27455.12,1.23,2026-06-04 13:41
179,3,46,0.620252,31586.38,1.24,31529.38,1.25,2026-06-04 13:41
179,3,47,0.620252,31169.55,1.29,31260.4,1.3,2026-06-04 13:41
179,3,48,0.620252,30768.7,1.29,30870.66,1.32,2026-06-04 13:41
179,3,49,0.620252,31399.98,1.26,31899.2,1.25,2026-06-04 13:41
179,3,50,0.620252,32371.06,1.31,32133.11,1.31,2026-06-04 13:41
179,3,51,0.620252,39786.09,1.31,39756.82,1.33,2026-06-04 13:41
179,3,52,0.620252,30842.98,1.25,30499.3,1.26,2026-06-04 13:41
179,3,53,0.620252,34515.16,1.28,33862.17,1.29,2026-06-04 13:41
179,3,54,0.620252,32707.56,1.33,32725.54,1.34,2026-06-04 13:41
179,3,55,0.620252,33296.71,1.28,33330.22,1.28,2026-06-04 13:41
179,3,56,0.620252,30397.02,1.26,30172.52,1.28,2026-06-04 13:41
179,3,57,0.620252,40479.68,1.31,40646.6,1.32,2026-06-04 13:41
179,3,58,0.620252,30719.68,1.26,30911.94,1.27,2026-06-04 13:41
179,3,59,0.620252,64408.68,1.35,64381.71,1.35,2026-06-04 13:41
179,3,60,0.620252,31784.01,1.29,31690.1,1.26,2026-06-04 13:41
179,3,61,0.620252,33189.86,1.26,33166.34,1.26,2026-06-04 13:41
179,3,62,0.620252,30059.19,1.28,29903.31,1.28,2026-06-04 13:42
179,3,63,0.620252,36166.68,1.3,36149.41,1.34,2026-06-04 13:42
179,3,64,0.620252,38660.98,1.34,38568.78,1.3,2026-06-04 13:42
179,3,65,0.620252,32247.43,1.28,32155.42,1.26,2026-06-04 13:42
179,3,66,0.620252,32810.62,1.27,32767.33,1.28,2026-06-04 13:42
179,3,67,0.620252,40920.29,1.33,40460.98,1.31,2026-06-04 13:42
179,3,68,0.620252,29029.62,1.23,28925.91,1.24,2026-06-04 13:42
179,3,69,0.620252,28794.42,1.22,28942.18,1.23,2026-06-04 13:42
179,3,70,0.620252,44161.33,1.32,44169.41,1.32,2026-06-04 13:42
179,3,71,0.620252,32976.62,1.28,32883.18,1.33,2026-06-04 13:42
179,3,72,0.620252,27182.97,1.22,27200.63,1.23,2026-06-04 13:42
179,3,73,0.620252,37331.93,1.3,37185.25,1.31,2026-06-04 13:42
179,3,74,0.620252,36951.39,1.26,37140.21,1.27,2026-06-04 13:42
179,3,75,0.620252,31915.0,1.28,31699.59,1.28,2026-06-04 13:42
179,3,76,0.620252,37805.18,1.27,37783.09,1.3,2026-06-04 13:42
179,3,77,0.620252,28331.57,1.3,28380.93,1.27,2026-06-04 13:42
179,3,78,0.620252,43158.74,1.27,43621.47,1.28,2026-06-04 13:42
179,3,79,0.620252,37837.16,1.3,37670.45,1.32,2026-06-04 13:42
179,3,80,0.620252,29507.08,1.23,29734.62,1.23,2026-06-04 13:42
179,3,81,0.620252,37304.03,1.29,37249.48,1.3,2026-06-04 13:42
179,3,82,0.620252,51985.64,1.31,52445.91,1.36,2026-06-04 13:42
179,3,83,0.620252,30042.39,1.27,30429.43,1.3,2026-06-04 13:42
179,3,84,0.620252,39102.12,1.29,39075.02,1.3,2026-06-04 13:42
179,3,85,0.620252,30770.09,1.25,30454.29,1.26,2026-06-04 13:43
179,3,86,0.620252,28687.81,1.27,28693.81,1.28,2026-06-04 13:43
179,3,87,0.620252,30661.08,1.27,31073.26,1.28,2026-06-04 13:43
179,3,88,0.620252,45846.41,1.32,45844.47,1.36,2026-06-04 13:43
179,3,89,0.620252,33068.98,1.27,33447.35,1.27,2026-06-04 13:43
179,3,90,0.620252,28125.75,1.26,28373.34,1.25,2026-06-04 13:43
179,3,91,0.620252,42708.22,1.3,42208.4,1.33,2026-06-04 13:43
179,3,92,0.620252,33356.22,1.33,33379.8,1.31,2026-06-04 13:43
179,3,93,0.620252,35295.72,1.3,35311.84,1.32,2026-06-04 13:43
179,3,94,0.620252,33990.23,1.24,33802.29,1.28,2026-06-04 13:43
179,3,95,0.620252,30181.31,1.25,30371.53,1.26,2026-06-04 13:43
179,3,96,0.620252,28815.11,1.23,28846.36,1.24,2026-06-04 13:43
179,3,97,0.620252,38391.4,1.3,38372.4,1.31,2026-06-04 13:43
179,3,98,0.620252,30200.67,1.26,30310.81,1.29,2026-06-04 13:43
179,3,99,0.620252,32370.54,1.26,32412.82,1.27,2026-06-04 13:43
179,3,100,0.620252,31562.27,1.25,31987.48,1.26,2026-06-04 13:43
181,3,1,0.620052,32463.55,1.28,31551.56,1.25,2026-06-04 13:43
181,3,2,0.620052,35891.92,1.31,35648.15,1.32,2026-06-04 13:43
181,3,3,0.620052,35744.53,1.3,37023.91,1.31,2026-06-04 13:43
181,3,4,0.620052,26520.05,1.22,26511.17,1.23,2026-06-04 13:43
181,3,5,0.620052,32328.22,1.26,32305.65,1.27,2026-06-04 13:43
181,3,6,0.620052,45138.14,1.32,44996.78,1.33,2026-06-04 13:43
181,3,7,0.620052,34285.43,1.3,34238.52,1.28,2026-06-04 13:43
181,3,8,0.620052,28349.77,1.25,28204.39,1.26,2026-06-04 13:43
181,3,9,0.620052,31837.36,1.24,32004.94,1.25,2026-06-04 13:44
181,3,10,0.620052,34247.47,1.31,34250.38,1.31,2026-06-04 13:44
181,3,11,0.620052,34002.57,1.31,33938.34,1.33,2026-06-04 13:44
181,3,12,0.620052,30119.45,1.28,30156.84,1.32,2026-06-04 13:44
181,3,13,0.620052,36714.52,1.31,36619.76,1.31,2026-06-04 13:44
181,3,14,0.620052,30537.62,1.25,30620.76,1.26,2026-06-04 13:44
181,3,15,0.620052,33597.67,1.29,33636.65,1.29,2026-06-04 13:44
181,3,16,0.620052,31656.32,1.26,31846.43,1.28,2026-06-04 13:44
181,3,17,0.620052,34481.75,1.29,34419.96,1.3,2026-06-04 13:44
181,3,18,0.620052,33353.87,1.29,33520.55,1.27,2026-06-04 13:44
181,3,19,0.620052,36044.88,1.27,36012.69,1.27,2026-06-04 13:44
181,3,20,0.620052,30054.7,1.25,30171.6,1.26,2026-06-04 13:44
181,3,21,0.620052,33586.61,1.26,33547.97,1.3,2026-06-04 13:44
181,3,22,0.620052,35640.5,1.29,35748.78,1.3,2026-06-04 13:44
181,3,23,0.620052,34953.58,1.28,34809.68,1.27,2026-06-04 13:44
181,3,24,0.620052,32125.59,1.28,31983.86,1.32,2026-06-04 13:44
181,3,25,0.620052,35904.55,1.32,35895.02,1.34,2026-06-04 13:44
181,3,26,0.620052,30282.88,1.26,30293.76,1.26,2026-06-04 13:44
181,3,27,0.620052,32794.04,1.27,32722.24,1.27,2026-06-04 13:44
181,3,28,0.620052,35458.77,1.31,35430.07,1.32,2026-06-04 13:44
181,3,29,0.620052,36459.84,1.31,36396.47,1.28,2026-06-04 13:44
181,3,30,0.620052,32295.57,1.25,32109.3,1.26,2026-06-04 13:44
181,3,31,0.620052,26389.85,1.26,26325.71,1.26,2026-06-04 13:44
181,3,32,0.620052,37739.91,1.28,37465.89,1.28,2026-06-04 13:45
181,3,33,0.620052,36885.57,1.3,36881.98,1.31,2026-06-04 13:45
181,3,34,0.620052,32683.45,1.28,32673.75,1.28,2026-06-04 13:45
181,3,35,0.620052,29843.42,1.26,29836.07,1.27,2026-06-04 13:45
181,3,36,0.620052,34318.38,1.33,34454.79,1.3,2026-06-04 13:45
181,3,37,0.620052,27046.58,1.28,27560.41,1.34,2026-06-04 13:45
181,3,38,0.620052,47379.69,1.35,47528.8,1.34,2026-06-04 13:45
181,3,39,0.620052,31135.05,1.28,31163.13,1.32,2026-06-04 13:45
181,3,40,0.620052,32132.39,1.29,32240.39,1.29,2026-06-04 13:45
181,3,41,0.620052,36169.39,1.28,35888.35,1.29,2026-06-04 13:45
181,3,42,0.620052,32792.17,1.32,32781.83,1.3,2026-06-04 13:45
181,3,43,0.620052,32012.72,1.3,31327.68,1.31,2026-06-04 13:45
181,3,44,0.620052,35465.73,1.27,35257.06,1.26,2026-06-04 13:45
181,3,45,0.620052,27461.87,1.24,27441.56,1.26,2026-06-04 13:45
181,3,46,0.620052,33248.53,1.26,33309.81,1.27,2026-06-04 13:45
181,3,47,0.620052,32210.45,1.28,32192.1,1.29,2026-06-04 13:45
181,3,48,0.620052,32258.04,1.35,32141.17,1.33,2026-06-04 13:45
181,3,49,0.620052,36319.55,1.26,36381.41,1.29,2026-06-04 13:45
181,3,50,0.620052,31596.48,1.28,31577.49,1.31,2026-06-04 13:45
181,3,51,0.620052,38861.57,1.28,38852.95,1.29,2026-06-04 13:45
181,3,52,0.620052,30628.15,1.24,31284.95,1.29,2026-06-04 13:45
181,3,53,0.620052,33147.39,1.29,33078.91,1.29,2026-06-04 13:45
181,3,54,0.620052,32133.06,1.28,32179.38,1.29,2026-06-04 13:45
181,3,55,0.620052,31055.96,1.27,31053.91,1.29,2026-06-04 13:46
181,3,56,0.620052,31411.03,1.28,31262.43,1.29,2026-06-04 13:46
181,3,57,0.620052,40026.67,1.3,39956.34,1.32,2026-06-04 13:46
181,3,58,0.620052,30644.78,1.25,30774.69,1.26,2026-06-04 13:46
181,3,59,0.620052,63685.28,1.38,63707.55,1.35,2026-06-04 13:46
181,3,60,0.620052,31977.95,1.27,31727.01,1.27,2026-06-04 13:46
181,3,61,0.620052,31086.08,1.24,31135.04,1.25,2026-06-04 13:46
181,3,62,0.620052,29905.34,1.28,29838.31,1.29,2026-06-04 13:46
181,3,63,0.620052,36642.58,1.3,36597.11,1.3,2026-06-04 13:46
181,3,64,0.620052,37359.07,1.32,37089.43,1.3,2026-06-04 13:46
181,3,65,0.620052,31791.19,1.25,31793.08,1.26,2026-06-04 13:46
181,3,66,0.620052,32658.39,1.29,32576.42,1.28,2026-06-04 13:46
181,3,67,0.620052,40705.94,1.31,40674.75,1.33,2026-06-04 13:46
181,3,68,0.620052,28686.85,1.23,28260.09,1.23,2026-06-04 13:46
181,3,69,0.620052,29792.42,1.24,30010.16,1.23,2026-06-04 13:46
181,3,70,0.620052,43728.21,1.31,43661.52,1.33,2026-06-04 13:46
181,3,71,0.620052,33685.17,1.31,33088.66,1.29,2026-06-04 13:46
181,3,72,0.620052,25934.58,1.25,25718.5,1.24,2026-06-04 13:46
181,3,73,0.620052,37337.75,1.3,37252.89,1.3,2026-06-04 13:46
181,3,74,0.620052,37404.52,1.27,37673.2,1.27,2026-06-04 13:46
181,3,75,0.620052,30203.67,1.27,30376.33,1.27,2026-06-04 13:46
181,3,76,0.620052,34595.29,1.25,34589.87,1.27,2026-06-04 13:46
181,3,77,0.620052,28426.35,1.28,28761.88,1.26,2026-06-04 13:46
181,3,78,0.620052,43340.34,1.26,43423.09,1.27,2026-06-04 13:46
181,3,79,0.620052,36512.45,1.3,36536.19,1.29,2026-06-04 13:47
181,3,80,0.620052,29958.29,1.23,29708.63,1.24,2026-06-04 13:47
181,3,81,0.620052,36504.22,1.3,36533.26,1.3,2026-06-04 13:47
181,3,82,0.620052,52435.85,1.33,52307.47,1.36,2026-06-04 13:47
181,3,83,0.620052,29092.12,1.27,29326.38,1.29,2026-06-04 13:47
181,3,84,0.620052,37762.45,1.27,37799.86,1.28,2026-06-04 13:47
181,3,85,0.620052,30620.99,1.25,30761.65,1.26,2026-06-04 13:47
181,3,86,0.620052,29197.57,1.28,29335.64,1.29,2026-06-04 13:47
181,3,87,0.620052,31631.48,1.27,31688.17,1.28,2026-06-04 13:47
181,3,88,0.620052,46210.64,1.35,46088.02,1.33,2026-06-04 13:47
181,3,89,0.620052,32648.93,1.29,32382.84,1.29,2026-06-04 13:47
181,3,90,0.620052,29619.31,1.24,29600.22,1.26,2026-06-04 13:47
181,3,91,0.620052,41672.68,1.29,41653.46,1.29,2026-06-04 13:47
181,3,92,0.620052,33627.82,1.28,33940.62,1.29,2026-06-04 13:47
181,3,93,0.620052,35259.14,1.3,33981.84,1.35,2026-06-04 13:47
181,3,94,0.620052,33295.77,1.25,33195.01,1.28,2026-06-04 13:47
181,3,95,0.620052,28134.77,1.24,28389.11,1.25,2026-06-04 13:47
181,3,96,0.620052,29385.63,1.23,29402.07,1.24,2026-06-04 13:47
181,3,97,0.620052,38017.37,1.3,38388.53,1.31,2026-06-04 13:47
181,3,98,0.620052,30874.68,1.26,30817.31,1.33,2026-06-04 13:47
181,3,99,0.620052,31319.87,1.29,31414.37,1.27,2026-06-04 13:47
181,3,100,0.620052,31917.39,1.25,31673.97,1.26,2026-06-04 13:47
182,3,1,0.619979,35868.94,1.29,36017.67,1.3,2026-06-04 13:47
182,3,2,0.619979,35816.17,1.32,35944.48,1.33,2026-06-04 13:48
182,3,3,0.619979,36179.31,1.31,36999.9,1.31,2026-06-04 13:48
182,3,4,0.619979,26885.21,1.22,27098.83,1.24,2026-06-04 13:48
182,3,5,0.619979,32837.24,1.25,32810.25,1.25,2026-06-04 13:48
182,3,6,0.619979,44519.86,1.33,44792.61,1.33,2026-06-04 13:48
182,3,7,0.619979,34780.15,1.32,34781.31,1.29,2026-06-04 13:48
182,3,8,0.619979,28039.27,1.25,28252.62,1.26,2026-06-04 13:48
182,3,9,0.619979,32045.75,1.46,31893.81,1.26,2026-06-04 13:48
182,3,10,0.619979,34289.64,1.31,34192.78,1.31,2026-06-04 13:48
182,3,11,0.619979,33482.66,1.29,33448.29,1.31,2026-06-04 13:48
182,3,12,0.619979,30305.32,1.26,30205.75,1.29,2026-06-04 13:48
182,3,13,0.619979,37350.2,1.32,36647.76,1.35,2026-06-04 13:48
182,3,14,0.619979,31679.23,1.33,31675.32,1.3,2026-06-04 13:48
182,3,15,0.619979,33268.79,1.31,33400.09,1.29,2026-06-04 13:48
182,3,16,0.619979,33701.7,1.3,33232.47,1.31,2026-06-04 13:48
182,3,17,0.619979,33857.75,1.31,33811.02,1.28,2026-06-04 13:48
182,3,18,0.619979,33452.65,1.25,33913.37,1.26,2026-06-04 13:48
182,3,19,0.619979,36364.81,1.26,36754.87,1.28,2026-06-04 13:48
182,3,20,0.619979,30020.5,1.26,30101.64,1.26,2026-06-04 13:48
182,3,21,0.619979,34423.55,1.28,34612.04,1.28,2026-06-04 13:48
182,3,22,0.619979,36127.85,1.3,36091.36,1.3,2026-06-04 13:48
182,3,23,0.619979,34671.56,1.26,34704.86,1.29,2026-06-04 13:48
182,3,24,0.619979,32016.49,1.31,32282.1,1.3,2026-06-04 13:48
182,3,25,0.619979,35009.27,1.32,35035.76,1.33,2026-06-04 13:49
182,3,26,0.619979,30215.96,1.28,30294.97,1.31,2026-06-04 13:49
182,3,27,0.619979,33096.37,1.43,33095.53,1.41,2026-06-04 13:49
182,3,28,0.619979,35151.87,1.33,35132.97,1.38,2026-06-04 13:49
182,3,29,0.619979,36600.15,1.28,36573.36,1.29,2026-06-04 13:49
182,3,30,0.619979,32955.35,1.26,32689.05,1.27,2026-06-04 13:49
182,3,31,0.619979,26392.08,1.26,26481.25,1.26,2026-06-04 13:49
182,3,32,0.619979,37904.92,1.27,37843.39,1.29,2026-06-04 13:49
182,3,33,0.619979,36936.57,1.3,36914.93,1.3,2026-06-04 13:49
182,3,34,0.619979,32336.95,1.27,32491.29,1.31,2026-06-04 13:49
182,3,35,0.619979,29794.34,1.25,30122.31,1.25,2026-06-04 13:49
182,3,36,0.619979,33570.81,1.28,33514.76,1.29,2026-06-04 13:49
182,3,37,0.619979,27429.44,1.29,27423.39,1.27,2026-06-04 13:49
182,3,38,0.619979,47076.48,1.33,47086.58,1.34,2026-06-04 13:49
182,3,39,0.619979,32183.59,1.31,32165.37,1.32,2026-06-04 13:49
182,3,40,0.619979,31339.57,1.29,31420.33,1.31,2026-06-04 13:49
182,3,41,0.619979,35941.43,1.27,35997.36,1.28,2026-06-04 13:49
182,3,42,0.619979,33028.55,1.29,33196.31,1.3,2026-06-04 13:49
182,3,43,0.619979,31279.62,1.28,31349.01,1.28,2026-06-04 13:49
182,3,44,0.619979,35074.46,1.27,34863.2,1.27,2026-06-04 13:49
182,3,45,0.619979,27437.1,1.25,27438.49,1.28,2026-06-04 13:49
182,3,46,0.619979,31955.51,1.24,31986.52,1.25,2026-06-04 13:49
182,3,47,0.619979,29654.45,1.28,29802.43,1.29,2026-06-04 13:49
182,3,48,0.619979,32363.58,1.32,32681.48,1.32,2026-06-04 13:49
182,3,49,0.619979,36175.01,1.25,35819.17,1.25,2026-06-04 13:50
182,3,50,0.619979,31983.15,1.28,31859.05,1.32,2026-06-04 13:50
182,3,51,0.619979,38538.8,1.3,38892.84,1.32,2026-06-04 13:50
182,3,52,0.619979,32175.09,1.31,32077.86,1.3,2026-06-04 13:50
182,3,53,0.619979,33790.37,1.28,34192.0,1.29,2026-06-04 13:50
182,3,54,0.619979,32210.78,1.28,32221.2,1.29,2026-06-04 13:50
182,3,55,0.619979,33676.78,1.27,32951.72,1.29,2026-06-04 13:50
182,3,56,0.619979,32009.81,1.32,32148.29,1.29,2026-06-04 13:50
182,3,57,0.619979,32856.84,1.27,32598.35,1.27,2026-06-04 13:50
182,3,58,0.619979,33061.1,1.26,33140.2,1.26,2026-06-04 13:50
182,3,59,0.619979,64649.04,1.35,64577.13,1.37,2026-06-04 13:50
182,3,60,0.619979,31860.4,1.26,31393.6,1.3,2026-06-04 13:50
182,3,61,0.619979,33197.61,1.25,32609.73,1.25,2026-06-04 13:50
182,3,62,0.619979,29914.89,1.29,29926.04,1.3,2026-06-04 13:50
182,3,63,0.619979,36724.59,1.35,36597.11,1.31,2026-06-04 13:50
182,3,64,0.619979,38171.77,1.29,37448.52,1.29,2026-06-04 13:50
182,3,65,0.619979,31879.9,1.26,31949.33,1.27,2026-06-04 13:50
182,3,66,0.619979,32591.11,1.3,32511.37,1.33,2026-06-04 13:50
182,3,67,0.619979,40808.08,1.31,40501.45,1.32,2026-06-04 13:50
182,3,68,0.619979,28566.52,1.26,28593.87,1.24,2026-06-04 13:50
182,3,69,0.619979,30427.42,1.22,30357.38,1.24,2026-06-04 13:50
182,3,70,0.619979,43515.03,1.31,43645.15,1.31,2026-06-04 13:50
182,3,71,0.619979,33265.94,1.29,33580.21,1.31,2026-06-04 13:50
182,3,72,0.619979,26074.2,1.25,25693.03,1.24,2026-06-04 13:51
182,3,73,0.619979,39034.77,1.35,38972.06,1.34,2026-06-04 13:51
182,3,74,0.619979,36972.48,1.26,36713.96,1.27,2026-06-04 13:51
182,3,75,0.619979,30141.77,1.27,30006.33,1.27,2026-06-04 13:51
182,3,76,0.619979,35102.24,1.27,35285.14,1.27,2026-06-04 13:51
182,3,77,0.619979,28353.76,1.26,28356.58,1.26,2026-06-04 13:51
182,3,78,0.619979,44774.82,1.31,44778.66,1.28,2026-06-04 13:51
182,3,79,0.619979,36833.29,1.29,36782.27,1.31,2026-06-04 13:51
182,3,80,0.619979,30062.84,1.24,30063.24,1.24,2026-06-04 13:51
182,3,81,0.619979,37838.45,1.3,37837.36,1.3,2026-06-04 13:51
182,3,82,0.619979,52133.04,1.33,52114.28,1.34,2026-06-04 13:51
182,3,83,0.619979,28612.06,1.27,28633.25,1.28,2026-06-04 13:51
182,3,84,0.619979,38776.51,1.33,38412.17,1.3,2026-06-04 13:51
182,3,85,0.619979,30515.99,1.26,30423.16,1.25,2026-06-04 13:51
182,3,86,0.619979,29603.63,1.28,29308.53,1.28,2026-06-04 13:51
182,3,87,0.619979,31641.32,1.27,31731.12,1.29,2026-06-04 13:51
182,3,88,0.619979,45915.46,1.33,45950.07,1.34,2026-06-04 13:51
182,3,89,0.619979,31432.16,1.32,31626.44,1.3,2026-06-04 13:51
182,3,90,0.619979,29522.0,1.26,29713.72,1.26,2026-06-04 13:51
182,3,91,0.619979,38748.25,1.29,38304.64,1.31,2026-06-04 13:51
182,3,92,0.619979,34124.94,1.29,34156.75,1.3,2026-06-04 13:51
182,3,93,0.619979,35508.28,1.3,35358.62,1.31,2026-06-04 13:51
182,3,94,0.619979,33344.12,1.28,33226.93,1.26,2026-06-04 13:51
182,3,95,0.619979,29251.0,1.25,27559.79,1.24,2026-06-04 13:52
182,3,96,0.619979,30315.52,1.25,30730.28,1.32,2026-06-04 13:52
182,3,97,0.619979,37844.93,1.32,37900.19,1.32,2026-06-04 13:52
182,3,98,0.619979,30822.83,1.27,30774.68,1.28,2026-06-04 13:52
182,3,99,0.619979,30872.75,1.26,30861.09,1.26,2026-06-04 13:52
182,3,100,0.619979,31680.38,1.25,31975.63,1.29,2026-06-04 13:52
183,3,1,0.615359,36574.52,1.27,36493.28,1.28,2026-06-04 13:52
183,3,2,0.615359,36692.51,1.32,36375.42,1.34,2026-06-04 13:52
183,3,3,0.615359,35128.55,1.31,36104.9,1.3,2026-06-04 13:52
183,3,4,0.615359,27603.94,1.24,27563.65,1.25,2026-06-04 13:52
183,3,5,0.615359,31457.27,1.24,31438.08,1.25,2026-06-04 13:52
183,3,6,0.615359,44870.68,1.33,44834.27,1.38,2026-06-04 13:52
183,3,7,0.615359,34729.74,1.3,33853.7,1.3,2026-06-04 13:52
183,3,8,0.615359,28039.27,1.26,28252.62,1.28,2026-06-04 13:52
183,3,9,0.615359,32045.75,1.25,31893.81,1.25,2026-06-04 13:52
183,3,10,0.615359,33462.35,1.29,33849.73,1.31,2026-06-04 13:52
183,3,11,0.615359,34646.62,1.3,34860.38,1.33,2026-06-04 13:52
183,3,12,0.615359,30211.58,1.26,30221.81,1.29,2026-06-04 13:52
183,3,13,0.615359,38526.67,1.32,38069.77,1.33,2026-06-04 13:52
183,3,14,0.615359,31651.34,1.27,31657.11,1.32,2026-06-04 13:52
183,3,15,0.615359,33410.77,1.3,33358.84,1.3,2026-06-04 13:52
183,3,16,0.615359,33721.07,1.31,33609.11,1.31,2026-06-04 13:52
183,3,17,0.615359,33328.96,1.31,33280.39,1.28,2026-06-04 13:52
183,3,18,0.615359,33353.43,1.25,33375.15,1.27,2026-06-04 13:53
183,3,19,0.615359,36172.46,1.26,36550.46,1.27,2026-06-04 13:53
183,3,20,0.615359,31405.25,1.27,31483.8,1.27,2026-06-04 13:53
183,3,21,0.615359,33754.46,1.26,33752.68,1.28,2026-06-04 13:53
183,3,22,0.615359,34513.43,1.29,34456.55,1.31,2026-06-04 13:53
183,3,23,0.615359,36727.96,1.3,36662.62,1.28,2026-06-04 13:53
183,3,24,0.615359,32941.55,1.3,32874.38,1.31,2026-06-04 13:53
183,3,25,0.615359,35860.37,1.32,35602.86,1.32,2026-06-04 13:53
183,3,26,0.615359,30076.17,1.25,29999.78,1.27,2026-06-04 13:53
183,3,27,0.615359,33501.79,1.32,33554.67,1.3,2026-06-04 13:53
183,3,28,0.615359,34665.65,1.34,35260.29,1.36,2026-06-04 13:53
183,3,29,0.615359,36001.14,1.29,35905.82,1.29,2026-06-04 13:53
183,3,30,0.615359,32841.71,1.25,32852.12,1.27,2026-06-04 13:53
183,3,31,0.615359,26381.98,1.24,26468.65,1.25,2026-06-04 13:53
183,3,32,0.615359,37066.47,1.28,37846.27,1.29,2026-06-04 13:53
183,3,33,0.615359,35512.18,1.29,35500.43,1.3,2026-06-04 13:53
183,3,34,0.615359,32847.03,1.28,33166.34,1.34,2026-06-04 13:53
183,3,35,0.615359,31097.11,1.26,31077.2,1.26,2026-06-04 13:53
183,3,36,0.615359,33968.14,1.29,34244.59,1.3,2026-06-04 13:53
183,3,37,0.615359,26799.26,1.26,26908.39,1.27,2026-06-04 13:53
183,3,38,0.615359,46999.93,1.34,46637.4,1.35,2026-06-04 13:53
183,3,39,0.615359,30175.93,1.29,30320.15,1.37,2026-06-04 13:53
183,3,40,0.615359,30711.3,1.3,30892.88,1.29,2026-06-04 13:53
183,3,41,0.615359,36295.37,1.29,36102.4,1.28,2026-06-04 13:53
183,3,42,0.615359,33504.59,1.31,33428.29,1.32,2026-06-04 13:54
183,3,43,0.615359,32169.62,1.29,32086.99,1.29,2026-06-04 13:54
183,3,44,0.615359,35008.91,1.26,34900.17,1.28,2026-06-04 13:54
183,3,45,0.615359,27846.11,1.25,27849.51,1.26,2026-06-04 13:54
183,3,46,0.615359,32551.99,1.24,32555.16,1.29,2026-06-04 13:54
183,3,47,0.615359,29120.6,1.28,29071.23,1.29,2026-06-04 13:54
183,3,48,0.615359,37527.62,1.32,37530.09,1.33,2026-06-04 13:54
183,3,49,0.615359,35903.46,1.25,36094.35,1.26,2026-06-04 13:54
183,3,50,0.615359,33041.97,1.29,32809.51,1.3,2026-06-04 13:54
183,3,51,0.615359,38575.73,1.32,38929.77,1.32,2026-06-04 13:54
183,3,52,0.615359,30311.93,1.3,30343.65,1.28,2026-06-04 13:54
183,3,53,0.615359,36339.25,1.32,36696.64,1.33,2026-06-04 13:54
183,3,54,0.615359,32149.4,1.29,32151.45,1.3,2026-06-04 13:54
183,3,55,0.615359,33676.78,1.28,32951.72,1.28,2026-06-04 13:54
183,3,56,0.615359,32031.27,1.31,31947.14,1.29,2026-06-04 13:54
183,3,57,0.615359,33225.71,1.26,33274.71,1.29,2026-06-04 13:54
183,3,58,0.615359,32530.54,1.26,32838.13,1.27,2026-06-04 13:54
183,3,59,0.615359,63072.26,1.35,63246.13,1.35,2026-06-04 13:54
183,3,60,0.615359,29950.81,1.26,29869.0,1.26,2026-06-04 13:54
183,3,61,0.615359,33550.32,1.25,33062.34,1.29,2026-06-04 13:54
183,3,62,0.615359,28961.47,1.27,29369.7,1.28,2026-06-04 13:54
183,3,63,0.615359,33854.41,1.27,33904.58,1.28,2026-06-04 13:54
183,3,64,0.615359,38171.77,1.31,37448.52,1.34,2026-06-04 13:54
183,3,65,0.615359,35964.71,1.31,35310.77,1.3,2026-06-04 13:55
183,3,66,0.615359,32412.42,1.28,32467.98,1.29,2026-06-04 13:55
183,3,67,0.615359,42942.98,1.35,42797.55,1.31,2026-06-04 13:55
183,3,68,0.615359,28190.89,1.24,28533.3,1.25,2026-06-04 13:55
183,3,69,0.615359,31015.12,1.23,31036.52,1.24,2026-06-04 13:55
183,3,70,0.615359,44088.98,1.31,43954.86,1.32,2026-06-04 13:55
183,3,71,0.615359,34763.87,1.28,34833.55,1.29,2026-06-04 13:55
183,3,72,0.615359,26074.2,1.25,25693.03,1.25,2026-06-04 13:55
183,3,73,0.615359,39077.87,1.32,39085.2,1.34,2026-06-04 13:55
183,3,74,0.615359,36364.43,1.29,36477.57,1.26,2026-06-04 13:55
183,3,75,0.615359,30175.03,1.27,30173.37,1.27,2026-06-04 13:55
183,3,76,0.615359,35030.96,1.25,35080.14,1.25,2026-06-04 13:55
183,3,77,0.615359,27983.84,1.26,28090.3,1.27,2026-06-04 13:55
183,3,78,0.615359,44774.82,1.27,44778.66,1.29,2026-06-04 13:55
183,3,79,0.615359,37003.51,1.32,37013.89,1.3,2026-06-04 13:55
183,3,80,0.615359,29932.48,1.24,29823.7,1.26,2026-06-04 13:55
183,3,81,0.615359,38006.51,1.3,38043.77,1.31,2026-06-04 13:55
183,3,82,0.615359,52086.06,1.36,52201.34,1.36,2026-06-04 13:55
183,3,83,0.615359,28671.35,1.28,28583.96,1.32,2026-06-04 13:55
183,3,84,0.615359,38735.77,1.29,38488.82,1.31,2026-06-04 13:55
183,3,85,0.615359,31117.88,1.26,29748.79,1.25,2026-06-04 13:55
183,3,86,0.615359,28401.77,1.27,28496.46,1.28,2026-06-04 13:55
183,3,87,0.615359,30641.28,1.28,30662.72,1.29,2026-06-04 13:55
183,3,88,0.615359,46048.71,1.34,45915.53,1.37,2026-06-04 13:56
183,3,89,0.615359,31999.18,1.29,31992.72,1.3,2026-06-04 13:56
183,3,90,0.615359,29686.02,1.26,29524.57,1.26,2026-06-04 13:56
183,3,91,0.615359,38591.83,1.3,38515.92,1.3,2026-06-04 13:56
183,3,92,0.615359,32791.32,1.28,32702.64,1.3,2026-06-04 13:56
183,3,93,0.615359,36337.43,1.33,36353.55,1.35,2026-06-04 13:56
183,3,94,0.615359,29257.81,1.29,29240.49,1.26,2026-06-04 13:56
183,3,95,0.615359,28615.74,1.25,27798.93,1.27,2026-06-04 13:56
183,3,96,0.615359,30087.95,1.25,30439.74,1.26,2026-06-04 13:56
183,3,97,0.615359,38354.13,1.3,38360.35,1.31,2026-06-04 13:56
183,3,98,0.615359,30969.53,1.27,31206.39,1.28,2026-06-04 13:56
183,3,99,0.615359,30874.33,1.29,31031.33,1.29,2026-06-04 13:56
183,3,100,0.615359,31777.59,1.26,32195.02,1.26,2026-06-04 13:56
184,3,1,0.621516,36567.03,1.28,36485.79,1.29,2026-06-04 13:56
184,3,2,0.621516,35783.42,1.32,36321.43,1.33,2026-06-04 13:56
184,3,3,0.621516,35267.3,1.3,35455.27,1.31,2026-06-04 13:56
184,3,4,0.621516,27257.76,1.27,27234.95,1.25,2026-06-04 13:56
184,3,5,0.621516,31479.98,1.24,31516.07,1.26,2026-06-04 13:56
184,3,6,0.621516,44920.34,1.34,44563.1,1.35,2026-06-04 13:56
184,3,7,0.621516,34083.36,1.29,33276.08,1.3,2026-06-04 13:56
184,3,8,0.621516,28500.19,1.26,28346.53,1.27,2026-06-04 13:56
184,3,9,0.621516,31661.72,1.24,32028.34,1.26,2026-06-04 13:56
184,3,10,0.621516,33859.91,1.3,33740.77,1.35,2026-06-04 13:56
184,3,11,0.621516,34646.62,1.29,34860.38,1.31,2026-06-04 13:57
184,3,12,0.621516,30171.9,1.28,30088.96,1.29,2026-06-04 13:57
184,3,13,0.621516,34505.77,1.3,34639.16,1.31,2026-06-04 13:57
184,3,14,0.621516,30912.33,1.27,31161.48,1.28,2026-06-04 13:57
184,3,15,0.621516,33319.64,1.3,33383.1,1.29,2026-06-04 13:57
184,3,16,0.621516,32776.67,1.33,32622.51,1.32,2026-06-04 13:57
184,3,17,0.621516,33601.75,1.28,33844.58,1.29,2026-06-04 13:57
184,3,18,0.621516,33606.67,1.25,33673.41,1.26,2026-06-04 13:57
184,3,19,0.621516,36446.53,1.26,35953.95,1.27,2026-06-04 13:57
184,3,20,0.621516,31015.53,1.26,30941.11,1.28,2026-06-04 13:57
184,3,21,0.621516,34086.48,1.27,34092.02,1.29,2026-06-04 13:57
184,3,22,0.621516,34927.6,1.32,34629.2,1.3,2026-06-04 13:57
184,3,23,0.621516,36071.66,1.26,37230.45,1.27,2026-06-04 13:57
184,3,24,0.621516,33079.25,1.31,33000.4,1.31,2026-06-04 13:57
184,3,25,0.621516,35960.43,1.32,35705.47,1.32,2026-06-04 13:57
184,3,26,0.621516,30921.42,1.28,30868.13,1.28,2026-06-04 13:57
184,3,27,0.621516,33167.39,1.28,33338.84,1.32,2026-06-04 13:57
184,3,28,0.621516,34411.15,1.32,34409.37,1.32,2026-06-04 13:57
184,3,29,0.621516,36316.46,1.29,36030.66,1.29,2026-06-04 13:57
184,3,30,0.621516,32899.88,1.26,33373.71,1.28,2026-06-04 13:57
184,3,31,0.621516,25946.12,1.29,26852.64,1.28,2026-06-04 13:57
184,3,32,0.621516,38630.63,1.3,36974.38,1.28,2026-06-04 13:57
184,3,33,0.621516,36244.18,1.33,36085.35,1.3,2026-06-04 13:57
184,3,34,0.621516,32340.86,1.29,32238.42,1.29,2026-06-04 13:57
184,3,35,0.621516,31102.19,1.26,31167.27,1.27,2026-06-04 13:58
184,3,36,0.621516,33806.51,1.29,34152.95,1.29,2026-06-04 13:58
184,3,37,0.621516,26574.59,1.26,26550.06,1.27,2026-06-04 13:58
184,3,38,0.621516,47697.91,1.35,47388.17,1.38,2026-06-04 13:58
184,3,39,0.621516,31253.92,1.29,31350.08,1.3,2026-06-04 13:58
184,3,40,0.621516,30837.27,1.28,30833.53,1.29,2026-06-04 13:58
184,3,41,0.621516,36125.84,1.27,36004.8,1.28,2026-06-04 13:58
184,3,42,0.621516,33347.34,1.31,33314.16,1.32,2026-06-04 13:58
184,3,43,0.621516,30927.74,1.3,30970.51,1.34,2026-06-04 13:58
184,3,44,0.621516,35525.34,1.34,35775.32,1.29,2026-06-04 13:58
184,3,45,0.621516,28258.1,1.25,28257.1,1.26,2026-06-04 13:58
184,3,46,0.621516,31538.89,1.23,31528.03,1.25,2026-06-04 13:58
184,3,47,0.621516,29638.49,1.28,29679.67,1.3,2026-06-04 13:58
184,3,48,0.621516,36958.01,1.33,36967.16,1.34,2026-06-04 13:58
184,3,49,0.621516,35968.95,1.26,36057.88,1.26,2026-06-04 13:58
184,3,50,0.621516,32997.24,1.3,33037.86,1.3,2026-06-04 13:58
184,3,51,0.621516,38899.72,1.33,38479.46,1.3,2026-06-04 13:58
184,3,52,0.621516,28788.76,1.25,28735.97,1.26,2026-06-04 13:58
184,3,53,0.621516,32315.0,1.27,31910.12,1.29,2026-06-04 13:58
184,3,54,0.621516,32644.62,1.29,32708.81,1.29,2026-06-04 13:58
184,3,55,0.621516,32553.79,1.28,31964.3,1.29,2026-06-04 13:58
184,3,56,0.621516,31673.47,1.27,31816.91,1.29,2026-06-04 13:58
184,3,57,0.621516,33034.33,1.3,33011.58,1.28,2026-06-04 13:58
184,3,58,0.621516,31822.57,1.26,32003.62,1.27,2026-06-04 13:59
184,3,59,0.621516,64886.99,1.36,65076.73,1.37,2026-06-04 13:59
184,3,60,0.621516,29901.61,1.26,29916.18,1.26,2026-06-04 13:59
184,3,61,0.621516,32645.8,1.25,32625.34,1.26,2026-06-04 13:59
184,3,62,0.621516,27846.81,1.27,27719.29,1.33,2026-06-04 13:59
184,3,63,0.621516,35565.46,1.32,34478.35,1.28,2026-06-04 13:59
184,3,64,0.621516,37708.05,1.29,37757.34,1.3,2026-06-04 13:59
184,3,65,0.621516,31509.81,1.28,31555.34,1.29,2026-06-04 13:59
184,3,66,0.621516,33305.83,1.3,33270.9,1.3,2026-06-04 13:59
184,3,67,0.621516,44640.62,1.35,45299.63,1.32,2026-06-04 13:59
184,3,68,0.621516,28455.72,1.24,28462.16,1.25,2026-06-04 13:59
184,3,69,0.621516,30123.11,1.22,29900.04,1.22,2026-06-04 13:59
184,3,70,0.621516,44015.96,1.32,44035.66,1.33,2026-06-04 13:59
184,3,71,0.621516,34763.87,1.28,34833.55,1.29,2026-06-04 13:59
184,3,72,0.621516,25225.27,1.24,25154.49,1.27,2026-06-04 13:59
184,3,73,0.621516,38416.08,1.31,38279.76,1.32,2026-06-04 13:59
184,3,74,0.621516,36755.59,1.27,36872.54,1.3,2026-06-04 13:59
184,3,75,0.621516,31305.52,1.31,31503.9,1.3,2026-06-04 13:59
184,3,76,0.621516,33952.34,1.27,34087.8,1.27,2026-06-04 13:59
184,3,77,0.621516,26927.55,1.3,26666.92,1.27,2026-06-04 13:59
184,3,78,0.621516,44721.04,1.29,45004.18,1.29,2026-06-04 13:59
184,3,79,0.621516,37050.46,1.29,36918.38,1.29,2026-06-04 13:59
184,3,80,0.621516,29880.59,1.24,29573.8,1.25,2026-06-04 13:59
184,3,81,0.621516,37397.5,1.3,37333.36,1.31,2026-06-04 14:00
184,3,82,0.621516,49352.97,1.32,49477.93,1.32,2026-06-04 14:00
184,3,83,0.621516,28671.35,1.31,28583.96,1.28,2026-06-04 14:00
184,3,84,0.621516,37803.88,1.29,37339.53,1.29,2026-06-04 14:00
184,3,85,0.621516,30866.03,1.25,29873.87,1.26,2026-06-04 14:00
184,3,86,0.621516,30935.21,1.27,30801.37,1.3,2026-06-04 14:00
184,3,87,0.621516,30876.02,1.29,30943.55,1.31,2026-06-04 14:00
184,3,88,0.621516,46563.98,1.34,46560.63,1.38,2026-06-04 14:00
184,3,89,0.621516,32780.05,1.33,32895.88,1.3,2026-06-04 14:00
184,3,90,0.621516,29381.11,1.26,29338.91,1.27,2026-06-04 14:00
184,3,91,0.621516,42864.37,1.3,42196.51,1.31,2026-06-04 14:00
184,3,92,0.621516,32676.18,1.29,32563.63,1.29,2026-06-04 14:00
184,3,93,0.621516,33751.17,1.3,33723.79,1.31,2026-06-04 14:00
184,3,94,0.621516,30364.54,1.27,30223.7,1.3,2026-06-04 14:00
184,3,95,0.621516,29185.87,1.26,28644.55,1.3,2026-06-04 14:00
184,3,96,0.621516,29607.8,1.25,29135.29,1.25,2026-06-04 14:00
184,3,97,0.621516,37824.03,1.31,37480.92,1.32,2026-06-04 14:00
184,3,98,0.621516,31192.24,1.27,31388.74,1.31,2026-06-04 14:00
184,3,99,0.621516,31092.61,1.26,31014.82,1.27,2026-06-04 14:00
184,3,100,0.621516,31753.92,1.26,32096.96,1.28,2026-06-04 14:00
185,3,1,0.622009,36646.06,1.29,36645.87,1.29,2026-06-04 14:00
185,3,2,0.622009,35518.75,1.31,35377.93,1.35,2026-06-04 14:00
185,3,3,0.622009,35270.57,1.3,35135.26,1.31,2026-06-04 14:00
185,3,4,0.622009,28063.88,1.24,27250.77,1.27,2026-06-04 14:01
185,3,5,0.622009,31105.13,1.27,31061.78,1.27,2026-06-04 14:01
185,3,6,0.622009,43743.59,1.33,43748.22,1.34,2026-06-04 14:01
185,3,7,0.622009,33176.2,1.29,33498.14,1.29,2026-06-04 14:01
185,3,8,0.622009,31596.32,1.25,31539.09,1.29,2026-06-04 14:01
185,3,9,0.622009,31801.66,1.25,31955.37,1.25,2026-06-04 14:01
185,3,10,0.622009,33753.45,1.32,33746.0,1.31,2026-06-04 14:01
185,3,11,0.622009,34616.08,1.29,34898.98,1.32,2026-06-04 14:01
185,3,12,0.622009,29971.79,1.28,30287.37,1.29,2026-06-04 14:01
185,3,13,0.622009,34660.74,1.3,35269.61,1.31,2026-06-04 14:01
185,3,14,0.622009,32464.46,1.28,32257.64,1.3,2026-06-04 14:01
185,3,15,0.622009,33306.69,1.28,33425.46,1.29,2026-06-04 14:01
185,3,16,0.622009,32946.61,1.3,32754.33,1.31,2026-06-04 14:01
185,3,17,0.622009,33642.49,1.28,33734.68,1.29,2026-06-04 14:01
185,3,18,0.622009,33757.12,1.26,33758.98,1.27,2026-06-04 14:01
185,3,19,0.622009,38886.34,1.28,38886.38,1.31,2026-06-04 14:01
185,3,20,0.622009,31340.28,1.27,31338.08,1.27,2026-06-04 14:01
185,3,21,0.622009,33876.06,1.28,33761.5,1.28,2026-06-04 14:01
185,3,22,0.622009,33863.25,1.31,33654.06,1.31,2026-06-04 14:01
185,3,23,0.622009,38216.84,1.28,37950.07,1.29,2026-06-04 14:01
185,3,24,0.622009,33238.47,1.3,33276.48,1.35,2026-06-04 14:01
185,3,25,0.622009,31725.88,1.35,31728.51,1.33,2026-06-04 14:01
185,3,26,0.622009,30692.83,1.27,30751.15,1.33,2026-06-04 14:01
185,3,27,0.622009,33359.61,1.28,32873.11,1.29,2026-06-04 14:01
185,3,28,0.622009,34197.32,1.33,34506.59,1.37,2026-06-04 14:02
185,3,29,0.622009,36195.35,1.41,36205.84,1.41,2026-06-04 14:02
185,3,30,0.622009,33125.74,1.27,33099.72,1.27,2026-06-04 14:02
185,3,31,0.622009,25946.12,1.24,26852.64,1.28,2026-06-04 14:02
185,3,32,0.622009,38605.36,1.29,38710.83,1.3,2026-06-04 14:02
185,3,33,0.622009,36151.44,1.29,36145.7,1.3,2026-06-04 14:02
185,3,34,0.622009,32721.6,1.29,32927.63,1.3,2026-06-04 14:02
185,3,35,0.622009,31254.12,1.27,31304.36,1.28,2026-06-04 14:02
185,3,36,0.622009,35636.99,1.32,35646.85,1.35,2026-06-04 14:02
185,3,37,0.622009,24625.9,1.25,24649.7,1.26,2026-06-04 14:02
185,3,38,0.622009,46900.14,1.34,46699.74,1.35,2026-06-04 14:02
185,3,39,0.622009,31132.82,1.3,31007.05,1.3,2026-06-04 14:02
185,3,40,0.622009,31020.59,1.28,31018.77,1.28,2026-06-04 14:02
185,3,41,0.622009,35905.79,1.29,35934.25,1.29,2026-06-04 14:02
185,3,42,0.622009,33187.55,1.31,33063.54,1.35,2026-06-04 14:02
185,3,43,0.622009,30421.34,1.29,30317.41,1.3,2026-06-04 14:02
185,3,44,0.622009,35815.63,1.3,35691.0,1.3,2026-06-04 14:02
185,3,45,0.622009,27417.71,1.25,27467.53,1.24,2026-06-04 14:02
185,3,46,0.622009,27691.77,1.22,27706.57,1.22,2026-06-04 14:02
185,3,47,0.622009,27929.03,1.35,27960.24,1.33,2026-06-04 14:02
185,3,48,0.622009,37816.46,1.38,37841.82,1.37,2026-06-04 14:02
185,3,49,0.622009,36157.45,1.27,36240.59,1.26,2026-06-04 14:02
185,3,50,0.622009,33453.23,1.3,32913.19,1.3,2026-06-04 14:02
185,3,51,0.622009,39037.54,1.3,38826.66,1.31,2026-06-04 14:03
185,3,52,0.622009,28553.56,1.27,28473.81,1.27,2026-06-04 14:03
185,3,53,0.622009,32320.02,1.28,31915.14,1.28,2026-06-04 14:03
185,3,54,0.622009,32026.35,1.29,31792.81,1.33,2026-06-04 14:03
185,3,55,0.622009,32197.06,1.28,32236.23,1.28,2026-06-04 14:03
185,3,56,0.622009,31835.9,1.29,31125.01,1.28,2026-06-04 14:03
185,3,57,0.622009,33075.69,1.28,33184.74,1.28,2026-06-04 14:03
185,3,58,0.622009,31991.77,1.27,31754.79,1.28,2026-06-04 14:03
185,3,59,0.622009,64645.6,1.37,64691.55,1.38,2026-06-04 14:03
185,3,60,0.622009,29901.61,1.26,29916.18,1.3,2026-06-04 14:03
185,3,61,0.622009,32643.79,1.25,32618.2,1.26,2026-06-04 14:03
185,3,62,0.622009,28795.85,1.25,29153.2,1.27,2026-06-04 14:03
185,3,63,0.622009,34244.25,1.29,34602.62,1.29,2026-06-04 14:03
185,3,64,0.622009,37253.45,1.29,37889.76,1.31,2026-06-04 14:03
185,3,65,0.622009,34650.77,1.29,35366.52,1.32,2026-06-04 14:03
185,3,66,0.622009,32654.17,1.28,32790.36,1.3,2026-06-04 14:03
185,3,67,0.622009,44209.61,1.32,44560.72,1.33,2026-06-04 14:03
185,3,68,0.622009,30947.87,1.26,30498.53,1.27,2026-06-04 14:03
185,3,69,0.622009,29089.22,1.25,29029.12,1.29,2026-06-04 14:03
185,3,70,0.622009,43288.74,1.33,43291.79,1.33,2026-06-04 14:03
185,3,71,0.622009,34068.23,1.27,35066.41,1.31,2026-06-04 14:03
185,3,72,0.622009,25225.47,1.23,25154.69,1.25,2026-06-04 14:03
185,3,73,0.622009,35882.67,1.29,36106.14,1.31,2026-06-04 14:03
185,3,74,0.622009,35941.57,1.26,35826.63,1.27,2026-06-04 14:04
185,3,75,0.622009,32626.42,1.28,32566.04,1.28,2026-06-04 14:04
185,3,76,0.622009,34079.64,1.27,34105.77,1.28,2026-06-04 14:04
185,3,77,0.622009,26801.1,1.26,26827.15,1.26,2026-06-04 14:04
185,3,78,0.622009,44548.75,1.31,43986.5,1.29,2026-06-04 14:04
185,3,79,0.622009,37104.33,1.29,37106.89,1.31,2026-06-04 14:04
185,3,80,0.622009,29527.35,1.24,29181.43,1.25,2026-06-04 14:04
185,3,81,0.622009,39747.39,1.31,39755.09,1.32,2026-06-04 14:04
185,3,82,0.622009,48784.8,1.37,49251.53,1.36,2026-06-04 14:04
185,3,83,0.622009,28578.8,1.28,28747.56,1.29,2026-06-04 14:04
185,3,84,0.622009,36733.72,1.29,36715.73,1.32,2026-06-04 14:04
185,3,85,0.622009,30367.05,1.26,30899.69,1.26,2026-06-04 14:04
185,3,86,0.622009,29286.4,1.28,29192.43,1.28,2026-06-04 14:04
185,3,87,0.622009,30193.32,1.28,30182.62,1.29,2026-06-04 14:04
185,3,88,0.622009,46469.53,1.35,47047.95,1.37,2026-06-04 14:04
185,3,89,0.622009,31835.62,1.28,31569.11,1.3,2026-06-04 14:04
185,3,90,0.622009,28853.68,1.3,28866.58,1.27,2026-06-04 14:04
185,3,91,0.622009,43154.96,1.3,43378.61,1.32,2026-06-04 14:04
185,3,92,0.622009,32130.74,1.28,32179.93,1.29,2026-06-04 14:04
185,3,93,0.622009,35005.81,1.3,34582.1,1.3,2026-06-04 14:04
185,3,94,0.622009,29378.84,1.27,29397.22,1.27,2026-06-04 14:04
185,3,95,0.622009,30367.35,1.26,30472.91,1.27,2026-06-04 14:04
185,3,96,0.622009,28966.42,1.27,29089.97,1.24,2026-06-04 14:04
185,3,97,0.622009,38004.16,1.31,38305.64,1.33,2026-06-04 14:05
185,3,98,0.622009,30042.5,1.26,29662.02,1.26,2026-06-04 14:05
185,3,99,0.622009,31230.73,1.26,31410.73,1.27,2026-06-04 14:05
185,3,100,0.622009,31818.58,1.25,32143.71,1.26,2026-06-04 14:05
